report_date,origin,product,trim_pct,delivery,region,price_low,price_high,unit,basis,source_url
2018-11-21,AUSTRALIA AND NEW ZEALAND,Beef Trim,85,0-15 Days,East Coast,,,USD/cwt,FOB/TIS,https://esmis.nal.usda.gov/sites/default/release-files/c821gj77m/h128nj35k/dz010t31f/NW_LS421.TXT
2018-11-21,AUSTRALIA AND NEW ZEALAND,Beef Trim,80,0-15 Days,East Coast,,,USD/cwt,FOB/TIS,https://esmis.nal.usda.gov/sites/default/release-files/c821gj77m/h128nj35k/dz010t31f/NW_LS421.TXT
2018-11-21,AUSTRALIA AND NEW ZEALAND,Beef Trim,75,0-15 Days,East Coast,,,USD/cwt,FOB/TIS,https://esmis.nal.usda.gov/sites/default/release-files/c821gj77m/h128nj35k/dz010t31f/NW_LS421.TXT
2018-11-21,AUSTRALIA AND NEW ZEALAND,Beef Trim,70,0-15 Days,East Coast,,,USD/cwt,FOB/TIS,https://esmis.nal.usda.gov/sites/default/release-files/c821gj77m/h128nj35k/dz010t31f/NW_LS421.TXT
2018-11-21,AUSTRALIA AND NEW ZEALAND,Beef Trim,65,0-15 Days,East Coast,,,USD/cwt,FOB/TIS,https://esmis.nal.usda.gov/sites/default/release-files/c821gj77m/h128nj35k/dz010t31f/NW_LS421.TXT
2018-11-21,URUGUAY,Beef Trim,85,0-15 Days,,,,USD/cwt,FOB/TIS,https://esmis.nal.usda.gov/sites/default/release-files/c821gj77m/h128nj35k/dz010t31f/NW_LS421.TXT
2018-11-21,URUGUAY,Beef Trim,80,0-15 Days,,,,USD/cwt,FOB/TIS,https://esmis.nal.usda.gov/sites/default/release-files/c821gj77m/h128nj35k/dz010t31f/NW_LS421.TXT
2018-11-21,URUGUAY,Beef Trim,75,0-15 Days,,,,USD/cwt,FOB/TIS,https://esmis.nal.usda.gov/sites/default/release-files/c821gj77m/h128nj35k/dz010t31f/NW_LS421.TXT
2018-11-28,AUSTRALIA AND NEW ZEALAND,Beef Trim,85,0-15 Days,East Coast,182.00,182.50,USD/cwt,FOB/TIS,https://esmis.nal.usda.gov/sites/default/release-files/c821gj77m/zc77st54n/zk51vm209/NW_LS421.TXT
2018-11-28,AUSTRALIA AND NEW ZEALAND,Beef Trim,80,0-15 Days,East Coast,,,USD/cwt,FOB/TIS,https://esmis.nal.usda.gov/sites/default/release-files/c821gj77m/zc77st54n/zk51vm209/NW_LS421.TXT
2018-11-28,AUSTRALIA AND NEW ZEALAND,Beef Trim,75,0-15 Days,East Coast,,,USD/cwt,FOB/TIS,https://esmis.nal.usda.gov/sites/default/release-files/c821gj77m/zc77st54n/zk51vm209/NW_LS421.TXT
2018-11-28,AUSTRALIA AND NEW ZEALAND,Beef Trim,70,0-15 Days,East Coast,,,USD/cwt,FOB/TIS,https://esmis.nal.usda.gov/sites/default/release-files/c821gj77m/zc77st54n/zk51vm209/NW_LS421.TXT
2018-11-28,AUSTRALIA AND NEW ZEALAND,Beef Trim,65,0-15 Days,East Coast,,,USD/cwt,FOB/TIS,https://esmis.nal.usda.gov/sites/default/release-files/c821gj77m/zc77st54n/zk51vm209/NW_LS421.TXT
2018-11-28,URUGUAY,Beef Trim,85,0-15 Days,,,,USD/cwt,FOB/TIS,https://esmis.nal.usda.gov/sites/default/release-files/c821gj77m/zc77st54n/zk51vm209/NW_LS421.TXT
2018-11-28,URUGUAY,Beef Trim,80,0-15 Days,,,,USD/cwt,FOB/TIS,https://esmis.nal.usda.gov/sites/default/release-files/c821gj77m/zc77st54n/zk51vm209/NW_LS421.TXT
2018-11-28,URUGUAY,Beef Trim,75,0-15 Days,,,,USD/cwt,FOB/TIS,https://esmis.nal.usda.gov/sites/default/release-files/c821gj77m/zc77st54n/zk51vm209/NW_LS421.TXT
2018-11-30,AUSTRALIA AND NEW ZEALAND,Beef Trim,85,0-15 Days,East Coast,182.00,182.50,USD/cwt,FOB/TIS,https://esmis.nal.usda.gov/sites/default/release-files/c821gj77m/jm214s98z/mc87pt890/NW_LS421.TXT
2018-11-30,AUSTRALIA AND NEW ZEALAND,Beef Trim,80,0-15 Days,East Coast,,,USD/cwt,FOB/TIS,https://esmis.nal.usda.gov/sites/default/release-files/c821gj77m/jm214s98z/mc87pt890/NW_LS421.TXT
2018-11-30,AUSTRALIA AND NEW ZEALAND,Beef Trim,75,0-15 Days,East Coast,,,USD/cwt,FOB/TIS,https://esmis.nal.usda.gov/sites/default/release-files/c821gj77m/jm214s98z/mc87pt890/NW_LS421.TXT
2018-11-30,AUSTRALIA AND NEW ZEALAND,Beef Trim,70,0-15 Days,East Coast,,,USD/cwt,FOB/TIS,https://esmis.nal.usda.gov/sites/default/release-files/c821gj77m/jm214s98z/mc87pt890/NW_LS421.TXT
2018-11-30,AUSTRALIA AND NEW ZEALAND,Beef Trim,65,0-15 Days,East Coast,,,USD/cwt,FOB/TIS,https://esmis.nal.usda.gov/sites/default/release-files/c821gj77m/jm214s98z/mc87pt890/NW_LS421.TXT
2018-11-30,URUGUAY,Beef Trim,85,0-15 Days,,,,USD/cwt,FOB/TIS,https://esmis.nal.usda.gov/sites/default/release-files/c821gj77m/jm214s98z/mc87pt890/NW_LS421.TXT
2018-11-30,URUGUAY,Beef Trim,80,0-15 Days,,,,USD/cwt,FOB/TIS,https://esmis.nal.usda.gov/sites/default/release-files/c821gj77m/jm214s98z/mc87pt890/NW_LS421.TXT
2018-11-30,URUGUAY,Beef Trim,75,0-15 Days,,,,USD/cwt,FOB/TIS,https://esmis.nal.usda.gov/sites/default/release-files/c821gj77m/jm214s98z/mc87pt890/NW_LS421.TXT
2018-12-05,AUSTRALIA AND NEW ZEALAND,Beef Trim,85,0-15 Days,East Coast,,,USD/cwt,FOB/TIS,https://esmis.nal.usda.gov/sites/default/release-files/c821gj77m/9k41zj11p/bc386p12g/NW_LS421.TXT
2018-12-05,AUSTRALIA AND NEW ZEALAND,Beef Trim,80,0-15 Days,East Coast,,,USD/cwt,FOB/TIS,https://esmis.nal.usda.gov/sites/default/release-files/c821gj77m/9k41zj11p/bc386p12g/NW_LS421.TXT
2018-12-05,AUSTRALIA AND NEW ZEALAND,Beef Trim,75,0-15 Days,East Coast,,,USD/cwt,FOB/TIS,https://esmis.nal.usda.gov/sites/default/release-files/c821gj77m/9k41zj11p/bc386p12g/NW_LS421.TXT
2018-12-05,AUSTRALIA AND NEW ZEALAND,Beef Trim,70,0-15 Days,East Coast,,,USD/cwt,FOB/TIS,https://esmis.nal.usda.gov/sites/default/release-files/c821gj77m/9k41zj11p/bc386p12g/NW_LS421.TXT
2018-12-05,AUSTRALIA AND NEW ZEALAND,Beef Trim,65,0-15 Days,East Coast,,,USD/cwt,FOB/TIS,https://esmis.nal.usda.gov/sites/default/release-files/c821gj77m/9k41zj11p/bc386p12g/NW_LS421.TXT
2018-12-05,URUGUAY,Beef Trim,85,0-15 Days,,,,USD/cwt,FOB/TIS,https://esmis.nal.usda.gov/sites/default/release-files/c821gj77m/9k41zj11p/bc386p12g/NW_LS421.TXT
2018-12-05,URUGUAY,Beef Trim,80,0-15 Days,,,,USD/cwt,FOB/TIS,https://esmis.nal.usda.gov/sites/default/release-files/c821gj77m/9k41zj11p/bc386p12g/NW_LS421.TXT
2018-12-05,URUGUAY,Beef Trim,75,0-15 Days,,,,USD/cwt,FOB/TIS,https://esmis.nal.usda.gov/sites/default/release-files/c821gj77m/9k41zj11p/bc386p12g/NW_LS421.TXT
2018-12-07,AUSTRALIA AND NEW ZEALAND,Beef Trim,85,0-15 Days,East Coast,,,USD/cwt,FOB/TIS,https://esmis.nal.usda.gov/sites/default/release-files/c821gj77m/mw22v930s/d791sm00n/NW_LS421.TXT
2018-12-07,AUSTRALIA AND NEW ZEALAND,Beef Trim,80,0-15 Days,East Coast,,,USD/cwt,FOB/TIS,https://esmis.nal.usda.gov/sites/default/release-files/c821gj77m/mw22v930s/d791sm00n/NW_LS421.TXT
2018-12-07,AUSTRALIA AND NEW ZEALAND,Beef Trim,75,0-15 Days,East Coast,,,USD/cwt,FOB/TIS,https://esmis.nal.usda.gov/sites/default/release-files/c821gj77m/mw22v930s/d791sm00n/NW_LS421.TXT
2018-12-07,AUSTRALIA AND NEW ZEALAND,Beef Trim,70,0-15 Days,East Coast,,,USD/cwt,FOB/TIS,https://esmis.nal.usda.gov/sites/default/release-files/c821gj77m/mw22v930s/d791sm00n/NW_LS421.TXT
2018-12-07,AUSTRALIA AND NEW ZEALAND,Beef Trim,65,0-15 Days,East Coast,,,USD/cwt,FOB/TIS,https://esmis.nal.usda.gov/sites/default/release-files/c821gj77m/mw22v930s/d791sm00n/NW_LS421.TXT
2018-12-07,URUGUAY,Beef Trim,85,0-15 Days,,,,USD/cwt,FOB/TIS,https://esmis.nal.usda.gov/sites/default/release-files/c821gj77m/mw22v930s/d791sm00n/NW_LS421.TXT
2018-12-07,URUGUAY,Beef Trim,80,0-15 Days,,,,USD/cwt,FOB/TIS,https://esmis.nal.usda.gov/sites/default/release-files/c821gj77m/mw22v930s/d791sm00n/NW_LS421.TXT
2018-12-07,URUGUAY,Beef Trim,75,0-15 Days,,,,USD/cwt,FOB/TIS,https://esmis.nal.usda.gov/sites/default/release-files/c821gj77m/mw22v930s/d791sm00n/NW_LS421.TXT
2018-12-12,AUSTRALIA AND NEW ZEALAND,Beef Trim,85,0-15 Days,East Coast,189.00,190.00,USD/cwt,FOB/TIS,https://esmis.nal.usda.gov/sites/default/release-files/c821gj77m/zp38wh36q/3n204328m/NW_LS421.TXT
2018-12-12,AUSTRALIA AND NEW ZEALAND,Beef Trim,85,0-15 Days,East Coast,189.00,190.00,USD/cwt,FOB/TIS,https://esmis.nal.usda.gov/sites/default/release-files/c821gj77m/cc08hk477/f4752m715/NW_LS421.TXT
2018-12-12,AUSTRALIA AND NEW ZEALAND,Beef Trim,80,0-15 Days,East Coast,,,USD/cwt,FOB/TIS,https://esmis.nal.usda.gov/sites/default/release-files/c821gj77m/zp38wh36q/3n204328m/NW_LS421.TXT
2018-12-12,AUSTRALIA AND NEW ZEALAND,Beef Trim,80,0-15 Days,East Coast,,,USD/cwt,FOB/TIS,https://esmis.nal.usda.gov/sites/default/release-files/c821gj77m/cc08hk477/f4752m715/NW_LS421.TXT
2018-12-12,AUSTRALIA AND NEW ZEALAND,Beef Trim,75,0-15 Days,East Coast,,,USD/cwt,FOB/TIS,https://esmis.nal.usda.gov/sites/default/release-files/c821gj77m/zp38wh36q/3n204328m/NW_LS421.TXT
2018-12-12,AUSTRALIA AND NEW ZEALAND,Beef Trim,75,0-15 Days,East Coast,,,USD/cwt,FOB/TIS,https://esmis.nal.usda.gov/sites/default/release-files/c821gj77m/cc08hk477/f4752m715/NW_LS421.TXT
2018-12-12,AUSTRALIA AND NEW ZEALAND,Beef Trim,70,0-15 Days,East Coast,,,USD/cwt,FOB/TIS,https://esmis.nal.usda.gov/sites/default/release-files/c821gj77m/zp38wh36q/3n204328m/NW_LS421.TXT
2018-12-12,AUSTRALIA AND NEW ZEALAND,Beef Trim,70,0-15 Days,East Coast,,,USD/cwt,FOB/TIS,https://esmis.nal.usda.gov/sites/default/release-files/c821gj77m/cc08hk477/f4752m715/NW_LS421.TXT
2018-12-12,AUSTRALIA AND NEW ZEALAND,Beef Trim,65,0-15 Days,East Coast,,,USD/cwt,FOB/TIS,https://esmis.nal.usda.gov/sites/default/release-files/c821gj77m/zp38wh36q/3n204328m/NW_LS421.TXT
2018-12-12,AUSTRALIA AND NEW ZEALAND,Beef Trim,65,0-15 Days,East Coast,,,USD/cwt,FOB/TIS,https://esmis.nal.usda.gov/sites/default/release-files/c821gj77m/cc08hk477/f4752m715/NW_LS421.TXT
2018-12-12,URUGUAY,Beef Trim,85,0-15 Days,,,,USD/cwt,FOB/TIS,https://esmis.nal.usda.gov/sites/default/release-files/c821gj77m/zp38wh36q/3n204328m/NW_LS421.TXT
2018-12-12,URUGUAY,Beef Trim,85,0-15 Days,,,,USD/cwt,FOB/TIS,https://esmis.nal.usda.gov/sites/default/release-files/c821gj77m/cc08hk477/f4752m715/NW_LS421.TXT
2018-12-12,URUGUAY,Beef Trim,80,0-15 Days,,,,USD/cwt,FOB/TIS,https://esmis.nal.usda.gov/sites/default/release-files/c821gj77m/zp38wh36q/3n204328m/NW_LS421.TXT
2018-12-12,URUGUAY,Beef Trim,80,0-15 Days,,,,USD/cwt,FOB/TIS,https://esmis.nal.usda.gov/sites/default/release-files/c821gj77m/cc08hk477/f4752m715/NW_LS421.TXT
2018-12-12,URUGUAY,Beef Trim,75,0-15 Days,,,,USD/cwt,FOB/TIS,https://esmis.nal.usda.gov/sites/default/release-files/c821gj77m/zp38wh36q/3n204328m/NW_LS421.TXT
2018-12-12,URUGUAY,Beef Trim,75,0-15 Days,,,,USD/cwt,FOB/TIS,https://esmis.nal.usda.gov/sites/default/release-files/c821gj77m/cc08hk477/f4752m715/NW_LS421.TXT
2018-12-14,AUSTRALIA AND NEW ZEALAND,Beef Trim,85,0-15 Days,East Coast,189.00,190.00,USD/cwt,FOB/TIS,https://esmis.nal.usda.gov/sites/default/release-files/c821gj77m/dr26z221z/mp48sh87f/NW_LS421.TXT
2018-12-14,AUSTRALIA AND NEW ZEALAND,Beef Trim,80,0-15 Days,East Coast,,,USD/cwt,FOB/TIS,https://esmis.nal.usda.gov/sites/default/release-files/c821gj77m/dr26z221z/mp48sh87f/NW_LS421.TXT
2018-12-14,AUSTRALIA AND NEW ZEALAND,Beef Trim,75,0-15 Days,East Coast,,,USD/cwt,FOB/TIS,https://esmis.nal.usda.gov/sites/default/release-files/c821gj77m/dr26z221z/mp48sh87f/NW_LS421.TXT
2018-12-14,AUSTRALIA AND NEW ZEALAND,Beef Trim,70,0-15 Days,East Coast,,,USD/cwt,FOB/TIS,https://esmis.nal.usda.gov/sites/default/release-files/c821gj77m/dr26z221z/mp48sh87f/NW_LS421.TXT
2018-12-14,AUSTRALIA AND NEW ZEALAND,Beef Trim,65,0-15 Days,East Coast,,,USD/cwt,FOB/TIS,https://esmis.nal.usda.gov/sites/default/release-files/c821gj77m/dr26z221z/mp48sh87f/NW_LS421.TXT
2018-12-14,URUGUAY,Beef Trim,85,0-15 Days,,,,USD/cwt,FOB/TIS,https://esmis.nal.usda.gov/sites/default/release-files/c821gj77m/dr26z221z/mp48sh87f/NW_LS421.TXT
2018-12-14,URUGUAY,Beef Trim,80,0-15 Days,,,,USD/cwt,FOB/TIS,https://esmis.nal.usda.gov/sites/default/release-files/c821gj77m/dr26z221z/mp48sh87f/NW_LS421.TXT
2018-12-14,URUGUAY,Beef Trim,75,0-15 Days,,,,USD/cwt,FOB/TIS,https://esmis.nal.usda.gov/sites/default/release-files/c821gj77m/dr26z221z/mp48sh87f/NW_LS421.TXT
2018-12-19,AUSTRALIA AND NEW ZEALAND,Beef Trim,85,0-15 Days,East Coast,,,USD/cwt,FOB/TIS,https://esmis.nal.usda.gov/sites/default/release-files/c821gj77m/gt54ks368/n009w617s/NW_LS421.TXT
2018-12-19,AUSTRALIA AND NEW ZEALAND,Beef Trim,80,0-15 Days,East Coast,,,USD/cwt,FOB/TIS,https://esmis.nal.usda.gov/sites/default/release-files/c821gj77m/gt54ks368/n009w617s/NW_LS421.TXT
2018-12-19,AUSTRALIA AND NEW ZEALAND,Beef Trim,75,0-15 Days,East Coast,,,USD/cwt,FOB/TIS,https://esmis.nal.usda.gov/sites/default/release-files/c821gj77m/gt54ks368/n009w617s/NW_LS421.TXT
2018-12-19,AUSTRALIA AND NEW ZEALAND,Beef Trim,70,0-15 Days,East Coast,,,USD/cwt,FOB/TIS,https://esmis.nal.usda.gov/sites/default/release-files/c821gj77m/gt54ks368/n009w617s/NW_LS421.TXT
2018-12-19,AUSTRALIA AND NEW ZEALAND,Beef Trim,65,0-15 Days,East Coast,,,USD/cwt,FOB/TIS,https://esmis.nal.usda.gov/sites/default/release-files/c821gj77m/gt54ks368/n009w617s/NW_LS421.TXT
2018-12-19,URUGUAY,Beef Trim,85,0-15 Days,,,,USD/cwt,FOB/TIS,https://esmis.nal.usda.gov/sites/default/release-files/c821gj77m/gt54ks368/n009w617s/NW_LS421.TXT
2018-12-19,URUGUAY,Beef Trim,80,0-15 Days,,,,USD/cwt,FOB/TIS,https://esmis.nal.usda.gov/sites/default/release-files/c821gj77m/gt54ks368/n009w617s/NW_LS421.TXT
2018-12-19,URUGUAY,Beef Trim,75,0-15 Days,,,,USD/cwt,FOB/TIS,https://esmis.nal.usda.gov/sites/default/release-files/c821gj77m/gt54ks368/n009w617s/NW_LS421.TXT
2018-12-21,AUSTRALIA AND NEW ZEALAND,Beef Trim,85,0-15 Days,East Coast,,,USD/cwt,FOB/TIS,https://esmis.nal.usda.gov/sites/default/release-files/c821gj77m/4m90f084k/47429f490/NW_LS421.TXT
2018-12-21,AUSTRALIA AND NEW ZEALAND,Beef Trim,80,0-15 Days,East Coast,,,USD/cwt,FOB/TIS,https://esmis.nal.usda.gov/sites/default/release-files/c821gj77m/4m90f084k/47429f490/NW_LS421.TXT
2018-12-21,AUSTRALIA AND NEW ZEALAND,Beef Trim,75,0-15 Days,East Coast,,,USD/cwt,FOB/TIS,https://esmis.nal.usda.gov/sites/default/release-files/c821gj77m/4m90f084k/47429f490/NW_LS421.TXT
2018-12-21,AUSTRALIA AND NEW ZEALAND,Beef Trim,70,0-15 Days,East Coast,,,USD/cwt,FOB/TIS,https://esmis.nal.usda.gov/sites/default/release-files/c821gj77m/4m90f084k/47429f490/NW_LS421.TXT
2018-12-21,AUSTRALIA AND NEW ZEALAND,Beef Trim,65,0-15 Days,East Coast,,,USD/cwt,FOB/TIS,https://esmis.nal.usda.gov/sites/default/release-files/c821gj77m/4m90f084k/47429f490/NW_LS421.TXT
2018-12-21,URUGUAY,Beef Trim,85,0-15 Days,,,,USD/cwt,FOB/TIS,https://esmis.nal.usda.gov/sites/default/release-files/c821gj77m/4m90f084k/47429f490/NW_LS421.TXT
2018-12-21,URUGUAY,Beef Trim,80,0-15 Days,,,,USD/cwt,FOB/TIS,https://esmis.nal.usda.gov/sites/default/release-files/c821gj77m/4m90f084k/47429f490/NW_LS421.TXT
2018-12-21,URUGUAY,Beef Trim,75,0-15 Days,,,,USD/cwt,FOB/TIS,https://esmis.nal.usda.gov/sites/default/release-files/c821gj77m/4m90f084k/47429f490/NW_LS421.TXT
2018-12-26,AUSTRALIA AND NEW ZEALAND,Beef Trim,85,0-15 Days,East Coast,,,USD/cwt,FOB/TIS,https://esmis.nal.usda.gov/sites/default/release-files/c821gj77m/4j03d386x/mp48sj12k/NW_LS421.TXT
2018-12-26,AUSTRALIA AND NEW ZEALAND,Beef Trim,80,0-15 Days,East Coast,,,USD/cwt,FOB/TIS,https://esmis.nal.usda.gov/sites/default/release-files/c821gj77m/4j03d386x/mp48sj12k/NW_LS421.TXT
2018-12-26,AUSTRALIA AND NEW ZEALAND,Beef Trim,75,0-15 Days,East Coast,,,USD/cwt,FOB/TIS,https://esmis.nal.usda.gov/sites/default/release-files/c821gj77m/4j03d386x/mp48sj12k/NW_LS421.TXT
2018-12-26,AUSTRALIA AND NEW ZEALAND,Beef Trim,70,0-15 Days,East Coast,,,USD/cwt,FOB/TIS,https://esmis.nal.usda.gov/sites/default/release-files/c821gj77m/4j03d386x/mp48sj12k/NW_LS421.TXT
2018-12-26,AUSTRALIA AND NEW ZEALAND,Beef Trim,65,0-15 Days,East Coast,,,USD/cwt,FOB/TIS,https://esmis.nal.usda.gov/sites/default/release-files/c821gj77m/4j03d386x/mp48sj12k/NW_LS421.TXT
2018-12-26,URUGUAY,Beef Trim,85,0-15 Days,,,,USD/cwt,FOB/TIS,https://esmis.nal.usda.gov/sites/default/release-files/c821gj77m/4j03d386x/mp48sj12k/NW_LS421.TXT
2018-12-26,URUGUAY,Beef Trim,80,0-15 Days,,,,USD/cwt,FOB/TIS,https://esmis.nal.usda.gov/sites/default/release-files/c821gj77m/4j03d386x/mp48sj12k/NW_LS421.TXT
2018-12-26,URUGUAY,Beef Trim,75,0-15 Days,,,,USD/cwt,FOB/TIS,https://esmis.nal.usda.gov/sites/default/release-files/c821gj77m/4j03d386x/mp48sj12k/NW_LS421.TXT
2018-12-28,AUSTRALIA AND NEW ZEALAND,Beef Trim,85,0-15 Days,East Coast,,,USD/cwt,FOB/TIS,https://esmis.nal.usda.gov/sites/default/release-files/c821gj77m/j96025030/zw12z987p/NW_LS421.TXT
2018-12-28,AUSTRALIA AND NEW ZEALAND,Beef Trim,80,0-15 Days,East Coast,,,USD/cwt,FOB/TIS,https://esmis.nal.usda.gov/sites/default/release-files/c821gj77m/j96025030/zw12z987p/NW_LS421.TXT
2018-12-28,AUSTRALIA AND NEW ZEALAND,Beef Trim,75,0-15 Days,East Coast,,,USD/cwt,FOB/TIS,https://esmis.nal.usda.gov/sites/default/release-files/c821gj77m/j96025030/zw12z987p/NW_LS421.TXT
2018-12-28,AUSTRALIA AND NEW ZEALAND,Beef Trim,70,0-15 Days,East Coast,,,USD/cwt,FOB/TIS,https://esmis.nal.usda.gov/sites/default/release-files/c821gj77m/j96025030/zw12z987p/NW_LS421.TXT
2018-12-28,AUSTRALIA AND NEW ZEALAND,Beef Trim,65,0-15 Days,East Coast,,,USD/cwt,FOB/TIS,https://esmis.nal.usda.gov/sites/default/release-files/c821gj77m/j96025030/zw12z987p/NW_LS421.TXT
2018-12-28,URUGUAY,Beef Trim,85,0-15 Days,,,,USD/cwt,FOB/TIS,https://esmis.nal.usda.gov/sites/default/release-files/c821gj77m/j96025030/zw12z987p/NW_LS421.TXT
2018-12-28,URUGUAY,Beef Trim,80,0-15 Days,,,,USD/cwt,FOB/TIS,https://esmis.nal.usda.gov/sites/default/release-files/c821gj77m/j96025030/zw12z987p/NW_LS421.TXT
2018-12-28,URUGUAY,Beef Trim,75,0-15 Days,,,,USD/cwt,FOB/TIS,https://esmis.nal.usda.gov/sites/default/release-files/c821gj77m/j96025030/zw12z987p/NW_LS421.TXT
2019-01-02,AUSTRALIA AND NEW ZEALAND,Beef Trim,85,0-15 Days,East Coast,,,USD/cwt,FOB/TIS,https://esmis.nal.usda.gov/sites/default/release-files/c821gj77m/g158bn501/w0892g51p/NW_LS421.TXT
2019-01-02,AUSTRALIA AND NEW ZEALAND,Beef Trim,80,0-15 Days,East Coast,,,USD/cwt,FOB/TIS,https://esmis.nal.usda.gov/sites/default/release-files/c821gj77m/g158bn501/w0892g51p/NW_LS421.TXT
2019-01-02,AUSTRALIA AND NEW ZEALAND,Beef Trim,75,0-15 Days,East Coast,,,USD/cwt,FOB/TIS,https://esmis.nal.usda.gov/sites/default/release-files/c821gj77m/g158bn501/w0892g51p/NW_LS421.TXT
2019-01-02,AUSTRALIA AND NEW ZEALAND,Beef Trim,70,0-15 Days,East Coast,,,USD/cwt,FOB/TIS,https://esmis.nal.usda.gov/sites/default/release-files/c821gj77m/g158bn501/w0892g51p/NW_LS421.TXT
2019-01-02,AUSTRALIA AND NEW ZEALAND,Beef Trim,65,0-15 Days,East Coast,,,USD/cwt,FOB/TIS,https://esmis.nal.usda.gov/sites/default/release-files/c821gj77m/g158bn501/w0892g51p/NW_LS421.TXT
2019-01-02,URUGUAY,Beef Trim,85,0-15 Days,,,,USD/cwt,FOB/TIS,https://esmis.nal.usda.gov/sites/default/release-files/c821gj77m/g158bn501/w0892g51p/NW_LS421.TXT
2019-01-02,URUGUAY,Beef Trim,80,0-15 Days,,,,USD/cwt,FOB/TIS,https://esmis.nal.usda.gov/sites/default/release-files/c821gj77m/g158bn501/w0892g51p/NW_LS421.TXT
2019-01-02,URUGUAY,Beef Trim,75,0-15 Days,,,,USD/cwt,FOB/TIS,https://esmis.nal.usda.gov/sites/default/release-files/c821gj77m/g158bn501/w0892g51p/NW_LS421.TXT
2019-01-04,AUSTRALIA AND NEW ZEALAND,Beef Trim,85,0-15 Days,East Coast,,,USD/cwt,FOB/TIS,https://esmis.nal.usda.gov/sites/default/release-files/c821gj77m/tt44ps44q/cj82kc83j/NW_LS421.TXT
2019-01-04,AUSTRALIA AND NEW ZEALAND,Beef Trim,80,0-15 Days,East Coast,,,USD/cwt,FOB/TIS,https://esmis.nal.usda.gov/sites/default/release-files/c821gj77m/tt44ps44q/cj82kc83j/NW_LS421.TXT
2019-01-04,AUSTRALIA AND NEW ZEALAND,Beef Trim,75,0-15 Days,East Coast,,,USD/cwt,FOB/TIS,https://esmis.nal.usda.gov/sites/default/release-files/c821gj77m/tt44ps44q/cj82kc83j/NW_LS421.TXT
2019-01-04,AUSTRALIA AND NEW ZEALAND,Beef Trim,70,0-15 Days,East Coast,,,USD/cwt,FOB/TIS,https://esmis.nal.usda.gov/sites/default/release-files/c821gj77m/tt44ps44q/cj82kc83j/NW_LS421.TXT
2019-01-04,AUSTRALIA AND NEW ZEALAND,Beef Trim,65,0-15 Days,East Coast,,,USD/cwt,FOB/TIS,https://esmis.nal.usda.gov/sites/default/release-files/c821gj77m/tt44ps44q/cj82kc83j/NW_LS421.TXT
2019-01-04,URUGUAY,Beef Trim,85,0-15 Days,,,,USD/cwt,FOB/TIS,https://esmis.nal.usda.gov/sites/default/release-files/c821gj77m/tt44ps44q/cj82kc83j/NW_LS421.TXT
2019-01-04,URUGUAY,Beef Trim,80,0-15 Days,,,,USD/cwt,FOB/TIS,https://esmis.nal.usda.gov/sites/default/release-files/c821gj77m/tt44ps44q/cj82kc83j/NW_LS421.TXT
2019-01-04,URUGUAY,Beef Trim,75,0-15 Days,,,,USD/cwt,FOB/TIS,https://esmis.nal.usda.gov/sites/default/release-files/c821gj77m/tt44ps44q/cj82kc83j/NW_LS421.TXT
2019-01-09,AUSTRALIA AND NEW ZEALAND,Beef Trim,85,0-15 Days,East Coast,191.00,192.00,USD/cwt,FOB/TIS,https://esmis.nal.usda.gov/sites/default/release-files/c821gj77m/sj1396783/hq37vt31h/NW_LS421.TXT
2019-01-09,AUSTRALIA AND NEW ZEALAND,Beef Trim,80,0-15 Days,East Coast,,,USD/cwt,FOB/TIS,https://esmis.nal.usda.gov/sites/default/release-files/c821gj77m/sj1396783/hq37vt31h/NW_LS421.TXT
2019-01-09,AUSTRALIA AND NEW ZEALAND,Beef Trim,75,0-15 Days,East Coast,,,USD/cwt,FOB/TIS,https://esmis.nal.usda.gov/sites/default/release-files/c821gj77m/sj1396783/hq37vt31h/NW_LS421.TXT
2019-01-09,AUSTRALIA AND NEW ZEALAND,Beef Trim,70,0-15 Days,East Coast,,,USD/cwt,FOB/TIS,https://esmis.nal.usda.gov/sites/default/release-files/c821gj77m/sj1396783/hq37vt31h/NW_LS421.TXT
2019-01-09,AUSTRALIA AND NEW ZEALAND,Beef Trim,65,0-15 Days,East Coast,,,USD/cwt,FOB/TIS,https://esmis.nal.usda.gov/sites/default/release-files/c821gj77m/sj1396783/hq37vt31h/NW_LS421.TXT
2019-01-09,URUGUAY,Beef Trim,85,0-15 Days,,,,USD/cwt,FOB/TIS,https://esmis.nal.usda.gov/sites/default/release-files/c821gj77m/sj1396783/hq37vt31h/NW_LS421.TXT
2019-01-09,URUGUAY,Beef Trim,80,0-15 Days,,,,USD/cwt,FOB/TIS,https://esmis.nal.usda.gov/sites/default/release-files/c821gj77m/sj1396783/hq37vt31h/NW_LS421.TXT
2019-01-09,URUGUAY,Beef Trim,75,0-15 Days,,,,USD/cwt,FOB/TIS,https://esmis.nal.usda.gov/sites/default/release-files/c821gj77m/sj1396783/hq37vt31h/NW_LS421.TXT
2019-01-11,AUSTRALIA AND NEW ZEALAND,Beef Trim,85,0-15 Days,East Coast,191.00,192.00,USD/cwt,FOB/TIS,https://esmis.nal.usda.gov/sites/default/release-files/c821gj77m/5q47rt40q/m039k9883/NW_LS421.TXT
2019-01-11,AUSTRALIA AND NEW ZEALAND,Beef Trim,80,0-15 Days,East Coast,,,USD/cwt,FOB/TIS,https://esmis.nal.usda.gov/sites/default/release-files/c821gj77m/5q47rt40q/m039k9883/NW_LS421.TXT
2019-01-11,AUSTRALIA AND NEW ZEALAND,Beef Trim,75,0-15 Days,East Coast,,,USD/cwt,FOB/TIS,https://esmis.nal.usda.gov/sites/default/release-files/c821gj77m/5q47rt40q/m039k9883/NW_LS421.TXT
2019-01-11,AUSTRALIA AND NEW ZEALAND,Beef Trim,70,0-15 Days,East Coast,,,USD/cwt,FOB/TIS,https://esmis.nal.usda.gov/sites/default/release-files/c821gj77m/5q47rt40q/m039k9883/NW_LS421.TXT
2019-01-11,AUSTRALIA AND NEW ZEALAND,Beef Trim,65,0-15 Days,East Coast,,,USD/cwt,FOB/TIS,https://esmis.nal.usda.gov/sites/default/release-files/c821gj77m/5q47rt40q/m039k9883/NW_LS421.TXT
2019-01-11,URUGUAY,Beef Trim,85,0-15 Days,,,,USD/cwt,FOB/TIS,https://esmis.nal.usda.gov/sites/default/release-files/c821gj77m/5q47rt40q/m039k9883/NW_LS421.TXT
2019-01-11,URUGUAY,Beef Trim,80,0-15 Days,,,,USD/cwt,FOB/TIS,https://esmis.nal.usda.gov/sites/default/release-files/c821gj77m/5q47rt40q/m039k9883/NW_LS421.TXT
2019-01-11,URUGUAY,Beef Trim,75,0-15 Days,,,,USD/cwt,FOB/TIS,https://esmis.nal.usda.gov/sites/default/release-files/c821gj77m/5q47rt40q/m039k9883/NW_LS421.TXT
2019-01-16,AUSTRALIA AND NEW ZEALAND,Beef Trim,85,0-15 Days,East Coast,192.00,193.00,USD/cwt,FOB/TIS,https://esmis.nal.usda.gov/sites/default/release-files/c821gj77m/6d570264g/3r075100n/NW_LS421.TXT
2019-01-16,AUSTRALIA AND NEW ZEALAND,Beef Trim,80,0-15 Days,East Coast,,,USD/cwt,FOB/TIS,https://esmis.nal.usda.gov/sites/default/release-files/c821gj77m/6d570264g/3r075100n/NW_LS421.TXT
2019-01-16,AUSTRALIA AND NEW ZEALAND,Beef Trim,75,0-15 Days,East Coast,,,USD/cwt,FOB/TIS,https://esmis.nal.usda.gov/sites/default/release-files/c821gj77m/6d570264g/3r075100n/NW_LS421.TXT
2019-01-16,AUSTRALIA AND NEW ZEALAND,Beef Trim,70,0-15 Days,East Coast,,,USD/cwt,FOB/TIS,https://esmis.nal.usda.gov/sites/default/release-files/c821gj77m/6d570264g/3r075100n/NW_LS421.TXT
2019-01-16,AUSTRALIA AND NEW ZEALAND,Beef Trim,65,0-15 Days,East Coast,,,USD/cwt,FOB/TIS,https://esmis.nal.usda.gov/sites/default/release-files/c821gj77m/6d570264g/3r075100n/NW_LS421.TXT
2019-01-16,URUGUAY,Beef Trim,85,0-15 Days,,,,USD/cwt,FOB/TIS,https://esmis.nal.usda.gov/sites/default/release-files/c821gj77m/6d570264g/3r075100n/NW_LS421.TXT
2019-01-16,URUGUAY,Beef Trim,80,0-15 Days,,,,USD/cwt,FOB/TIS,https://esmis.nal.usda.gov/sites/default/release-files/c821gj77m/6d570264g/3r075100n/NW_LS421.TXT
2019-01-16,URUGUAY,Beef Trim,75,0-15 Days,,,,USD/cwt,FOB/TIS,https://esmis.nal.usda.gov/sites/default/release-files/c821gj77m/6d570264g/3r075100n/NW_LS421.TXT
2019-01-18,AUSTRALIA AND NEW ZEALAND,Beef Trim,85,0-15 Days,East Coast,192.00,193.00,USD/cwt,FOB/TIS,https://esmis.nal.usda.gov/sites/default/release-files/c821gj77m/ms35tf64k/4t64gs99s/NW_LS421.TXT
2019-01-18,AUSTRALIA AND NEW ZEALAND,Beef Trim,85,0-15 Days,East Coast,192.00,193.00,USD/cwt,FOB/TIS,https://esmis.nal.usda.gov/sites/default/release-files/c821gj77m/r781wn492/xk81jr88h/NW_LS421.TXT
2019-01-18,AUSTRALIA AND NEW ZEALAND,Beef Trim,80,0-15 Days,East Coast,,,USD/cwt,FOB/TIS,https://esmis.nal.usda.gov/sites/default/release-files/c821gj77m/ms35tf64k/4t64gs99s/NW_LS421.TXT
2019-01-18,AUSTRALIA AND NEW ZEALAND,Beef Trim,80,0-15 Days,East Coast,,,USD/cwt,FOB/TIS,https://esmis.nal.usda.gov/sites/default/release-files/c821gj77m/r781wn492/xk81jr88h/NW_LS421.TXT
2019-01-18,AUSTRALIA AND NEW ZEALAND,Beef Trim,75,0-15 Days,East Coast,,,USD/cwt,FOB/TIS,https://esmis.nal.usda.gov/sites/default/release-files/c821gj77m/ms35tf64k/4t64gs99s/NW_LS421.TXT
2019-01-18,AUSTRALIA AND NEW ZEALAND,Beef Trim,75,0-15 Days,East Coast,,,USD/cwt,FOB/TIS,https://esmis.nal.usda.gov/sites/default/release-files/c821gj77m/r781wn492/xk81jr88h/NW_LS421.TXT
2019-01-18,AUSTRALIA AND NEW ZEALAND,Beef Trim,70,0-15 Days,East Coast,,,USD/cwt,FOB/TIS,https://esmis.nal.usda.gov/sites/default/release-files/c821gj77m/ms35tf64k/4t64gs99s/NW_LS421.TXT
2019-01-18,AUSTRALIA AND NEW ZEALAND,Beef Trim,70,0-15 Days,East Coast,,,USD/cwt,FOB/TIS,https://esmis.nal.usda.gov/sites/default/release-files/c821gj77m/r781wn492/xk81jr88h/NW_LS421.TXT
2019-01-18,AUSTRALIA AND NEW ZEALAND,Beef Trim,65,0-15 Days,East Coast,,,USD/cwt,FOB/TIS,https://esmis.nal.usda.gov/sites/default/release-files/c821gj77m/ms35tf64k/4t64gs99s/NW_LS421.TXT
2019-01-18,AUSTRALIA AND NEW ZEALAND,Beef Trim,65,0-15 Days,East Coast,,,USD/cwt,FOB/TIS,https://esmis.nal.usda.gov/sites/default/release-files/c821gj77m/r781wn492/xk81jr88h/NW_LS421.TXT
2019-01-18,URUGUAY,Beef Trim,85,0-15 Days,,,,USD/cwt,FOB/TIS,https://esmis.nal.usda.gov/sites/default/release-files/c821gj77m/ms35tf64k/4t64gs99s/NW_LS421.TXT
2019-01-18,URUGUAY,Beef Trim,85,0-15 Days,,,,USD/cwt,FOB/TIS,https://esmis.nal.usda.gov/sites/default/release-files/c821gj77m/r781wn492/xk81jr88h/NW_LS421.TXT
2019-01-18,URUGUAY,Beef Trim,80,0-15 Days,,,,USD/cwt,FOB/TIS,https://esmis.nal.usda.gov/sites/default/release-files/c821gj77m/ms35tf64k/4t64gs99s/NW_LS421.TXT
2019-01-18,URUGUAY,Beef Trim,80,0-15 Days,,,,USD/cwt,FOB/TIS,https://esmis.nal.usda.gov/sites/default/release-files/c821gj77m/r781wn492/xk81jr88h/NW_LS421.TXT
2019-01-18,URUGUAY,Beef Trim,75,0-15 Days,,,,USD/cwt,FOB/TIS,https://esmis.nal.usda.gov/sites/default/release-files/c821gj77m/ms35tf64k/4t64gs99s/NW_LS421.TXT
2019-01-18,URUGUAY,Beef Trim,75,0-15 Days,,,,USD/cwt,FOB/TIS,https://esmis.nal.usda.gov/sites/default/release-files/c821gj77m/r781wn492/xk81jr88h/NW_LS421.TXT
2019-01-23,AUSTRALIA AND NEW ZEALAND,Beef Trim,85,0-15 Days,East Coast,192.00,193.00,USD/cwt,FOB/TIS,https://esmis.nal.usda.gov/sites/default/release-files/c821gj77m/6w924h58d/rx913v75f/NW_LS421.TXT
2019-01-23,AUSTRALIA AND NEW ZEALAND,Beef Trim,80,0-15 Days,East Coast,180.00,181.00,USD/cwt,FOB/TIS,https://esmis.nal.usda.gov/sites/default/release-files/c821gj77m/6w924h58d/rx913v75f/NW_LS421.TXT
2019-01-23,AUSTRALIA AND NEW ZEALAND,Beef Trim,75,0-15 Days,East Coast,177.00,178.00,USD/cwt,FOB/TIS,https://esmis.nal.usda.gov/sites/default/release-files/c821gj77m/6w924h58d/rx913v75f/NW_LS421.TXT
2019-01-23,AUSTRALIA AND NEW ZEALAND,Beef Trim,70,0-15 Days,East Coast,,,USD/cwt,FOB/TIS,https://esmis.nal.usda.gov/sites/default/release-files/c821gj77m/6w924h58d/rx913v75f/NW_LS421.TXT
2019-01-23,AUSTRALIA AND NEW ZEALAND,Beef Trim,65,0-15 Days,East Coast,,,USD/cwt,FOB/TIS,https://esmis.nal.usda.gov/sites/default/release-files/c821gj77m/6w924h58d/rx913v75f/NW_LS421.TXT
2019-01-23,URUGUAY,Beef Trim,85,0-15 Days,,,,USD/cwt,FOB/TIS,https://esmis.nal.usda.gov/sites/default/release-files/c821gj77m/6w924h58d/rx913v75f/NW_LS421.TXT
2019-01-23,URUGUAY,Beef Trim,80,0-15 Days,,,,USD/cwt,FOB/TIS,https://esmis.nal.usda.gov/sites/default/release-files/c821gj77m/6w924h58d/rx913v75f/NW_LS421.TXT
2019-01-23,URUGUAY,Beef Trim,75,0-15 Days,,,,USD/cwt,FOB/TIS,https://esmis.nal.usda.gov/sites/default/release-files/c821gj77m/6w924h58d/rx913v75f/NW_LS421.TXT
2019-01-25,AUSTRALIA AND NEW ZEALAND,Beef Trim,85,0-15 Days,East Coast,192.00,193.00,USD/cwt,FOB/TIS,https://esmis.nal.usda.gov/sites/default/release-files/c821gj77m/5t34sr05k/zc77sw34k/NW_LS421.TXT
2019-01-25,AUSTRALIA AND NEW ZEALAND,Beef Trim,80,0-15 Days,East Coast,180.00,181.00,USD/cwt,FOB/TIS,https://esmis.nal.usda.gov/sites/default/release-files/c821gj77m/5t34sr05k/zc77sw34k/NW_LS421.TXT
2019-01-25,AUSTRALIA AND NEW ZEALAND,Beef Trim,75,0-15 Days,East Coast,177.00,178.00,USD/cwt,FOB/TIS,https://esmis.nal.usda.gov/sites/default/release-files/c821gj77m/5t34sr05k/zc77sw34k/NW_LS421.TXT
2019-01-25,AUSTRALIA AND NEW ZEALAND,Beef Trim,70,0-15 Days,East Coast,,,USD/cwt,FOB/TIS,https://esmis.nal.usda.gov/sites/default/release-files/c821gj77m/5t34sr05k/zc77sw34k/NW_LS421.TXT
2019-01-25,AUSTRALIA AND NEW ZEALAND,Beef Trim,65,0-15 Days,East Coast,,,USD/cwt,FOB/TIS,https://esmis.nal.usda.gov/sites/default/release-files/c821gj77m/5t34sr05k/zc77sw34k/NW_LS421.TXT
2019-01-25,URUGUAY,Beef Trim,85,0-15 Days,,,,USD/cwt,FOB/TIS,https://esmis.nal.usda.gov/sites/default/release-files/c821gj77m/5t34sr05k/zc77sw34k/NW_LS421.TXT
2019-01-25,URUGUAY,Beef Trim,80,0-15 Days,,,,USD/cwt,FOB/TIS,https://esmis.nal.usda.gov/sites/default/release-files/c821gj77m/5t34sr05k/zc77sw34k/NW_LS421.TXT
2019-01-25,URUGUAY,Beef Trim,75,0-15 Days,,,,USD/cwt,FOB/TIS,https://esmis.nal.usda.gov/sites/default/release-files/c821gj77m/5t34sr05k/zc77sw34k/NW_LS421.TXT
2019-01-30,AUSTRALIA AND NEW ZEALAND,Beef Trim,85,0-15 Days,East Coast,192.00,193.00,USD/cwt,FOB/TIS,https://esmis.nal.usda.gov/sites/default/release-files/c821gj77m/6w924h752/5999n8503/NW_LS421.TXT
2019-01-30,AUSTRALIA AND NEW ZEALAND,Beef Trim,80,0-15 Days,East Coast,181.00,182.00,USD/cwt,FOB/TIS,https://esmis.nal.usda.gov/sites/default/release-files/c821gj77m/6w924h752/5999n8503/NW_LS421.TXT
2019-01-30,AUSTRALIA AND NEW ZEALAND,Beef Trim,75,0-15 Days,East Coast,176.00,176.00,USD/cwt,FOB/TIS,https://esmis.nal.usda.gov/sites/default/release-files/c821gj77m/6w924h752/5999n8503/NW_LS421.TXT
2019-01-30,AUSTRALIA AND NEW ZEALAND,Beef Trim,70,0-15 Days,East Coast,,,USD/cwt,FOB/TIS,https://esmis.nal.usda.gov/sites/default/release-files/c821gj77m/6w924h752/5999n8503/NW_LS421.TXT
2019-01-30,AUSTRALIA AND NEW ZEALAND,Beef Trim,65,0-15 Days,East Coast,,,USD/cwt,FOB/TIS,https://esmis.nal.usda.gov/sites/default/release-files/c821gj77m/6w924h752/5999n8503/NW_LS421.TXT
2019-01-30,URUGUAY,Beef Trim,85,0-15 Days,,,,USD/cwt,FOB/TIS,https://esmis.nal.usda.gov/sites/default/release-files/c821gj77m/6w924h752/5999n8503/NW_LS421.TXT
2019-01-30,URUGUAY,Beef Trim,80,0-15 Days,,,,USD/cwt,FOB/TIS,https://esmis.nal.usda.gov/sites/default/release-files/c821gj77m/6w924h752/5999n8503/NW_LS421.TXT
2019-01-30,URUGUAY,Beef Trim,75,0-15 Days,,,,USD/cwt,FOB/TIS,https://esmis.nal.usda.gov/sites/default/release-files/c821gj77m/6w924h752/5999n8503/NW_LS421.TXT
2019-02-01,AUSTRALIA AND NEW ZEALAND,Beef Trim,85,0-15 Days,East Coast,192.00,193.00,USD/cwt,FOB/TIS,https://esmis.nal.usda.gov/sites/default/release-files/c821gj77m/rb68xh87s/1r66j643s/NW_LS421.TXT
2019-02-01,AUSTRALIA AND NEW ZEALAND,Beef Trim,80,0-15 Days,East Coast,181.00,182.00,USD/cwt,FOB/TIS,https://esmis.nal.usda.gov/sites/default/release-files/c821gj77m/rb68xh87s/1r66j643s/NW_LS421.TXT
2019-02-01,AUSTRALIA AND NEW ZEALAND,Beef Trim,75,0-15 Days,East Coast,176.00,176.00,USD/cwt,FOB/TIS,https://esmis.nal.usda.gov/sites/default/release-files/c821gj77m/rb68xh87s/1r66j643s/NW_LS421.TXT
2019-02-01,AUSTRALIA AND NEW ZEALAND,Beef Trim,70,0-15 Days,East Coast,,,USD/cwt,FOB/TIS,https://esmis.nal.usda.gov/sites/default/release-files/c821gj77m/rb68xh87s/1r66j643s/NW_LS421.TXT
2019-02-01,AUSTRALIA AND NEW ZEALAND,Beef Trim,65,0-15 Days,East Coast,,,USD/cwt,FOB/TIS,https://esmis.nal.usda.gov/sites/default/release-files/c821gj77m/rb68xh87s/1r66j643s/NW_LS421.TXT
2019-02-01,URUGUAY,Beef Trim,85,0-15 Days,,,,USD/cwt,FOB/TIS,https://esmis.nal.usda.gov/sites/default/release-files/c821gj77m/rb68xh87s/1r66j643s/NW_LS421.TXT
2019-02-01,URUGUAY,Beef Trim,80,0-15 Days,,,,USD/cwt,FOB/TIS,https://esmis.nal.usda.gov/sites/default/release-files/c821gj77m/rb68xh87s/1r66j643s/NW_LS421.TXT
2019-02-01,URUGUAY,Beef Trim,75,0-15 Days,,,,USD/cwt,FOB/TIS,https://esmis.nal.usda.gov/sites/default/release-files/c821gj77m/rb68xh87s/1r66j643s/NW_LS421.TXT
2019-02-06,AUSTRALIA AND NEW ZEALAND,Beef Trim,85,0-15 Days,East Coast,193.00,194.00,USD/cwt,FOB/TIS,https://esmis.nal.usda.gov/sites/default/release-files/c821gj77m/cf95jh75t/s1784s471/NW_LS421.TXT
2019-02-06,AUSTRALIA AND NEW ZEALAND,Beef Trim,80,0-15 Days,East Coast,,,USD/cwt,FOB/TIS,https://esmis.nal.usda.gov/sites/default/release-files/c821gj77m/cf95jh75t/s1784s471/NW_LS421.TXT
2019-02-06,AUSTRALIA AND NEW ZEALAND,Beef Trim,75,0-15 Days,East Coast,,,USD/cwt,FOB/TIS,https://esmis.nal.usda.gov/sites/default/release-files/c821gj77m/cf95jh75t/s1784s471/NW_LS421.TXT
2019-02-06,AUSTRALIA AND NEW ZEALAND,Beef Trim,70,0-15 Days,East Coast,,,USD/cwt,FOB/TIS,https://esmis.nal.usda.gov/sites/default/release-files/c821gj77m/cf95jh75t/s1784s471/NW_LS421.TXT
2019-02-06,AUSTRALIA AND NEW ZEALAND,Beef Trim,65,0-15 Days,East Coast,,,USD/cwt,FOB/TIS,https://esmis.nal.usda.gov/sites/default/release-files/c821gj77m/cf95jh75t/s1784s471/NW_LS421.TXT
2019-02-06,URUGUAY,Beef Trim,85,0-15 Days,,,,USD/cwt,FOB/TIS,https://esmis.nal.usda.gov/sites/default/release-files/c821gj77m/cf95jh75t/s1784s471/NW_LS421.TXT
2019-02-06,URUGUAY,Beef Trim,80,0-15 Days,,,,USD/cwt,FOB/TIS,https://esmis.nal.usda.gov/sites/default/release-files/c821gj77m/cf95jh75t/s1784s471/NW_LS421.TXT
2019-02-06,URUGUAY,Beef Trim,75,0-15 Days,,,,USD/cwt,FOB/TIS,https://esmis.nal.usda.gov/sites/default/release-files/c821gj77m/cf95jh75t/s1784s471/NW_LS421.TXT
2019-02-08,AUSTRALIA AND NEW ZEALAND,Beef Trim,85,0-15 Days,East Coast,193.00,194.00,USD/cwt,FOB/TIS,https://esmis.nal.usda.gov/sites/default/release-files/c821gj77m/8s45qg18x/fq978175f/NW_LS421.TXT
2019-02-08,AUSTRALIA AND NEW ZEALAND,Beef Trim,80,0-15 Days,East Coast,,,USD/cwt,FOB/TIS,https://esmis.nal.usda.gov/sites/default/release-files/c821gj77m/8s45qg18x/fq978175f/NW_LS421.TXT
2019-02-08,AUSTRALIA AND NEW ZEALAND,Beef Trim,75,0-15 Days,East Coast,,,USD/cwt,FOB/TIS,https://esmis.nal.usda.gov/sites/default/release-files/c821gj77m/8s45qg18x/fq978175f/NW_LS421.TXT
2019-02-08,AUSTRALIA AND NEW ZEALAND,Beef Trim,70,0-15 Days,East Coast,,,USD/cwt,FOB/TIS,https://esmis.nal.usda.gov/sites/default/release-files/c821gj77m/8s45qg18x/fq978175f/NW_LS421.TXT
2019-02-08,AUSTRALIA AND NEW ZEALAND,Beef Trim,65,0-15 Days,East Coast,,,USD/cwt,FOB/TIS,https://esmis.nal.usda.gov/sites/default/release-files/c821gj77m/8s45qg18x/fq978175f/NW_LS421.TXT
2019-02-08,URUGUAY,Beef Trim,85,0-15 Days,,,,USD/cwt,FOB/TIS,https://esmis.nal.usda.gov/sites/default/release-files/c821gj77m/8s45qg18x/fq978175f/NW_LS421.TXT
2019-02-08,URUGUAY,Beef Trim,80,0-15 Days,,,,USD/cwt,FOB/TIS,https://esmis.nal.usda.gov/sites/default/release-files/c821gj77m/8s45qg18x/fq978175f/NW_LS421.TXT
2019-02-08,URUGUAY,Beef Trim,75,0-15 Days,,,,USD/cwt,FOB/TIS,https://esmis.nal.usda.gov/sites/default/release-files/c821gj77m/8s45qg18x/fq978175f/NW_LS421.TXT
2019-02-13,AUSTRALIA AND NEW ZEALAND,Beef Trim,85,0-15 Days,East Coast,194.00,195.00,USD/cwt,FOB/TIS,https://esmis.nal.usda.gov/sites/default/release-files/c821gj77m/td96k775v/pk02ch39b/NW_LS421.TXT
2019-02-13,AUSTRALIA AND NEW ZEALAND,Beef Trim,80,0-15 Days,East Coast,181.00,182.00,USD/cwt,FOB/TIS,https://esmis.nal.usda.gov/sites/default/release-files/c821gj77m/td96k775v/pk02ch39b/NW_LS421.TXT
2019-02-13,AUSTRALIA AND NEW ZEALAND,Beef Trim,75,0-15 Days,East Coast,,,USD/cwt,FOB/TIS,https://esmis.nal.usda.gov/sites/default/release-files/c821gj77m/td96k775v/pk02ch39b/NW_LS421.TXT
2019-02-13,AUSTRALIA AND NEW ZEALAND,Beef Trim,70,0-15 Days,East Coast,,,USD/cwt,FOB/TIS,https://esmis.nal.usda.gov/sites/default/release-files/c821gj77m/td96k775v/pk02ch39b/NW_LS421.TXT
2019-02-13,AUSTRALIA AND NEW ZEALAND,Beef Trim,65,0-15 Days,East Coast,,,USD/cwt,FOB/TIS,https://esmis.nal.usda.gov/sites/default/release-files/c821gj77m/td96k775v/pk02ch39b/NW_LS421.TXT
2019-02-13,URUGUAY,Beef Trim,85,0-15 Days,,,,USD/cwt,FOB/TIS,https://esmis.nal.usda.gov/sites/default/release-files/c821gj77m/td96k775v/pk02ch39b/NW_LS421.TXT
2019-02-13,URUGUAY,Beef Trim,80,0-15 Days,,,,USD/cwt,FOB/TIS,https://esmis.nal.usda.gov/sites/default/release-files/c821gj77m/td96k775v/pk02ch39b/NW_LS421.TXT
2019-02-13,URUGUAY,Beef Trim,75,0-15 Days,,,,USD/cwt,FOB/TIS,https://esmis.nal.usda.gov/sites/default/release-files/c821gj77m/td96k775v/pk02ch39b/NW_LS421.TXT
2019-02-15,AUSTRALIA AND NEW ZEALAND,Beef Trim,85,0-15 Days,East Coast,194.00,195.00,USD/cwt,FOB/TIS,https://esmis.nal.usda.gov/sites/default/release-files/c821gj77m/q237hz58x/fj236797r/NW_LS421.TXT
2019-02-15,AUSTRALIA AND NEW ZEALAND,Beef Trim,80,0-15 Days,East Coast,181.00,182.00,USD/cwt,FOB/TIS,https://esmis.nal.usda.gov/sites/default/release-files/c821gj77m/q237hz58x/fj236797r/NW_LS421.TXT
2019-02-15,AUSTRALIA AND NEW ZEALAND,Beef Trim,75,0-15 Days,East Coast,,,USD/cwt,FOB/TIS,https://esmis.nal.usda.gov/sites/default/release-files/c821gj77m/q237hz58x/fj236797r/NW_LS421.TXT
2019-02-15,AUSTRALIA AND NEW ZEALAND,Beef Trim,70,0-15 Days,East Coast,,,USD/cwt,FOB/TIS,https://esmis.nal.usda.gov/sites/default/release-files/c821gj77m/q237hz58x/fj236797r/NW_LS421.TXT
2019-02-15,AUSTRALIA AND NEW ZEALAND,Beef Trim,65,0-15 Days,East Coast,,,USD/cwt,FOB/TIS,https://esmis.nal.usda.gov/sites/default/release-files/c821gj77m/q237hz58x/fj236797r/NW_LS421.TXT
2019-02-15,URUGUAY,Beef Trim,85,0-15 Days,,,,USD/cwt,FOB/TIS,https://esmis.nal.usda.gov/sites/default/release-files/c821gj77m/q237hz58x/fj236797r/NW_LS421.TXT
2019-02-15,URUGUAY,Beef Trim,80,0-15 Days,,,,USD/cwt,FOB/TIS,https://esmis.nal.usda.gov/sites/default/release-files/c821gj77m/q237hz58x/fj236797r/NW_LS421.TXT
2019-02-15,URUGUAY,Beef Trim,75,0-15 Days,,,,USD/cwt,FOB/TIS,https://esmis.nal.usda.gov/sites/default/release-files/c821gj77m/q237hz58x/fj236797r/NW_LS421.TXT
2019-02-20,AUSTRALIA AND NEW ZEALAND,Beef Trim,85,0-15 Days,East Coast,195.00,197.00,USD/cwt,FOB/TIS,https://esmis.nal.usda.gov/sites/default/release-files/c821gj77m/s4655p17j/8910k1489/NW_LS421.TXT
2019-02-20,AUSTRALIA AND NEW ZEALAND,Beef Trim,80,0-15 Days,East Coast,181.00,183.00,USD/cwt,FOB/TIS,https://esmis.nal.usda.gov/sites/default/release-files/c821gj77m/s4655p17j/8910k1489/NW_LS421.TXT
2019-02-20,AUSTRALIA AND NEW ZEALAND,Beef Trim,75,0-15 Days,East Coast,176.00,177.00,USD/cwt,FOB/TIS,https://esmis.nal.usda.gov/sites/default/release-files/c821gj77m/s4655p17j/8910k1489/NW_LS421.TXT
2019-02-20,AUSTRALIA AND NEW ZEALAND,Beef Trim,70,0-15 Days,East Coast,,,USD/cwt,FOB/TIS,https://esmis.nal.usda.gov/sites/default/release-files/c821gj77m/s4655p17j/8910k1489/NW_LS421.TXT
2019-02-20,AUSTRALIA AND NEW ZEALAND,Beef Trim,65,0-15 Days,East Coast,,,USD/cwt,FOB/TIS,https://esmis.nal.usda.gov/sites/default/release-files/c821gj77m/s4655p17j/8910k1489/NW_LS421.TXT
2019-02-20,URUGUAY,Beef Trim,85,0-15 Days,,,,USD/cwt,FOB/TIS,https://esmis.nal.usda.gov/sites/default/release-files/c821gj77m/s4655p17j/8910k1489/NW_LS421.TXT
2019-02-20,URUGUAY,Beef Trim,80,0-15 Days,,,,USD/cwt,FOB/TIS,https://esmis.nal.usda.gov/sites/default/release-files/c821gj77m/s4655p17j/8910k1489/NW_LS421.TXT
2019-02-20,URUGUAY,Beef Trim,75,0-15 Days,,,,USD/cwt,FOB/TIS,https://esmis.nal.usda.gov/sites/default/release-files/c821gj77m/s4655p17j/8910k1489/NW_LS421.TXT
2019-02-22,AUSTRALIA AND NEW ZEALAND,Beef Trim,85,0-15 Days,East Coast,195.00,197.00,USD/cwt,FOB/TIS,https://esmis.nal.usda.gov/sites/default/release-files/c821gj77m/rx913w47g/th83m5032/NW_LS421.TXT
2019-02-22,AUSTRALIA AND NEW ZEALAND,Beef Trim,80,0-15 Days,East Coast,181.00,183.00,USD/cwt,FOB/TIS,https://esmis.nal.usda.gov/sites/default/release-files/c821gj77m/rx913w47g/th83m5032/NW_LS421.TXT
2019-02-22,AUSTRALIA AND NEW ZEALAND,Beef Trim,75,0-15 Days,East Coast,176.00,177.00,USD/cwt,FOB/TIS,https://esmis.nal.usda.gov/sites/default/release-files/c821gj77m/rx913w47g/th83m5032/NW_LS421.TXT
2019-02-22,AUSTRALIA AND NEW ZEALAND,Beef Trim,70,0-15 Days,East Coast,,,USD/cwt,FOB/TIS,https://esmis.nal.usda.gov/sites/default/release-files/c821gj77m/rx913w47g/th83m5032/NW_LS421.TXT
2019-02-22,AUSTRALIA AND NEW ZEALAND,Beef Trim,65,0-15 Days,East Coast,,,USD/cwt,FOB/TIS,https://esmis.nal.usda.gov/sites/default/release-files/c821gj77m/rx913w47g/th83m5032/NW_LS421.TXT
2019-02-22,URUGUAY,Beef Trim,85,0-15 Days,,,,USD/cwt,FOB/TIS,https://esmis.nal.usda.gov/sites/default/release-files/c821gj77m/rx913w47g/th83m5032/NW_LS421.TXT
2019-02-22,URUGUAY,Beef Trim,80,0-15 Days,,,,USD/cwt,FOB/TIS,https://esmis.nal.usda.gov/sites/default/release-files/c821gj77m/rx913w47g/th83m5032/NW_LS421.TXT
2019-02-22,URUGUAY,Beef Trim,75,0-15 Days,,,,USD/cwt,FOB/TIS,https://esmis.nal.usda.gov/sites/default/release-files/c821gj77m/rx913w47g/th83m5032/NW_LS421.TXT
2019-02-27,AUSTRALIA AND NEW ZEALAND,Beef Trim,85,0-15 Days,East Coast,195.00,197.00,USD/cwt,FOB/TIS,https://esmis.nal.usda.gov/sites/default/release-files/c821gj77m/k930c419z/b2774277w/NW_LS421.TXT
2019-02-27,AUSTRALIA AND NEW ZEALAND,Beef Trim,80,0-15 Days,East Coast,183.00,184.00,USD/cwt,FOB/TIS,https://esmis.nal.usda.gov/sites/default/release-files/c821gj77m/k930c419z/b2774277w/NW_LS421.TXT
2019-02-27,AUSTRALIA AND NEW ZEALAND,Beef Trim,75,0-15 Days,East Coast,176.00,178.00,USD/cwt,FOB/TIS,https://esmis.nal.usda.gov/sites/default/release-files/c821gj77m/k930c419z/b2774277w/NW_LS421.TXT
2019-02-27,AUSTRALIA AND NEW ZEALAND,Beef Trim,70,0-15 Days,East Coast,,,USD/cwt,FOB/TIS,https://esmis.nal.usda.gov/sites/default/release-files/c821gj77m/k930c419z/b2774277w/NW_LS421.TXT
2019-02-27,AUSTRALIA AND NEW ZEALAND,Beef Trim,65,0-15 Days,East Coast,,,USD/cwt,FOB/TIS,https://esmis.nal.usda.gov/sites/default/release-files/c821gj77m/k930c419z/b2774277w/NW_LS421.TXT
2019-02-27,URUGUAY,Beef Trim,85,0-15 Days,,,,USD/cwt,FOB/TIS,https://esmis.nal.usda.gov/sites/default/release-files/c821gj77m/k930c419z/b2774277w/NW_LS421.TXT
2019-02-27,URUGUAY,Beef Trim,80,0-15 Days,,,,USD/cwt,FOB/TIS,https://esmis.nal.usda.gov/sites/default/release-files/c821gj77m/k930c419z/b2774277w/NW_LS421.TXT
2019-02-27,URUGUAY,Beef Trim,75,0-15 Days,,,,USD/cwt,FOB/TIS,https://esmis.nal.usda.gov/sites/default/release-files/c821gj77m/k930c419z/b2774277w/NW_LS421.TXT
2019-03-01,AUSTRALIA AND NEW ZEALAND,Beef Trim,85,0-15 Days,East Coast,195.00,197.00,USD/cwt,FOB/TIS,https://esmis.nal.usda.gov/sites/default/release-files/c821gj77m/qz20t025v/00000635b/NW_LS421.TXT
2019-03-01,AUSTRALIA AND NEW ZEALAND,Beef Trim,80,0-15 Days,East Coast,183.00,184.00,USD/cwt,FOB/TIS,https://esmis.nal.usda.gov/sites/default/release-files/c821gj77m/qz20t025v/00000635b/NW_LS421.TXT
2019-03-01,AUSTRALIA AND NEW ZEALAND,Beef Trim,75,0-15 Days,East Coast,176.00,178.00,USD/cwt,FOB/TIS,https://esmis.nal.usda.gov/sites/default/release-files/c821gj77m/qz20t025v/00000635b/NW_LS421.TXT
2019-03-01,AUSTRALIA AND NEW ZEALAND,Beef Trim,70,0-15 Days,East Coast,,,USD/cwt,FOB/TIS,https://esmis.nal.usda.gov/sites/default/release-files/c821gj77m/qz20t025v/00000635b/NW_LS421.TXT
2019-03-01,AUSTRALIA AND NEW ZEALAND,Beef Trim,65,0-15 Days,East Coast,,,USD/cwt,FOB/TIS,https://esmis.nal.usda.gov/sites/default/release-files/c821gj77m/qz20t025v/00000635b/NW_LS421.TXT
2019-03-01,URUGUAY,Beef Trim,85,0-15 Days,,,,USD/cwt,FOB/TIS,https://esmis.nal.usda.gov/sites/default/release-files/c821gj77m/qz20t025v/00000635b/NW_LS421.TXT
2019-03-01,URUGUAY,Beef Trim,80,0-15 Days,,,,USD/cwt,FOB/TIS,https://esmis.nal.usda.gov/sites/default/release-files/c821gj77m/qz20t025v/00000635b/NW_LS421.TXT
2019-03-01,URUGUAY,Beef Trim,75,0-15 Days,,,,USD/cwt,FOB/TIS,https://esmis.nal.usda.gov/sites/default/release-files/c821gj77m/qz20t025v/00000635b/NW_LS421.TXT
2019-03-06,AUSTRALIA AND NEW ZEALAND,Beef Trim,85,0-15 Days,East Coast,,,USD/cwt,FOB/TIS,https://esmis.nal.usda.gov/sites/default/release-files/c821gj77m/7p88cp555/q524jv86b/NW_LS421.TXT
2019-03-06,AUSTRALIA AND NEW ZEALAND,Beef Trim,80,0-15 Days,East Coast,,,USD/cwt,FOB/TIS,https://esmis.nal.usda.gov/sites/default/release-files/c821gj77m/7p88cp555/q524jv86b/NW_LS421.TXT
2019-03-06,AUSTRALIA AND NEW ZEALAND,Beef Trim,75,0-15 Days,East Coast,,,USD/cwt,FOB/TIS,https://esmis.nal.usda.gov/sites/default/release-files/c821gj77m/7p88cp555/q524jv86b/NW_LS421.TXT
2019-03-06,AUSTRALIA AND NEW ZEALAND,Beef Trim,70,0-15 Days,East Coast,,,USD/cwt,FOB/TIS,https://esmis.nal.usda.gov/sites/default/release-files/c821gj77m/7p88cp555/q524jv86b/NW_LS421.TXT
2019-03-06,AUSTRALIA AND NEW ZEALAND,Beef Trim,65,0-15 Days,East Coast,,,USD/cwt,FOB/TIS,https://esmis.nal.usda.gov/sites/default/release-files/c821gj77m/7p88cp555/q524jv86b/NW_LS421.TXT
2019-03-06,URUGUAY,Beef Trim,85,0-15 Days,,,,USD/cwt,FOB/TIS,https://esmis.nal.usda.gov/sites/default/release-files/c821gj77m/7p88cp555/q524jv86b/NW_LS421.TXT
2019-03-06,URUGUAY,Beef Trim,80,0-15 Days,,,,USD/cwt,FOB/TIS,https://esmis.nal.usda.gov/sites/default/release-files/c821gj77m/7p88cp555/q524jv86b/NW_LS421.TXT
2019-03-06,URUGUAY,Beef Trim,75,0-15 Days,,,,USD/cwt,FOB/TIS,https://esmis.nal.usda.gov/sites/default/release-files/c821gj77m/7p88cp555/q524jv86b/NW_LS421.TXT
2019-03-08,AUSTRALIA AND NEW ZEALAND,Beef Trim,85,0-15 Days,East Coast,,,USD/cwt,FOB/TIS,https://esmis.nal.usda.gov/sites/default/release-files/c821gj77m/j9602698r/1257b051v/NW_LS421.TXT
2019-03-08,AUSTRALIA AND NEW ZEALAND,Beef Trim,80,0-15 Days,East Coast,,,USD/cwt,FOB/TIS,https://esmis.nal.usda.gov/sites/default/release-files/c821gj77m/j9602698r/1257b051v/NW_LS421.TXT
2019-03-08,AUSTRALIA AND NEW ZEALAND,Beef Trim,75,0-15 Days,East Coast,,,USD/cwt,FOB/TIS,https://esmis.nal.usda.gov/sites/default/release-files/c821gj77m/j9602698r/1257b051v/NW_LS421.TXT
2019-03-08,AUSTRALIA AND NEW ZEALAND,Beef Trim,70,0-15 Days,East Coast,,,USD/cwt,FOB/TIS,https://esmis.nal.usda.gov/sites/default/release-files/c821gj77m/j9602698r/1257b051v/NW_LS421.TXT
2019-03-08,AUSTRALIA AND NEW ZEALAND,Beef Trim,65,0-15 Days,East Coast,,,USD/cwt,FOB/TIS,https://esmis.nal.usda.gov/sites/default/release-files/c821gj77m/j9602698r/1257b051v/NW_LS421.TXT
2019-03-08,URUGUAY,Beef Trim,85,0-15 Days,,,,USD/cwt,FOB/TIS,https://esmis.nal.usda.gov/sites/default/release-files/c821gj77m/j9602698r/1257b051v/NW_LS421.TXT
2019-03-08,URUGUAY,Beef Trim,80,0-15 Days,,,,USD/cwt,FOB/TIS,https://esmis.nal.usda.gov/sites/default/release-files/c821gj77m/j9602698r/1257b051v/NW_LS421.TXT
2019-03-08,URUGUAY,Beef Trim,75,0-15 Days,,,,USD/cwt,FOB/TIS,https://esmis.nal.usda.gov/sites/default/release-files/c821gj77m/j9602698r/1257b051v/NW_LS421.TXT
2019-03-13,AUSTRALIA AND NEW ZEALAND,Beef Trim,85,0-15 Days,East Coast,,,USD/cwt,FOB/TIS,https://esmis.nal.usda.gov/sites/default/release-files/c821gj77m/mc87px430/rn301796t/NW_LS421.TXT
2019-03-13,AUSTRALIA AND NEW ZEALAND,Beef Trim,80,0-15 Days,East Coast,,,USD/cwt,FOB/TIS,https://esmis.nal.usda.gov/sites/default/release-files/c821gj77m/mc87px430/rn301796t/NW_LS421.TXT
2019-03-13,AUSTRALIA AND NEW ZEALAND,Beef Trim,75,0-15 Days,East Coast,,,USD/cwt,FOB/TIS,https://esmis.nal.usda.gov/sites/default/release-files/c821gj77m/mc87px430/rn301796t/NW_LS421.TXT
2019-03-13,AUSTRALIA AND NEW ZEALAND,Beef Trim,70,0-15 Days,East Coast,,,USD/cwt,FOB/TIS,https://esmis.nal.usda.gov/sites/default/release-files/c821gj77m/mc87px430/rn301796t/NW_LS421.TXT
2019-03-13,AUSTRALIA AND NEW ZEALAND,Beef Trim,65,0-15 Days,East Coast,,,USD/cwt,FOB/TIS,https://esmis.nal.usda.gov/sites/default/release-files/c821gj77m/mc87px430/rn301796t/NW_LS421.TXT
2019-03-13,URUGUAY,Beef Trim,85,0-15 Days,,,,USD/cwt,FOB/TIS,https://esmis.nal.usda.gov/sites/default/release-files/c821gj77m/mc87px430/rn301796t/NW_LS421.TXT
2019-03-13,URUGUAY,Beef Trim,80,0-15 Days,,,,USD/cwt,FOB/TIS,https://esmis.nal.usda.gov/sites/default/release-files/c821gj77m/mc87px430/rn301796t/NW_LS421.TXT
2019-03-13,URUGUAY,Beef Trim,75,0-15 Days,,,,USD/cwt,FOB/TIS,https://esmis.nal.usda.gov/sites/default/release-files/c821gj77m/mc87px430/rn301796t/NW_LS421.TXT
2019-03-15,AUSTRALIA AND NEW ZEALAND,Beef Trim,85,0-15 Days,East Coast,,,USD/cwt,FOB/TIS,https://esmis.nal.usda.gov/sites/default/release-files/c821gj77m/1257b0745/d504rs68h/NW_LS421.TXT
2019-03-15,AUSTRALIA AND NEW ZEALAND,Beef Trim,80,0-15 Days,East Coast,,,USD/cwt,FOB/TIS,https://esmis.nal.usda.gov/sites/default/release-files/c821gj77m/1257b0745/d504rs68h/NW_LS421.TXT
2019-03-15,AUSTRALIA AND NEW ZEALAND,Beef Trim,75,0-15 Days,East Coast,,,USD/cwt,FOB/TIS,https://esmis.nal.usda.gov/sites/default/release-files/c821gj77m/1257b0745/d504rs68h/NW_LS421.TXT
2019-03-15,AUSTRALIA AND NEW ZEALAND,Beef Trim,70,0-15 Days,East Coast,,,USD/cwt,FOB/TIS,https://esmis.nal.usda.gov/sites/default/release-files/c821gj77m/1257b0745/d504rs68h/NW_LS421.TXT
2019-03-15,AUSTRALIA AND NEW ZEALAND,Beef Trim,65,0-15 Days,East Coast,,,USD/cwt,FOB/TIS,https://esmis.nal.usda.gov/sites/default/release-files/c821gj77m/1257b0745/d504rs68h/NW_LS421.TXT
2019-03-15,URUGUAY,Beef Trim,85,0-15 Days,,,,USD/cwt,FOB/TIS,https://esmis.nal.usda.gov/sites/default/release-files/c821gj77m/1257b0745/d504rs68h/NW_LS421.TXT
2019-03-15,URUGUAY,Beef Trim,80,0-15 Days,,,,USD/cwt,FOB/TIS,https://esmis.nal.usda.gov/sites/default/release-files/c821gj77m/1257b0745/d504rs68h/NW_LS421.TXT
2019-03-15,URUGUAY,Beef Trim,75,0-15 Days,,,,USD/cwt,FOB/TIS,https://esmis.nal.usda.gov/sites/default/release-files/c821gj77m/1257b0745/d504rs68h/NW_LS421.TXT
2019-03-20,AUSTRALIA AND NEW ZEALAND,Beef Trim,85,0-15 Days,East Coast,,,USD/cwt,FOB/TIS,https://esmis.nal.usda.gov/sites/default/release-files/c821gj77m/4f16c939x/w0892j61b/NW_LS421.TXT
2019-03-20,AUSTRALIA AND NEW ZEALAND,Beef Trim,80,0-15 Days,East Coast,,,USD/cwt,FOB/TIS,https://esmis.nal.usda.gov/sites/default/release-files/c821gj77m/4f16c939x/w0892j61b/NW_LS421.TXT
2019-03-20,AUSTRALIA AND NEW ZEALAND,Beef Trim,75,0-15 Days,East Coast,,,USD/cwt,FOB/TIS,https://esmis.nal.usda.gov/sites/default/release-files/c821gj77m/4f16c939x/w0892j61b/NW_LS421.TXT
2019-03-20,AUSTRALIA AND NEW ZEALAND,Beef Trim,70,0-15 Days,East Coast,,,USD/cwt,FOB/TIS,https://esmis.nal.usda.gov/sites/default/release-files/c821gj77m/4f16c939x/w0892j61b/NW_LS421.TXT
2019-03-20,AUSTRALIA AND NEW ZEALAND,Beef Trim,65,0-15 Days,East Coast,,,USD/cwt,FOB/TIS,https://esmis.nal.usda.gov/sites/default/release-files/c821gj77m/4f16c939x/w0892j61b/NW_LS421.TXT
2019-03-20,URUGUAY,Beef Trim,85,0-15 Days,,,,USD/cwt,FOB/TIS,https://esmis.nal.usda.gov/sites/default/release-files/c821gj77m/4f16c939x/w0892j61b/NW_LS421.TXT
2019-03-20,URUGUAY,Beef Trim,80,0-15 Days,,,,USD/cwt,FOB/TIS,https://esmis.nal.usda.gov/sites/default/release-files/c821gj77m/4f16c939x/w0892j61b/NW_LS421.TXT
2019-03-20,URUGUAY,Beef Trim,75,0-15 Days,,,,USD/cwt,FOB/TIS,https://esmis.nal.usda.gov/sites/default/release-files/c821gj77m/4f16c939x/w0892j61b/NW_LS421.TXT
2019-03-22,AUSTRALIA AND NEW ZEALAND,Beef Trim,85,0-15 Days,East Coast,,,USD/cwt,FOB/TIS,https://esmis.nal.usda.gov/sites/default/release-files/c821gj77m/ms35th60w/v979v950t/NW_LS421.TXT
2019-03-22,AUSTRALIA AND NEW ZEALAND,Beef Trim,80,0-15 Days,East Coast,,,USD/cwt,FOB/TIS,https://esmis.nal.usda.gov/sites/default/release-files/c821gj77m/ms35th60w/v979v950t/NW_LS421.TXT
2019-03-22,AUSTRALIA AND NEW ZEALAND,Beef Trim,75,0-15 Days,East Coast,,,USD/cwt,FOB/TIS,https://esmis.nal.usda.gov/sites/default/release-files/c821gj77m/ms35th60w/v979v950t/NW_LS421.TXT
2019-03-22,AUSTRALIA AND NEW ZEALAND,Beef Trim,70,0-15 Days,East Coast,,,USD/cwt,FOB/TIS,https://esmis.nal.usda.gov/sites/default/release-files/c821gj77m/ms35th60w/v979v950t/NW_LS421.TXT
2019-03-22,AUSTRALIA AND NEW ZEALAND,Beef Trim,65,0-15 Days,East Coast,,,USD/cwt,FOB/TIS,https://esmis.nal.usda.gov/sites/default/release-files/c821gj77m/ms35th60w/v979v950t/NW_LS421.TXT
2019-03-22,URUGUAY,Beef Trim,85,0-15 Days,,,,USD/cwt,FOB/TIS,https://esmis.nal.usda.gov/sites/default/release-files/c821gj77m/ms35th60w/v979v950t/NW_LS421.TXT
2019-03-22,URUGUAY,Beef Trim,80,0-15 Days,,,,USD/cwt,FOB/TIS,https://esmis.nal.usda.gov/sites/default/release-files/c821gj77m/ms35th60w/v979v950t/NW_LS421.TXT
2019-03-22,URUGUAY,Beef Trim,75,0-15 Days,,,,USD/cwt,FOB/TIS,https://esmis.nal.usda.gov/sites/default/release-files/c821gj77m/ms35th60w/v979v950t/NW_LS421.TXT
2019-03-27,AUSTRALIA AND NEW ZEALAND,Beef Trim,85,0-15 Days,East Coast,,,USD/cwt,FOB/TIS,https://esmis.nal.usda.gov/sites/default/release-files/c821gj77m/6h441121b/4m90f3447/NW_LS421.TXT
2019-03-27,AUSTRALIA AND NEW ZEALAND,Beef Trim,80,0-15 Days,East Coast,,,USD/cwt,FOB/TIS,https://esmis.nal.usda.gov/sites/default/release-files/c821gj77m/6h441121b/4m90f3447/NW_LS421.TXT
2019-03-27,AUSTRALIA AND NEW ZEALAND,Beef Trim,75,0-15 Days,East Coast,,,USD/cwt,FOB/TIS,https://esmis.nal.usda.gov/sites/default/release-files/c821gj77m/6h441121b/4m90f3447/NW_LS421.TXT
2019-03-27,AUSTRALIA AND NEW ZEALAND,Beef Trim,70,0-15 Days,East Coast,,,USD/cwt,FOB/TIS,https://esmis.nal.usda.gov/sites/default/release-files/c821gj77m/6h441121b/4m90f3447/NW_LS421.TXT
2019-03-27,AUSTRALIA AND NEW ZEALAND,Beef Trim,65,0-15 Days,East Coast,,,USD/cwt,FOB/TIS,https://esmis.nal.usda.gov/sites/default/release-files/c821gj77m/6h441121b/4m90f3447/NW_LS421.TXT
2019-03-27,URUGUAY,Beef Trim,85,0-15 Days,,,,USD/cwt,FOB/TIS,https://esmis.nal.usda.gov/sites/default/release-files/c821gj77m/6h441121b/4m90f3447/NW_LS421.TXT
2019-03-27,URUGUAY,Beef Trim,80,0-15 Days,,,,USD/cwt,FOB/TIS,https://esmis.nal.usda.gov/sites/default/release-files/c821gj77m/6h441121b/4m90f3447/NW_LS421.TXT
2019-03-27,URUGUAY,Beef Trim,75,0-15 Days,,,,USD/cwt,FOB/TIS,https://esmis.nal.usda.gov/sites/default/release-files/c821gj77m/6h441121b/4m90f3447/NW_LS421.TXT
2019-03-29,AUSTRALIA AND NEW ZEALAND,Beef Trim,85,0-15 Days,East Coast,,,USD/cwt,FOB/TIS,https://esmis.nal.usda.gov/sites/default/release-files/c821gj77m/3n2046112/3x816v18k/NW_LS421.TXT
2019-03-29,AUSTRALIA AND NEW ZEALAND,Beef Trim,80,0-15 Days,East Coast,,,USD/cwt,FOB/TIS,https://esmis.nal.usda.gov/sites/default/release-files/c821gj77m/3n2046112/3x816v18k/NW_LS421.TXT
2019-03-29,AUSTRALIA AND NEW ZEALAND,Beef Trim,75,0-15 Days,East Coast,,,USD/cwt,FOB/TIS,https://esmis.nal.usda.gov/sites/default/release-files/c821gj77m/3n2046112/3x816v18k/NW_LS421.TXT
2019-03-29,AUSTRALIA AND NEW ZEALAND,Beef Trim,70,0-15 Days,East Coast,,,USD/cwt,FOB/TIS,https://esmis.nal.usda.gov/sites/default/release-files/c821gj77m/3n2046112/3x816v18k/NW_LS421.TXT
2019-03-29,AUSTRALIA AND NEW ZEALAND,Beef Trim,65,0-15 Days,East Coast,,,USD/cwt,FOB/TIS,https://esmis.nal.usda.gov/sites/default/release-files/c821gj77m/3n2046112/3x816v18k/NW_LS421.TXT
2019-03-29,URUGUAY,Beef Trim,85,0-15 Days,,,,USD/cwt,FOB/TIS,https://esmis.nal.usda.gov/sites/default/release-files/c821gj77m/3n2046112/3x816v18k/NW_LS421.TXT
2019-03-29,URUGUAY,Beef Trim,80,0-15 Days,,,,USD/cwt,FOB/TIS,https://esmis.nal.usda.gov/sites/default/release-files/c821gj77m/3n2046112/3x816v18k/NW_LS421.TXT
2019-03-29,URUGUAY,Beef Trim,75,0-15 Days,,,,USD/cwt,FOB/TIS,https://esmis.nal.usda.gov/sites/default/release-files/c821gj77m/3n2046112/3x816v18k/NW_LS421.TXT
2019-04-03,AUSTRALIA AND NEW ZEALAND,Beef Trim,85,0-15 Days,East Coast,,,USD/cwt,FOB/TIS,https://esmis.nal.usda.gov/sites/default/release-files/c821gj77m/sn00b565p/44558n483/NW_LS421.TXT
2019-04-03,AUSTRALIA AND NEW ZEALAND,Beef Trim,80,0-15 Days,East Coast,,,USD/cwt,FOB/TIS,https://esmis.nal.usda.gov/sites/default/release-files/c821gj77m/sn00b565p/44558n483/NW_LS421.TXT
2019-04-03,AUSTRALIA AND NEW ZEALAND,Beef Trim,75,0-15 Days,East Coast,,,USD/cwt,FOB/TIS,https://esmis.nal.usda.gov/sites/default/release-files/c821gj77m/sn00b565p/44558n483/NW_LS421.TXT
2019-04-03,AUSTRALIA AND NEW ZEALAND,Beef Trim,70,0-15 Days,East Coast,,,USD/cwt,FOB/TIS,https://esmis.nal.usda.gov/sites/default/release-files/c821gj77m/sn00b565p/44558n483/NW_LS421.TXT
2019-04-03,AUSTRALIA AND NEW ZEALAND,Beef Trim,65,0-15 Days,East Coast,,,USD/cwt,FOB/TIS,https://esmis.nal.usda.gov/sites/default/release-files/c821gj77m/sn00b565p/44558n483/NW_LS421.TXT
2019-04-03,URUGUAY,Beef Trim,85,0-15 Days,,,,USD/cwt,FOB/TIS,https://esmis.nal.usda.gov/sites/default/release-files/c821gj77m/sn00b565p/44558n483/NW_LS421.TXT
2019-04-03,URUGUAY,Beef Trim,80,0-15 Days,,,,USD/cwt,FOB/TIS,https://esmis.nal.usda.gov/sites/default/release-files/c821gj77m/sn00b565p/44558n483/NW_LS421.TXT
2019-04-03,URUGUAY,Beef Trim,75,0-15 Days,,,,USD/cwt,FOB/TIS,https://esmis.nal.usda.gov/sites/default/release-files/c821gj77m/sn00b565p/44558n483/NW_LS421.TXT
2019-04-05,AUSTRALIA AND NEW ZEALAND,Beef Trim,85,0-15 Days,East Coast,,,USD/cwt,FOB/TIS,https://esmis.nal.usda.gov/sites/default/release-files/c821gj77m/nz806679v/zs25xh36k/NW_LS421.TXT
2019-04-05,AUSTRALIA AND NEW ZEALAND,Beef Trim,80,0-15 Days,East Coast,,,USD/cwt,FOB/TIS,https://esmis.nal.usda.gov/sites/default/release-files/c821gj77m/nz806679v/zs25xh36k/NW_LS421.TXT
2019-04-05,AUSTRALIA AND NEW ZEALAND,Beef Trim,75,0-15 Days,East Coast,,,USD/cwt,FOB/TIS,https://esmis.nal.usda.gov/sites/default/release-files/c821gj77m/nz806679v/zs25xh36k/NW_LS421.TXT
2019-04-05,AUSTRALIA AND NEW ZEALAND,Beef Trim,70,0-15 Days,East Coast,,,USD/cwt,FOB/TIS,https://esmis.nal.usda.gov/sites/default/release-files/c821gj77m/nz806679v/zs25xh36k/NW_LS421.TXT
2019-04-05,AUSTRALIA AND NEW ZEALAND,Beef Trim,65,0-15 Days,East Coast,,,USD/cwt,FOB/TIS,https://esmis.nal.usda.gov/sites/default/release-files/c821gj77m/nz806679v/zs25xh36k/NW_LS421.TXT
2019-04-05,URUGUAY,Beef Trim,85,0-15 Days,,,,USD/cwt,FOB/TIS,https://esmis.nal.usda.gov/sites/default/release-files/c821gj77m/nz806679v/zs25xh36k/NW_LS421.TXT
2019-04-05,URUGUAY,Beef Trim,80,0-15 Days,,,,USD/cwt,FOB/TIS,https://esmis.nal.usda.gov/sites/default/release-files/c821gj77m/nz806679v/zs25xh36k/NW_LS421.TXT
2019-04-05,URUGUAY,Beef Trim,75,0-15 Days,,,,USD/cwt,FOB/TIS,https://esmis.nal.usda.gov/sites/default/release-files/c821gj77m/nz806679v/zs25xh36k/NW_LS421.TXT
2019-04-10,AUSTRALIA AND NEW ZEALAND,Beef Trim,85,0-15 Days,East Coast,,,USD/cwt,FOB/TIS,https://esmis.nal.usda.gov/sites/default/release-files/c821gj77m/wh247092m/2j62sc89q/NW_LS421.TXT
2019-04-10,AUSTRALIA AND NEW ZEALAND,Beef Trim,80,0-15 Days,East Coast,,,USD/cwt,FOB/TIS,https://esmis.nal.usda.gov/sites/default/release-files/c821gj77m/wh247092m/2j62sc89q/NW_LS421.TXT
2019-04-10,AUSTRALIA AND NEW ZEALAND,Beef Trim,75,0-15 Days,East Coast,,,USD/cwt,FOB/TIS,https://esmis.nal.usda.gov/sites/default/release-files/c821gj77m/wh247092m/2j62sc89q/NW_LS421.TXT
2019-04-10,AUSTRALIA AND NEW ZEALAND,Beef Trim,70,0-15 Days,East Coast,,,USD/cwt,FOB/TIS,https://esmis.nal.usda.gov/sites/default/release-files/c821gj77m/wh247092m/2j62sc89q/NW_LS421.TXT
2019-04-10,AUSTRALIA AND NEW ZEALAND,Beef Trim,65,0-15 Days,East Coast,,,USD/cwt,FOB/TIS,https://esmis.nal.usda.gov/sites/default/release-files/c821gj77m/wh247092m/2j62sc89q/NW_LS421.TXT
2019-04-10,URUGUAY,Beef Trim,85,0-15 Days,,,,USD/cwt,FOB/TIS,https://esmis.nal.usda.gov/sites/default/release-files/c821gj77m/wh247092m/2j62sc89q/NW_LS421.TXT
2019-04-10,URUGUAY,Beef Trim,80,0-15 Days,,,,USD/cwt,FOB/TIS,https://esmis.nal.usda.gov/sites/default/release-files/c821gj77m/wh247092m/2j62sc89q/NW_LS421.TXT
2019-04-10,URUGUAY,Beef Trim,75,0-15 Days,,,,USD/cwt,FOB/TIS,https://esmis.nal.usda.gov/sites/default/release-files/c821gj77m/wh247092m/2j62sc89q/NW_LS421.TXT
2019-04-12,AUSTRALIA AND NEW ZEALAND,Beef Trim,85,0-15 Days,East Coast,,,USD/cwt,FOB/TIS,https://esmis.nal.usda.gov/sites/default/release-files/c821gj77m/xs55mm48q/2514nt590/NW_LS421.TXT
2019-04-12,AUSTRALIA AND NEW ZEALAND,Beef Trim,80,0-15 Days,East Coast,,,USD/cwt,FOB/TIS,https://esmis.nal.usda.gov/sites/default/release-files/c821gj77m/xs55mm48q/2514nt590/NW_LS421.TXT
2019-04-12,AUSTRALIA AND NEW ZEALAND,Beef Trim,75,0-15 Days,East Coast,,,USD/cwt,FOB/TIS,https://esmis.nal.usda.gov/sites/default/release-files/c821gj77m/xs55mm48q/2514nt590/NW_LS421.TXT
2019-04-12,AUSTRALIA AND NEW ZEALAND,Beef Trim,70,0-15 Days,East Coast,,,USD/cwt,FOB/TIS,https://esmis.nal.usda.gov/sites/default/release-files/c821gj77m/xs55mm48q/2514nt590/NW_LS421.TXT
2019-04-12,AUSTRALIA AND NEW ZEALAND,Beef Trim,65,0-15 Days,East Coast,,,USD/cwt,FOB/TIS,https://esmis.nal.usda.gov/sites/default/release-files/c821gj77m/xs55mm48q/2514nt590/NW_LS421.TXT
2019-04-12,URUGUAY,Beef Trim,85,0-15 Days,,,,USD/cwt,FOB/TIS,https://esmis.nal.usda.gov/sites/default/release-files/c821gj77m/xs55mm48q/2514nt590/NW_LS421.TXT
2019-04-12,URUGUAY,Beef Trim,80,0-15 Days,,,,USD/cwt,FOB/TIS,https://esmis.nal.usda.gov/sites/default/release-files/c821gj77m/xs55mm48q/2514nt590/NW_LS421.TXT
2019-04-12,URUGUAY,Beef Trim,75,0-15 Days,,,,USD/cwt,FOB/TIS,https://esmis.nal.usda.gov/sites/default/release-files/c821gj77m/xs55mm48q/2514nt590/NW_LS421.TXT
2019-04-17,AUSTRALIA AND NEW ZEALAND,Beef Trim,85,0-15 Days,East Coast,213.00,214.00,USD/cwt,FOB/TIS,https://esmis.nal.usda.gov/sites/default/release-files/c821gj77m/sn00b596p/g158br27v/NW_LS421.TXT
2019-04-17,AUSTRALIA AND NEW ZEALAND,Beef Trim,80,0-15 Days,East Coast,,,USD/cwt,FOB/TIS,https://esmis.nal.usda.gov/sites/default/release-files/c821gj77m/sn00b596p/g158br27v/NW_LS421.TXT
2019-04-17,AUSTRALIA AND NEW ZEALAND,Beef Trim,75,0-15 Days,East Coast,,,USD/cwt,FOB/TIS,https://esmis.nal.usda.gov/sites/default/release-files/c821gj77m/sn00b596p/g158br27v/NW_LS421.TXT
2019-04-17,AUSTRALIA AND NEW ZEALAND,Beef Trim,70,0-15 Days,East Coast,,,USD/cwt,FOB/TIS,https://esmis.nal.usda.gov/sites/default/release-files/c821gj77m/sn00b596p/g158br27v/NW_LS421.TXT
2019-04-17,AUSTRALIA AND NEW ZEALAND,Beef Trim,65,0-15 Days,East Coast,,,USD/cwt,FOB/TIS,https://esmis.nal.usda.gov/sites/default/release-files/c821gj77m/sn00b596p/g158br27v/NW_LS421.TXT
2019-04-17,URUGUAY,Beef Trim,85,0-15 Days,,,,USD/cwt,FOB/TIS,https://esmis.nal.usda.gov/sites/default/release-files/c821gj77m/sn00b596p/g158br27v/NW_LS421.TXT
2019-04-17,URUGUAY,Beef Trim,80,0-15 Days,,,,USD/cwt,FOB/TIS,https://esmis.nal.usda.gov/sites/default/release-files/c821gj77m/sn00b596p/g158br27v/NW_LS421.TXT
2019-04-17,URUGUAY,Beef Trim,75,0-15 Days,,,,USD/cwt,FOB/TIS,https://esmis.nal.usda.gov/sites/default/release-files/c821gj77m/sn00b596p/g158br27v/NW_LS421.TXT
2019-04-19,AUSTRALIA AND NEW ZEALAND,Beef Trim,85,0-15 Days,East Coast,213.00,214.00,USD/cwt,FOB/TIS,https://esmis.nal.usda.gov/sites/default/release-files/c821gj77m/q237j137r/hm50v0890/NW_LS421.TXT
2019-04-19,AUSTRALIA AND NEW ZEALAND,Beef Trim,80,0-15 Days,East Coast,,,USD/cwt,FOB/TIS,https://esmis.nal.usda.gov/sites/default/release-files/c821gj77m/q237j137r/hm50v0890/NW_LS421.TXT
2019-04-19,AUSTRALIA AND NEW ZEALAND,Beef Trim,75,0-15 Days,East Coast,,,USD/cwt,FOB/TIS,https://esmis.nal.usda.gov/sites/default/release-files/c821gj77m/q237j137r/hm50v0890/NW_LS421.TXT
2019-04-19,AUSTRALIA AND NEW ZEALAND,Beef Trim,70,0-15 Days,East Coast,,,USD/cwt,FOB/TIS,https://esmis.nal.usda.gov/sites/default/release-files/c821gj77m/q237j137r/hm50v0890/NW_LS421.TXT
2019-04-19,AUSTRALIA AND NEW ZEALAND,Beef Trim,65,0-15 Days,East Coast,,,USD/cwt,FOB/TIS,https://esmis.nal.usda.gov/sites/default/release-files/c821gj77m/q237j137r/hm50v0890/NW_LS421.TXT
2019-04-19,URUGUAY,Beef Trim,85,0-15 Days,,,,USD/cwt,FOB/TIS,https://esmis.nal.usda.gov/sites/default/release-files/c821gj77m/q237j137r/hm50v0890/NW_LS421.TXT
2019-04-19,URUGUAY,Beef Trim,80,0-15 Days,,,,USD/cwt,FOB/TIS,https://esmis.nal.usda.gov/sites/default/release-files/c821gj77m/q237j137r/hm50v0890/NW_LS421.TXT
2019-04-19,URUGUAY,Beef Trim,75,0-15 Days,,,,USD/cwt,FOB/TIS,https://esmis.nal.usda.gov/sites/default/release-files/c821gj77m/q237j137r/hm50v0890/NW_LS421.TXT
2019-04-24,AUSTRALIA AND NEW ZEALAND,Beef Trim,85,0-15 Days,East Coast,211.00,213.00,USD/cwt,FOB/TIS,https://esmis.nal.usda.gov/sites/default/release-files/c821gj77m/8049gd53v/dv1402316/NW_LS421.TXT
2019-04-24,AUSTRALIA AND NEW ZEALAND,Beef Trim,80,0-15 Days,East Coast,,,USD/cwt,FOB/TIS,https://esmis.nal.usda.gov/sites/default/release-files/c821gj77m/8049gd53v/dv1402316/NW_LS421.TXT
2019-04-24,AUSTRALIA AND NEW ZEALAND,Beef Trim,75,0-15 Days,East Coast,,,USD/cwt,FOB/TIS,https://esmis.nal.usda.gov/sites/default/release-files/c821gj77m/8049gd53v/dv1402316/NW_LS421.TXT
2019-04-24,AUSTRALIA AND NEW ZEALAND,Beef Trim,70,0-15 Days,East Coast,,,USD/cwt,FOB/TIS,https://esmis.nal.usda.gov/sites/default/release-files/c821gj77m/8049gd53v/dv1402316/NW_LS421.TXT
2019-04-24,AUSTRALIA AND NEW ZEALAND,Beef Trim,65,0-15 Days,East Coast,,,USD/cwt,FOB/TIS,https://esmis.nal.usda.gov/sites/default/release-files/c821gj77m/8049gd53v/dv1402316/NW_LS421.TXT
2019-04-24,URUGUAY,Beef Trim,85,0-15 Days,,,,USD/cwt,FOB/TIS,https://esmis.nal.usda.gov/sites/default/release-files/c821gj77m/8049gd53v/dv1402316/NW_LS421.TXT
2019-04-24,URUGUAY,Beef Trim,80,0-15 Days,,,,USD/cwt,FOB/TIS,https://esmis.nal.usda.gov/sites/default/release-files/c821gj77m/8049gd53v/dv1402316/NW_LS421.TXT
2019-04-24,URUGUAY,Beef Trim,75,0-15 Days,,,,USD/cwt,FOB/TIS,https://esmis.nal.usda.gov/sites/default/release-files/c821gj77m/8049gd53v/dv1402316/NW_LS421.TXT
2019-04-26,AUSTRALIA AND NEW ZEALAND,Beef Trim,85,0-15 Days,East Coast,211.00,213.00,USD/cwt,FOB/TIS,https://esmis.nal.usda.gov/sites/default/release-files/c821gj77m/9306t7105/c821gt956/NW_LS421.TXT
2019-04-26,AUSTRALIA AND NEW ZEALAND,Beef Trim,80,0-15 Days,East Coast,,,USD/cwt,FOB/TIS,https://esmis.nal.usda.gov/sites/default/release-files/c821gj77m/9306t7105/c821gt956/NW_LS421.TXT
2019-04-26,AUSTRALIA AND NEW ZEALAND,Beef Trim,75,0-15 Days,East Coast,,,USD/cwt,FOB/TIS,https://esmis.nal.usda.gov/sites/default/release-files/c821gj77m/9306t7105/c821gt956/NW_LS421.TXT
2019-04-26,AUSTRALIA AND NEW ZEALAND,Beef Trim,70,0-15 Days,East Coast,,,USD/cwt,FOB/TIS,https://esmis.nal.usda.gov/sites/default/release-files/c821gj77m/9306t7105/c821gt956/NW_LS421.TXT
2019-04-26,AUSTRALIA AND NEW ZEALAND,Beef Trim,65,0-15 Days,East Coast,,,USD/cwt,FOB/TIS,https://esmis.nal.usda.gov/sites/default/release-files/c821gj77m/9306t7105/c821gt956/NW_LS421.TXT
2019-04-26,URUGUAY,Beef Trim,85,0-15 Days,,,,USD/cwt,FOB/TIS,https://esmis.nal.usda.gov/sites/default/release-files/c821gj77m/9306t7105/c821gt956/NW_LS421.TXT
2019-04-26,URUGUAY,Beef Trim,80,0-15 Days,,,,USD/cwt,FOB/TIS,https://esmis.nal.usda.gov/sites/default/release-files/c821gj77m/9306t7105/c821gt956/NW_LS421.TXT
2019-04-26,URUGUAY,Beef Trim,75,0-15 Days,,,,USD/cwt,FOB/TIS,https://esmis.nal.usda.gov/sites/default/release-files/c821gj77m/9306t7105/c821gt956/NW_LS421.TXT
2019-05-01,AUSTRALIA AND NEW ZEALAND,Beef Trim,85,0-15 Days,East Coast,,,USD/cwt,FOB/TIS,https://esmis.nal.usda.gov/sites/default/release-files/c821gj77m/cn69mc237/tx31qs464/NW_LS421.TXT
2019-05-01,AUSTRALIA AND NEW ZEALAND,Beef Trim,80,0-15 Days,East Coast,,,USD/cwt,FOB/TIS,https://esmis.nal.usda.gov/sites/default/release-files/c821gj77m/cn69mc237/tx31qs464/NW_LS421.TXT
2019-05-01,AUSTRALIA AND NEW ZEALAND,Beef Trim,75,0-15 Days,East Coast,,,USD/cwt,FOB/TIS,https://esmis.nal.usda.gov/sites/default/release-files/c821gj77m/cn69mc237/tx31qs464/NW_LS421.TXT
2019-05-01,AUSTRALIA AND NEW ZEALAND,Beef Trim,70,0-15 Days,East Coast,,,USD/cwt,FOB/TIS,https://esmis.nal.usda.gov/sites/default/release-files/c821gj77m/cn69mc237/tx31qs464/NW_LS421.TXT
2019-05-01,AUSTRALIA AND NEW ZEALAND,Beef Trim,65,0-15 Days,East Coast,,,USD/cwt,FOB/TIS,https://esmis.nal.usda.gov/sites/default/release-files/c821gj77m/cn69mc237/tx31qs464/NW_LS421.TXT
2019-05-01,URUGUAY,Beef Trim,85,0-15 Days,,,,USD/cwt,FOB/TIS,https://esmis.nal.usda.gov/sites/default/release-files/c821gj77m/cn69mc237/tx31qs464/NW_LS421.TXT
2019-05-01,URUGUAY,Beef Trim,80,0-15 Days,,,,USD/cwt,FOB/TIS,https://esmis.nal.usda.gov/sites/default/release-files/c821gj77m/cn69mc237/tx31qs464/NW_LS421.TXT
2019-05-01,URUGUAY,Beef Trim,75,0-15 Days,,,,USD/cwt,FOB/TIS,https://esmis.nal.usda.gov/sites/default/release-files/c821gj77m/cn69mc237/tx31qs464/NW_LS421.TXT
2019-05-03,AUSTRALIA AND NEW ZEALAND,Beef Trim,85,0-15 Days,East Coast,,,USD/cwt,FOB/TIS,https://esmis.nal.usda.gov/sites/default/release-files/c821gj77m/1j92gh29t/fj236995m/NW_LS421.TXT
2019-05-03,AUSTRALIA AND NEW ZEALAND,Beef Trim,80,0-15 Days,East Coast,,,USD/cwt,FOB/TIS,https://esmis.nal.usda.gov/sites/default/release-files/c821gj77m/1j92gh29t/fj236995m/NW_LS421.TXT
2019-05-03,AUSTRALIA AND NEW ZEALAND,Beef Trim,75,0-15 Days,East Coast,,,USD/cwt,FOB/TIS,https://esmis.nal.usda.gov/sites/default/release-files/c821gj77m/1j92gh29t/fj236995m/NW_LS421.TXT
2019-05-03,AUSTRALIA AND NEW ZEALAND,Beef Trim,70,0-15 Days,East Coast,,,USD/cwt,FOB/TIS,https://esmis.nal.usda.gov/sites/default/release-files/c821gj77m/1j92gh29t/fj236995m/NW_LS421.TXT
2019-05-03,AUSTRALIA AND NEW ZEALAND,Beef Trim,65,0-15 Days,East Coast,,,USD/cwt,FOB/TIS,https://esmis.nal.usda.gov/sites/default/release-files/c821gj77m/1j92gh29t/fj236995m/NW_LS421.TXT
2019-05-03,URUGUAY,Beef Trim,85,0-15 Days,,,,USD/cwt,FOB/TIS,https://esmis.nal.usda.gov/sites/default/release-files/c821gj77m/1j92gh29t/fj236995m/NW_LS421.TXT
2019-05-03,URUGUAY,Beef Trim,80,0-15 Days,,,,USD/cwt,FOB/TIS,https://esmis.nal.usda.gov/sites/default/release-files/c821gj77m/1j92gh29t/fj236995m/NW_LS421.TXT
2019-05-03,URUGUAY,Beef Trim,75,0-15 Days,,,,USD/cwt,FOB/TIS,https://esmis.nal.usda.gov/sites/default/release-files/c821gj77m/1j92gh29t/fj236995m/NW_LS421.TXT
2019-05-08,AUSTRALIA AND NEW ZEALAND,Beef Trim,85,0-15 Days,East Coast,210.00,212.00,USD/cwt,FOB/TIS,https://esmis.nal.usda.gov/sites/default/release-files/c821gj77m/6682xc70b/5999nc44k/NW_LS421.TXT
2019-05-08,AUSTRALIA AND NEW ZEALAND,Beef Trim,80,0-15 Days,East Coast,,,USD/cwt,FOB/TIS,https://esmis.nal.usda.gov/sites/default/release-files/c821gj77m/6682xc70b/5999nc44k/NW_LS421.TXT
2019-05-08,AUSTRALIA AND NEW ZEALAND,Beef Trim,75,0-15 Days,East Coast,,,USD/cwt,FOB/TIS,https://esmis.nal.usda.gov/sites/default/release-files/c821gj77m/6682xc70b/5999nc44k/NW_LS421.TXT
2019-05-08,AUSTRALIA AND NEW ZEALAND,Beef Trim,70,0-15 Days,East Coast,,,USD/cwt,FOB/TIS,https://esmis.nal.usda.gov/sites/default/release-files/c821gj77m/6682xc70b/5999nc44k/NW_LS421.TXT
2019-05-08,AUSTRALIA AND NEW ZEALAND,Beef Trim,65,0-15 Days,East Coast,,,USD/cwt,FOB/TIS,https://esmis.nal.usda.gov/sites/default/release-files/c821gj77m/6682xc70b/5999nc44k/NW_LS421.TXT
2019-05-08,URUGUAY,Beef Trim,85,0-15 Days,,,,USD/cwt,FOB/TIS,https://esmis.nal.usda.gov/sites/default/release-files/c821gj77m/6682xc70b/5999nc44k/NW_LS421.TXT
2019-05-08,URUGUAY,Beef Trim,80,0-15 Days,,,,USD/cwt,FOB/TIS,https://esmis.nal.usda.gov/sites/default/release-files/c821gj77m/6682xc70b/5999nc44k/NW_LS421.TXT
2019-05-08,URUGUAY,Beef Trim,75,0-15 Days,,,,USD/cwt,FOB/TIS,https://esmis.nal.usda.gov/sites/default/release-files/c821gj77m/6682xc70b/5999nc44k/NW_LS421.TXT
2019-05-10,AUSTRALIA AND NEW ZEALAND,Beef Trim,85,0-15 Days,East Coast,210.00,212.00,USD/cwt,FOB/TIS,https://esmis.nal.usda.gov/sites/default/release-files/c821gj77m/z029pd60s/5q47rx460/NW_LS421.TXT
2019-05-10,AUSTRALIA AND NEW ZEALAND,Beef Trim,80,0-15 Days,East Coast,,,USD/cwt,FOB/TIS,https://esmis.nal.usda.gov/sites/default/release-files/c821gj77m/z029pd60s/5q47rx460/NW_LS421.TXT
2019-05-10,AUSTRALIA AND NEW ZEALAND,Beef Trim,75,0-15 Days,East Coast,,,USD/cwt,FOB/TIS,https://esmis.nal.usda.gov/sites/default/release-files/c821gj77m/z029pd60s/5q47rx460/NW_LS421.TXT
2019-05-10,AUSTRALIA AND NEW ZEALAND,Beef Trim,70,0-15 Days,East Coast,,,USD/cwt,FOB/TIS,https://esmis.nal.usda.gov/sites/default/release-files/c821gj77m/z029pd60s/5q47rx460/NW_LS421.TXT
2019-05-10,AUSTRALIA AND NEW ZEALAND,Beef Trim,65,0-15 Days,East Coast,,,USD/cwt,FOB/TIS,https://esmis.nal.usda.gov/sites/default/release-files/c821gj77m/z029pd60s/5q47rx460/NW_LS421.TXT
2019-05-10,URUGUAY,Beef Trim,85,0-15 Days,,,,USD/cwt,FOB/TIS,https://esmis.nal.usda.gov/sites/default/release-files/c821gj77m/z029pd60s/5q47rx460/NW_LS421.TXT
2019-05-10,URUGUAY,Beef Trim,80,0-15 Days,,,,USD/cwt,FOB/TIS,https://esmis.nal.usda.gov/sites/default/release-files/c821gj77m/z029pd60s/5q47rx460/NW_LS421.TXT
2019-05-10,URUGUAY,Beef Trim,75,0-15 Days,,,,USD/cwt,FOB/TIS,https://esmis.nal.usda.gov/sites/default/release-files/c821gj77m/z029pd60s/5q47rx460/NW_LS421.TXT
2019-05-15,AUSTRALIA AND NEW ZEALAND,Beef Trim,85,0-15 Days,East Coast,,,USD/cwt,FOB/TIS,https://esmis.nal.usda.gov/sites/default/release-files/c821gj77m/hx11xq335/3x816w64w/NW_LS421.TXT
2019-05-15,AUSTRALIA AND NEW ZEALAND,Beef Trim,80,0-15 Days,East Coast,,,USD/cwt,FOB/TIS,https://esmis.nal.usda.gov/sites/default/release-files/c821gj77m/hx11xq335/3x816w64w/NW_LS421.TXT
2019-05-15,AUSTRALIA AND NEW ZEALAND,Beef Trim,75,0-15 Days,East Coast,,,USD/cwt,FOB/TIS,https://esmis.nal.usda.gov/sites/default/release-files/c821gj77m/hx11xq335/3x816w64w/NW_LS421.TXT
2019-05-15,AUSTRALIA AND NEW ZEALAND,Beef Trim,70,0-15 Days,East Coast,,,USD/cwt,FOB/TIS,https://esmis.nal.usda.gov/sites/default/release-files/c821gj77m/hx11xq335/3x816w64w/NW_LS421.TXT
2019-05-15,AUSTRALIA AND NEW ZEALAND,Beef Trim,65,0-15 Days,East Coast,,,USD/cwt,FOB/TIS,https://esmis.nal.usda.gov/sites/default/release-files/c821gj77m/hx11xq335/3x816w64w/NW_LS421.TXT
2019-05-15,URUGUAY,Beef Trim,85,0-15 Days,,,,USD/cwt,FOB/TIS,https://esmis.nal.usda.gov/sites/default/release-files/c821gj77m/hx11xq335/3x816w64w/NW_LS421.TXT
2019-05-15,URUGUAY,Beef Trim,80,0-15 Days,,,,USD/cwt,FOB/TIS,https://esmis.nal.usda.gov/sites/default/release-files/c821gj77m/hx11xq335/3x816w64w/NW_LS421.TXT
2019-05-15,URUGUAY,Beef Trim,75,0-15 Days,,,,USD/cwt,FOB/TIS,https://esmis.nal.usda.gov/sites/default/release-files/c821gj77m/hx11xq335/3x816w64w/NW_LS421.TXT
2019-05-17,AUSTRALIA AND NEW ZEALAND,Beef Trim,85,0-15 Days,East Coast,,,USD/cwt,FOB/TIS,https://esmis.nal.usda.gov/sites/default/release-files/c821gj77m/qv33s592w/4x51ht758/NW_LS421.TXT
2019-05-17,AUSTRALIA AND NEW ZEALAND,Beef Trim,80,0-15 Days,East Coast,,,USD/cwt,FOB/TIS,https://esmis.nal.usda.gov/sites/default/release-files/c821gj77m/qv33s592w/4x51ht758/NW_LS421.TXT
2019-05-17,AUSTRALIA AND NEW ZEALAND,Beef Trim,75,0-15 Days,East Coast,,,USD/cwt,FOB/TIS,https://esmis.nal.usda.gov/sites/default/release-files/c821gj77m/qv33s592w/4x51ht758/NW_LS421.TXT
2019-05-17,AUSTRALIA AND NEW ZEALAND,Beef Trim,70,0-15 Days,East Coast,,,USD/cwt,FOB/TIS,https://esmis.nal.usda.gov/sites/default/release-files/c821gj77m/qv33s592w/4x51ht758/NW_LS421.TXT
2019-05-17,AUSTRALIA AND NEW ZEALAND,Beef Trim,65,0-15 Days,East Coast,,,USD/cwt,FOB/TIS,https://esmis.nal.usda.gov/sites/default/release-files/c821gj77m/qv33s592w/4x51ht758/NW_LS421.TXT
2019-05-17,URUGUAY,Beef Trim,85,0-15 Days,,,,USD/cwt,FOB/TIS,https://esmis.nal.usda.gov/sites/default/release-files/c821gj77m/qv33s592w/4x51ht758/NW_LS421.TXT
2019-05-17,URUGUAY,Beef Trim,80,0-15 Days,,,,USD/cwt,FOB/TIS,https://esmis.nal.usda.gov/sites/default/release-files/c821gj77m/qv33s592w/4x51ht758/NW_LS421.TXT
2019-05-17,URUGUAY,Beef Trim,75,0-15 Days,,,,USD/cwt,FOB/TIS,https://esmis.nal.usda.gov/sites/default/release-files/c821gj77m/qv33s592w/4x51ht758/NW_LS421.TXT
2019-05-22,AUSTRALIA AND NEW ZEALAND,Beef Trim,85,0-15 Days,East Coast,206.00,208.00,USD/cwt,FOB/TIS,https://esmis.nal.usda.gov/sites/default/release-files/c821gj77m/7w62fj81p/ht24wt85p/NW_LS421.TXT
2019-05-22,AUSTRALIA AND NEW ZEALAND,Beef Trim,85,0-15 Days,East Coast,206.00,208.00,USD/cwt,FOB/TIS,https://esmis.nal.usda.gov/sites/default/release-files/c821gj77m/8c97m078x/m326mb23b/NW_LS421.TXT
2019-05-22,AUSTRALIA AND NEW ZEALAND,Beef Trim,85,0-15 Days,East Coast,206.00,208.00,USD/cwt,FOB/TIS,https://esmis.nal.usda.gov/sites/default/release-files/c821gj77m/sn00b695m/zc77t074b/NW_LS421.TXT
2019-05-22,AUSTRALIA AND NEW ZEALAND,Beef Trim,85,0-15 Days,East Coast,206.00,208.00,USD/cwt,FOB/TIS,https://esmis.nal.usda.gov/sites/default/release-files/c821gj77m/m039kf46d/7m01bw06c/NW_LS421.TXT
2019-05-22,AUSTRALIA AND NEW ZEALAND,Beef Trim,80,0-15 Days,East Coast,198.00,199.00,USD/cwt,FOB/TIS,https://esmis.nal.usda.gov/sites/default/release-files/c821gj77m/7w62fj81p/ht24wt85p/NW_LS421.TXT
2019-05-22,AUSTRALIA AND NEW ZEALAND,Beef Trim,80,0-15 Days,East Coast,198.00,199.00,USD/cwt,FOB/TIS,https://esmis.nal.usda.gov/sites/default/release-files/c821gj77m/8c97m078x/m326mb23b/NW_LS421.TXT
2019-05-22,AUSTRALIA AND NEW ZEALAND,Beef Trim,80,0-15 Days,East Coast,198.00,199.00,USD/cwt,FOB/TIS,https://esmis.nal.usda.gov/sites/default/release-files/c821gj77m/sn00b695m/zc77t074b/NW_LS421.TXT
2019-05-22,AUSTRALIA AND NEW ZEALAND,Beef Trim,80,0-15 Days,East Coast,198.00,199.00,USD/cwt,FOB/TIS,https://esmis.nal.usda.gov/sites/default/release-files/c821gj77m/m039kf46d/7m01bw06c/NW_LS421.TXT
2019-05-22,AUSTRALIA AND NEW ZEALAND,Beef Trim,75,0-15 Days,East Coast,188.00,189.00,USD/cwt,FOB/TIS,https://esmis.nal.usda.gov/sites/default/release-files/c821gj77m/7w62fj81p/ht24wt85p/NW_LS421.TXT
2019-05-22,AUSTRALIA AND NEW ZEALAND,Beef Trim,75,0-15 Days,East Coast,188.00,189.00,USD/cwt,FOB/TIS,https://esmis.nal.usda.gov/sites/default/release-files/c821gj77m/8c97m078x/m326mb23b/NW_LS421.TXT
2019-05-22,AUSTRALIA AND NEW ZEALAND,Beef Trim,75,0-15 Days,East Coast,188.00,189.00,USD/cwt,FOB/TIS,https://esmis.nal.usda.gov/sites/default/release-files/c821gj77m/sn00b695m/zc77t074b/NW_LS421.TXT
2019-05-22,AUSTRALIA AND NEW ZEALAND,Beef Trim,75,0-15 Days,East Coast,188.00,189.00,USD/cwt,FOB/TIS,https://esmis.nal.usda.gov/sites/default/release-files/c821gj77m/m039kf46d/7m01bw06c/NW_LS421.TXT
2019-05-22,AUSTRALIA AND NEW ZEALAND,Beef Trim,70,0-15 Days,East Coast,,,USD/cwt,FOB/TIS,https://esmis.nal.usda.gov/sites/default/release-files/c821gj77m/7w62fj81p/ht24wt85p/NW_LS421.TXT
2019-05-22,AUSTRALIA AND NEW ZEALAND,Beef Trim,70,0-15 Days,East Coast,,,USD/cwt,FOB/TIS,https://esmis.nal.usda.gov/sites/default/release-files/c821gj77m/8c97m078x/m326mb23b/NW_LS421.TXT
2019-05-22,AUSTRALIA AND NEW ZEALAND,Beef Trim,70,0-15 Days,East Coast,,,USD/cwt,FOB/TIS,https://esmis.nal.usda.gov/sites/default/release-files/c821gj77m/sn00b695m/zc77t074b/NW_LS421.TXT
2019-05-22,AUSTRALIA AND NEW ZEALAND,Beef Trim,70,0-15 Days,East Coast,,,USD/cwt,FOB/TIS,https://esmis.nal.usda.gov/sites/default/release-files/c821gj77m/m039kf46d/7m01bw06c/NW_LS421.TXT
2019-05-22,AUSTRALIA AND NEW ZEALAND,Beef Trim,65,0-15 Days,East Coast,,,USD/cwt,FOB/TIS,https://esmis.nal.usda.gov/sites/default/release-files/c821gj77m/7w62fj81p/ht24wt85p/NW_LS421.TXT
2019-05-22,AUSTRALIA AND NEW ZEALAND,Beef Trim,65,0-15 Days,East Coast,,,USD/cwt,FOB/TIS,https://esmis.nal.usda.gov/sites/default/release-files/c821gj77m/8c97m078x/m326mb23b/NW_LS421.TXT
2019-05-22,AUSTRALIA AND NEW ZEALAND,Beef Trim,65,0-15 Days,East Coast,,,USD/cwt,FOB/TIS,https://esmis.nal.usda.gov/sites/default/release-files/c821gj77m/sn00b695m/zc77t074b/NW_LS421.TXT
2019-05-22,AUSTRALIA AND NEW ZEALAND,Beef Trim,65,0-15 Days,East Coast,,,USD/cwt,FOB/TIS,https://esmis.nal.usda.gov/sites/default/release-files/c821gj77m/m039kf46d/7m01bw06c/NW_LS421.TXT
2019-05-22,URUGUAY,Beef Trim,85,0-15 Days,,,,USD/cwt,FOB/TIS,https://esmis.nal.usda.gov/sites/default/release-files/c821gj77m/7w62fj81p/ht24wt85p/NW_LS421.TXT
2019-05-22,URUGUAY,Beef Trim,85,0-15 Days,,,,USD/cwt,FOB/TIS,https://esmis.nal.usda.gov/sites/default/release-files/c821gj77m/8c97m078x/m326mb23b/NW_LS421.TXT
2019-05-22,URUGUAY,Beef Trim,85,0-15 Days,,,,USD/cwt,FOB/TIS,https://esmis.nal.usda.gov/sites/default/release-files/c821gj77m/sn00b695m/zc77t074b/NW_LS421.TXT
2019-05-22,URUGUAY,Beef Trim,85,0-15 Days,,,,USD/cwt,FOB/TIS,https://esmis.nal.usda.gov/sites/default/release-files/c821gj77m/m039kf46d/7m01bw06c/NW_LS421.TXT
2019-05-22,URUGUAY,Beef Trim,80,0-15 Days,,,,USD/cwt,FOB/TIS,https://esmis.nal.usda.gov/sites/default/release-files/c821gj77m/7w62fj81p/ht24wt85p/NW_LS421.TXT
2019-05-22,URUGUAY,Beef Trim,80,0-15 Days,,,,USD/cwt,FOB/TIS,https://esmis.nal.usda.gov/sites/default/release-files/c821gj77m/8c97m078x/m326mb23b/NW_LS421.TXT
2019-05-22,URUGUAY,Beef Trim,80,0-15 Days,,,,USD/cwt,FOB/TIS,https://esmis.nal.usda.gov/sites/default/release-files/c821gj77m/sn00b695m/zc77t074b/NW_LS421.TXT
2019-05-22,URUGUAY,Beef Trim,80,0-15 Days,,,,USD/cwt,FOB/TIS,https://esmis.nal.usda.gov/sites/default/release-files/c821gj77m/m039kf46d/7m01bw06c/NW_LS421.TXT
2019-05-22,URUGUAY,Beef Trim,75,0-15 Days,,,,USD/cwt,FOB/TIS,https://esmis.nal.usda.gov/sites/default/release-files/c821gj77m/7w62fj81p/ht24wt85p/NW_LS421.TXT
2019-05-22,URUGUAY,Beef Trim,75,0-15 Days,,,,USD/cwt,FOB/TIS,https://esmis.nal.usda.gov/sites/default/release-files/c821gj77m/8c97m078x/m326mb23b/NW_LS421.TXT
2019-05-22,URUGUAY,Beef Trim,75,0-15 Days,,,,USD/cwt,FOB/TIS,https://esmis.nal.usda.gov/sites/default/release-files/c821gj77m/sn00b695m/zc77t074b/NW_LS421.TXT
2019-05-22,URUGUAY,Beef Trim,75,0-15 Days,,,,USD/cwt,FOB/TIS,https://esmis.nal.usda.gov/sites/default/release-files/c821gj77m/m039kf46d/7m01bw06c/NW_LS421.TXT
2019-05-24,AUSTRALIA AND NEW ZEALAND,Beef Trim,85,0-15 Days,East Coast,206.00,208.00,USD/cwt,FOB/TIS,https://esmis.nal.usda.gov/sites/default/release-files/c821gj77m/dz0110204/qr46r928t/NW_LS421.TXT
2019-05-24,AUSTRALIA AND NEW ZEALAND,Beef Trim,80,0-15 Days,East Coast,198.00,199.00,USD/cwt,FOB/TIS,https://esmis.nal.usda.gov/sites/default/release-files/c821gj77m/dz0110204/qr46r928t/NW_LS421.TXT
2019-05-24,AUSTRALIA AND NEW ZEALAND,Beef Trim,75,0-15 Days,East Coast,188.00,189.00,USD/cwt,FOB/TIS,https://esmis.nal.usda.gov/sites/default/release-files/c821gj77m/dz0110204/qr46r928t/NW_LS421.TXT
2019-05-24,AUSTRALIA AND NEW ZEALAND,Beef Trim,70,0-15 Days,East Coast,,,USD/cwt,FOB/TIS,https://esmis.nal.usda.gov/sites/default/release-files/c821gj77m/dz0110204/qr46r928t/NW_LS421.TXT
2019-05-24,AUSTRALIA AND NEW ZEALAND,Beef Trim,65,0-15 Days,East Coast,,,USD/cwt,FOB/TIS,https://esmis.nal.usda.gov/sites/default/release-files/c821gj77m/dz0110204/qr46r928t/NW_LS421.TXT
2019-05-24,URUGUAY,Beef Trim,85,0-15 Days,,,,USD/cwt,FOB/TIS,https://esmis.nal.usda.gov/sites/default/release-files/c821gj77m/dz0110204/qr46r928t/NW_LS421.TXT
2019-05-24,URUGUAY,Beef Trim,80,0-15 Days,,,,USD/cwt,FOB/TIS,https://esmis.nal.usda.gov/sites/default/release-files/c821gj77m/dz0110204/qr46r928t/NW_LS421.TXT
2019-05-24,URUGUAY,Beef Trim,75,0-15 Days,,,,USD/cwt,FOB/TIS,https://esmis.nal.usda.gov/sites/default/release-files/c821gj77m/dz0110204/qr46r928t/NW_LS421.TXT
2019-05-29,AUSTRALIA AND NEW ZEALAND,Beef Trim,85,0-15 Days,East Coast,206.00,208.00,USD/cwt,FOB/TIS,https://esmis.nal.usda.gov/sites/default/release-files/c821gj77m/6h441309g/765379646/NW_LS421.TXT
2019-05-29,AUSTRALIA AND NEW ZEALAND,Beef Trim,80,0-15 Days,East Coast,198.00,199.00,USD/cwt,FOB/TIS,https://esmis.nal.usda.gov/sites/default/release-files/c821gj77m/6h441309g/765379646/NW_LS421.TXT
2019-05-29,AUSTRALIA AND NEW ZEALAND,Beef Trim,75,0-15 Days,East Coast,188.00,189.00,USD/cwt,FOB/TIS,https://esmis.nal.usda.gov/sites/default/release-files/c821gj77m/6h441309g/765379646/NW_LS421.TXT
2019-05-29,AUSTRALIA AND NEW ZEALAND,Beef Trim,70,0-15 Days,East Coast,,,USD/cwt,FOB/TIS,https://esmis.nal.usda.gov/sites/default/release-files/c821gj77m/6h441309g/765379646/NW_LS421.TXT
2019-05-29,AUSTRALIA AND NEW ZEALAND,Beef Trim,65,0-15 Days,East Coast,,,USD/cwt,FOB/TIS,https://esmis.nal.usda.gov/sites/default/release-files/c821gj77m/6h441309g/765379646/NW_LS421.TXT
2019-05-29,URUGUAY,Beef Trim,85,0-15 Days,,,,USD/cwt,FOB/TIS,https://esmis.nal.usda.gov/sites/default/release-files/c821gj77m/6h441309g/765379646/NW_LS421.TXT
2019-05-29,URUGUAY,Beef Trim,80,0-15 Days,,,,USD/cwt,FOB/TIS,https://esmis.nal.usda.gov/sites/default/release-files/c821gj77m/6h441309g/765379646/NW_LS421.TXT
2019-05-29,URUGUAY,Beef Trim,75,0-15 Days,,,,USD/cwt,FOB/TIS,https://esmis.nal.usda.gov/sites/default/release-files/c821gj77m/6h441309g/765379646/NW_LS421.TXT
2019-05-31,AUSTRALIA AND NEW ZEALAND,Beef Trim,85,0-15 Days,East Coast,206.00,208.00,USD/cwt,FOB/TIS,https://esmis.nal.usda.gov/sites/default/release-files/c821gj77m/zk51vr999/4f16cc32d/NW_LS421.TXT
2019-05-31,AUSTRALIA AND NEW ZEALAND,Beef Trim,80,0-15 Days,East Coast,198.00,199.00,USD/cwt,FOB/TIS,https://esmis.nal.usda.gov/sites/default/release-files/c821gj77m/zk51vr999/4f16cc32d/NW_LS421.TXT
2019-05-31,AUSTRALIA AND NEW ZEALAND,Beef Trim,75,0-15 Days,East Coast,188.00,189.00,USD/cwt,FOB/TIS,https://esmis.nal.usda.gov/sites/default/release-files/c821gj77m/zk51vr999/4f16cc32d/NW_LS421.TXT
2019-05-31,AUSTRALIA AND NEW ZEALAND,Beef Trim,70,0-15 Days,East Coast,,,USD/cwt,FOB/TIS,https://esmis.nal.usda.gov/sites/default/release-files/c821gj77m/zk51vr999/4f16cc32d/NW_LS421.TXT
2019-05-31,AUSTRALIA AND NEW ZEALAND,Beef Trim,65,0-15 Days,East Coast,,,USD/cwt,FOB/TIS,https://esmis.nal.usda.gov/sites/default/release-files/c821gj77m/zk51vr999/4f16cc32d/NW_LS421.TXT
2019-05-31,URUGUAY,Beef Trim,85,0-15 Days,,,,USD/cwt,FOB/TIS,https://esmis.nal.usda.gov/sites/default/release-files/c821gj77m/zk51vr999/4f16cc32d/NW_LS421.TXT
2019-05-31,URUGUAY,Beef Trim,80,0-15 Days,,,,USD/cwt,FOB/TIS,https://esmis.nal.usda.gov/sites/default/release-files/c821gj77m/zk51vr999/4f16cc32d/NW_LS421.TXT
2019-05-31,URUGUAY,Beef Trim,75,0-15 Days,,,,USD/cwt,FOB/TIS,https://esmis.nal.usda.gov/sites/default/release-files/c821gj77m/zk51vr999/4f16cc32d/NW_LS421.TXT
2019-06-05,AUSTRALIA AND NEW ZEALAND,Beef Trim,85,0-15 Days,East Coast,,,USD/cwt,FOB/TIS,https://esmis.nal.usda.gov/sites/default/release-files/c821gj77m/0k225m784/r207tz69q/NW_LS421.TXT
2019-06-05,AUSTRALIA AND NEW ZEALAND,Beef Trim,80,0-15 Days,East Coast,,,USD/cwt,FOB/TIS,https://esmis.nal.usda.gov/sites/default/release-files/c821gj77m/0k225m784/r207tz69q/NW_LS421.TXT
2019-06-05,AUSTRALIA AND NEW ZEALAND,Beef Trim,75,0-15 Days,East Coast,,,USD/cwt,FOB/TIS,https://esmis.nal.usda.gov/sites/default/release-files/c821gj77m/0k225m784/r207tz69q/NW_LS421.TXT
2019-06-05,AUSTRALIA AND NEW ZEALAND,Beef Trim,70,0-15 Days,East Coast,,,USD/cwt,FOB/TIS,https://esmis.nal.usda.gov/sites/default/release-files/c821gj77m/0k225m784/r207tz69q/NW_LS421.TXT
2019-06-05,AUSTRALIA AND NEW ZEALAND,Beef Trim,65,0-15 Days,East Coast,,,USD/cwt,FOB/TIS,https://esmis.nal.usda.gov/sites/default/release-files/c821gj77m/0k225m784/r207tz69q/NW_LS421.TXT
2019-06-05,URUGUAY,Beef Trim,85,0-15 Days,,,,USD/cwt,FOB/TIS,https://esmis.nal.usda.gov/sites/default/release-files/c821gj77m/0k225m784/r207tz69q/NW_LS421.TXT
2019-06-05,URUGUAY,Beef Trim,80,0-15 Days,,,,USD/cwt,FOB/TIS,https://esmis.nal.usda.gov/sites/default/release-files/c821gj77m/0k225m784/r207tz69q/NW_LS421.TXT
2019-06-05,URUGUAY,Beef Trim,75,0-15 Days,,,,USD/cwt,FOB/TIS,https://esmis.nal.usda.gov/sites/default/release-files/c821gj77m/0k225m784/r207tz69q/NW_LS421.TXT
2019-06-07,AUSTRALIA AND NEW ZEALAND,Beef Trim,85,0-15 Days,East Coast,,,USD/cwt,FOB/TIS,https://esmis.nal.usda.gov/sites/default/release-files/c821gj77m/tq57p185q/3f462g07d/NW_LS421.TXT
2019-06-07,AUSTRALIA AND NEW ZEALAND,Beef Trim,80,0-15 Days,East Coast,,,USD/cwt,FOB/TIS,https://esmis.nal.usda.gov/sites/default/release-files/c821gj77m/tq57p185q/3f462g07d/NW_LS421.TXT
2019-06-07,AUSTRALIA AND NEW ZEALAND,Beef Trim,75,0-15 Days,East Coast,,,USD/cwt,FOB/TIS,https://esmis.nal.usda.gov/sites/default/release-files/c821gj77m/tq57p185q/3f462g07d/NW_LS421.TXT
2019-06-07,AUSTRALIA AND NEW ZEALAND,Beef Trim,70,0-15 Days,East Coast,,,USD/cwt,FOB/TIS,https://esmis.nal.usda.gov/sites/default/release-files/c821gj77m/tq57p185q/3f462g07d/NW_LS421.TXT
2019-06-07,AUSTRALIA AND NEW ZEALAND,Beef Trim,65,0-15 Days,East Coast,,,USD/cwt,FOB/TIS,https://esmis.nal.usda.gov/sites/default/release-files/c821gj77m/tq57p185q/3f462g07d/NW_LS421.TXT
2019-06-07,URUGUAY,Beef Trim,85,0-15 Days,,,,USD/cwt,FOB/TIS,https://esmis.nal.usda.gov/sites/default/release-files/c821gj77m/tq57p185q/3f462g07d/NW_LS421.TXT
2019-06-07,URUGUAY,Beef Trim,80,0-15 Days,,,,USD/cwt,FOB/TIS,https://esmis.nal.usda.gov/sites/default/release-files/c821gj77m/tq57p185q/3f462g07d/NW_LS421.TXT
2019-06-07,URUGUAY,Beef Trim,75,0-15 Days,,,,USD/cwt,FOB/TIS,https://esmis.nal.usda.gov/sites/default/release-files/c821gj77m/tq57p185q/3f462g07d/NW_LS421.TXT
2019-06-12,AUSTRALIA AND NEW ZEALAND,Beef Trim,85,0-15 Days,East Coast,,,USD/cwt,FOB/TIS,https://esmis.nal.usda.gov/sites/default/release-files/c821gj77m/ks65hn816/3f462g153/NW_LS421.TXT
2019-06-12,AUSTRALIA AND NEW ZEALAND,Beef Trim,80,0-15 Days,East Coast,,,USD/cwt,FOB/TIS,https://esmis.nal.usda.gov/sites/default/release-files/c821gj77m/ks65hn816/3f462g153/NW_LS421.TXT
2019-06-12,AUSTRALIA AND NEW ZEALAND,Beef Trim,75,0-15 Days,East Coast,,,USD/cwt,FOB/TIS,https://esmis.nal.usda.gov/sites/default/release-files/c821gj77m/ks65hn816/3f462g153/NW_LS421.TXT
2019-06-12,AUSTRALIA AND NEW ZEALAND,Beef Trim,70,0-15 Days,East Coast,,,USD/cwt,FOB/TIS,https://esmis.nal.usda.gov/sites/default/release-files/c821gj77m/ks65hn816/3f462g153/NW_LS421.TXT
2019-06-12,AUSTRALIA AND NEW ZEALAND,Beef Trim,65,0-15 Days,East Coast,,,USD/cwt,FOB/TIS,https://esmis.nal.usda.gov/sites/default/release-files/c821gj77m/ks65hn816/3f462g153/NW_LS421.TXT
2019-06-12,URUGUAY,Beef Trim,85,0-15 Days,,,,USD/cwt,FOB/TIS,https://esmis.nal.usda.gov/sites/default/release-files/c821gj77m/ks65hn816/3f462g153/NW_LS421.TXT
2019-06-12,URUGUAY,Beef Trim,80,0-15 Days,,,,USD/cwt,FOB/TIS,https://esmis.nal.usda.gov/sites/default/release-files/c821gj77m/ks65hn816/3f462g153/NW_LS421.TXT
2019-06-12,URUGUAY,Beef Trim,75,0-15 Days,,,,USD/cwt,FOB/TIS,https://esmis.nal.usda.gov/sites/default/release-files/c821gj77m/ks65hn816/3f462g153/NW_LS421.TXT
2019-06-14,AUSTRALIA AND NEW ZEALAND,Beef Trim,85,0-15 Days,East Coast,,,USD/cwt,FOB/TIS,https://esmis.nal.usda.gov/sites/default/release-files/c821gj77m/g158bs94x/bn999h306/NW_LS421.TXT
2019-06-14,AUSTRALIA AND NEW ZEALAND,Beef Trim,80,0-15 Days,East Coast,,,USD/cwt,FOB/TIS,https://esmis.nal.usda.gov/sites/default/release-files/c821gj77m/g158bs94x/bn999h306/NW_LS421.TXT
2019-06-14,AUSTRALIA AND NEW ZEALAND,Beef Trim,75,0-15 Days,East Coast,,,USD/cwt,FOB/TIS,https://esmis.nal.usda.gov/sites/default/release-files/c821gj77m/g158bs94x/bn999h306/NW_LS421.TXT
2019-06-14,AUSTRALIA AND NEW ZEALAND,Beef Trim,70,0-15 Days,East Coast,,,USD/cwt,FOB/TIS,https://esmis.nal.usda.gov/sites/default/release-files/c821gj77m/g158bs94x/bn999h306/NW_LS421.TXT
2019-06-14,AUSTRALIA AND NEW ZEALAND,Beef Trim,65,0-15 Days,East Coast,,,USD/cwt,FOB/TIS,https://esmis.nal.usda.gov/sites/default/release-files/c821gj77m/g158bs94x/bn999h306/NW_LS421.TXT
2019-06-14,URUGUAY,Beef Trim,85,0-15 Days,,,,USD/cwt,FOB/TIS,https://esmis.nal.usda.gov/sites/default/release-files/c821gj77m/g158bs94x/bn999h306/NW_LS421.TXT
2019-06-14,URUGUAY,Beef Trim,80,0-15 Days,,,,USD/cwt,FOB/TIS,https://esmis.nal.usda.gov/sites/default/release-files/c821gj77m/g158bs94x/bn999h306/NW_LS421.TXT
2019-06-14,URUGUAY,Beef Trim,75,0-15 Days,,,,USD/cwt,FOB/TIS,https://esmis.nal.usda.gov/sites/default/release-files/c821gj77m/g158bs94x/bn999h306/NW_LS421.TXT
2019-06-19,AUSTRALIA AND NEW ZEALAND,Beef Trim,85,0-15 Days,East Coast,211.00,212.00,USD/cwt,FOB/TIS,https://esmis.nal.usda.gov/sites/default/release-files/c821gj77m/4m90f600s/bc386v37c/NW_LS421.TXT
2019-06-19,AUSTRALIA AND NEW ZEALAND,Beef Trim,80,0-15 Days,East Coast,203.00,205.00,USD/cwt,FOB/TIS,https://esmis.nal.usda.gov/sites/default/release-files/c821gj77m/4m90f600s/bc386v37c/NW_LS421.TXT
2019-06-19,AUSTRALIA AND NEW ZEALAND,Beef Trim,75,0-15 Days,East Coast,,,USD/cwt,FOB/TIS,https://esmis.nal.usda.gov/sites/default/release-files/c821gj77m/4m90f600s/bc386v37c/NW_LS421.TXT
2019-06-19,AUSTRALIA AND NEW ZEALAND,Beef Trim,70,0-15 Days,East Coast,,,USD/cwt,FOB/TIS,https://esmis.nal.usda.gov/sites/default/release-files/c821gj77m/4m90f600s/bc386v37c/NW_LS421.TXT
2019-06-19,AUSTRALIA AND NEW ZEALAND,Beef Trim,65,0-15 Days,East Coast,,,USD/cwt,FOB/TIS,https://esmis.nal.usda.gov/sites/default/release-files/c821gj77m/4m90f600s/bc386v37c/NW_LS421.TXT
2019-06-19,URUGUAY,Beef Trim,85,0-15 Days,,,,USD/cwt,FOB/TIS,https://esmis.nal.usda.gov/sites/default/release-files/c821gj77m/4m90f600s/bc386v37c/NW_LS421.TXT
2019-06-19,URUGUAY,Beef Trim,80,0-15 Days,,,,USD/cwt,FOB/TIS,https://esmis.nal.usda.gov/sites/default/release-files/c821gj77m/4m90f600s/bc386v37c/NW_LS421.TXT
2019-06-19,URUGUAY,Beef Trim,75,0-15 Days,,,,USD/cwt,FOB/TIS,https://esmis.nal.usda.gov/sites/default/release-files/c821gj77m/4m90f600s/bc386v37c/NW_LS421.TXT
2019-06-21,AUSTRALIA AND NEW ZEALAND,Beef Trim,85,0-15 Days,East Coast,211.00,212.00,USD/cwt,FOB/TIS,https://esmis.nal.usda.gov/sites/default/release-files/c821gj77m/8g84mx41j/gm80j597f/NW_LS421.TXT
2019-06-21,AUSTRALIA AND NEW ZEALAND,Beef Trim,80,0-15 Days,East Coast,203.00,205.00,USD/cwt,FOB/TIS,https://esmis.nal.usda.gov/sites/default/release-files/c821gj77m/8g84mx41j/gm80j597f/NW_LS421.TXT
2019-06-21,AUSTRALIA AND NEW ZEALAND,Beef Trim,75,0-15 Days,East Coast,,,USD/cwt,FOB/TIS,https://esmis.nal.usda.gov/sites/default/release-files/c821gj77m/8g84mx41j/gm80j597f/NW_LS421.TXT
2019-06-21,AUSTRALIA AND NEW ZEALAND,Beef Trim,70,0-15 Days,East Coast,,,USD/cwt,FOB/TIS,https://esmis.nal.usda.gov/sites/default/release-files/c821gj77m/8g84mx41j/gm80j597f/NW_LS421.TXT
2019-06-21,AUSTRALIA AND NEW ZEALAND,Beef Trim,65,0-15 Days,East Coast,,,USD/cwt,FOB/TIS,https://esmis.nal.usda.gov/sites/default/release-files/c821gj77m/8g84mx41j/gm80j597f/NW_LS421.TXT
2019-06-21,URUGUAY,Beef Trim,85,0-15 Days,,,,USD/cwt,FOB/TIS,https://esmis.nal.usda.gov/sites/default/release-files/c821gj77m/8g84mx41j/gm80j597f/NW_LS421.TXT
2019-06-21,URUGUAY,Beef Trim,80,0-15 Days,,,,USD/cwt,FOB/TIS,https://esmis.nal.usda.gov/sites/default/release-files/c821gj77m/8g84mx41j/gm80j597f/NW_LS421.TXT
2019-06-21,URUGUAY,Beef Trim,75,0-15 Days,,,,USD/cwt,FOB/TIS,https://esmis.nal.usda.gov/sites/default/release-files/c821gj77m/8g84mx41j/gm80j597f/NW_LS421.TXT
2019-06-26,AUSTRALIA AND NEW ZEALAND,Beef Trim,85,0-15 Days,East Coast,211.00,212.00,USD/cwt,FOB/TIS,https://esmis.nal.usda.gov/sites/default/release-files/c821gj77m/wd376666c/1r66jb59h/NW_LS421.TXT
2019-06-26,AUSTRALIA AND NEW ZEALAND,Beef Trim,80,0-15 Days,East Coast,203.00,205.00,USD/cwt,FOB/TIS,https://esmis.nal.usda.gov/sites/default/release-files/c821gj77m/wd376666c/1r66jb59h/NW_LS421.TXT
2019-06-26,AUSTRALIA AND NEW ZEALAND,Beef Trim,75,0-15 Days,East Coast,,,USD/cwt,FOB/TIS,https://esmis.nal.usda.gov/sites/default/release-files/c821gj77m/wd376666c/1r66jb59h/NW_LS421.TXT
2019-06-26,AUSTRALIA AND NEW ZEALAND,Beef Trim,70,0-15 Days,East Coast,,,USD/cwt,FOB/TIS,https://esmis.nal.usda.gov/sites/default/release-files/c821gj77m/wd376666c/1r66jb59h/NW_LS421.TXT
2019-06-26,AUSTRALIA AND NEW ZEALAND,Beef Trim,65,0-15 Days,East Coast,,,USD/cwt,FOB/TIS,https://esmis.nal.usda.gov/sites/default/release-files/c821gj77m/wd376666c/1r66jb59h/NW_LS421.TXT
2019-06-26,URUGUAY,Beef Trim,85,0-15 Days,,,,USD/cwt,FOB/TIS,https://esmis.nal.usda.gov/sites/default/release-files/c821gj77m/wd376666c/1r66jb59h/NW_LS421.TXT
2019-06-26,URUGUAY,Beef Trim,80,0-15 Days,,,,USD/cwt,FOB/TIS,https://esmis.nal.usda.gov/sites/default/release-files/c821gj77m/wd376666c/1r66jb59h/NW_LS421.TXT
2019-06-26,URUGUAY,Beef Trim,75,0-15 Days,,,,USD/cwt,FOB/TIS,https://esmis.nal.usda.gov/sites/default/release-files/c821gj77m/wd376666c/1r66jb59h/NW_LS421.TXT
2019-06-28,AUSTRALIA AND NEW ZEALAND,Beef Trim,85,0-15 Days,East Coast,211.00,212.00,USD/cwt,FOB/TIS,https://esmis.nal.usda.gov/sites/default/release-files/c821gj77m/bn999h75j/zw12zg52m/NW_LS421.TXT
2019-06-28,AUSTRALIA AND NEW ZEALAND,Beef Trim,80,0-15 Days,East Coast,203.00,205.00,USD/cwt,FOB/TIS,https://esmis.nal.usda.gov/sites/default/release-files/c821gj77m/bn999h75j/zw12zg52m/NW_LS421.TXT
2019-06-28,AUSTRALIA AND NEW ZEALAND,Beef Trim,75,0-15 Days,East Coast,,,USD/cwt,FOB/TIS,https://esmis.nal.usda.gov/sites/default/release-files/c821gj77m/bn999h75j/zw12zg52m/NW_LS421.TXT
2019-06-28,AUSTRALIA AND NEW ZEALAND,Beef Trim,70,0-15 Days,East Coast,,,USD/cwt,FOB/TIS,https://esmis.nal.usda.gov/sites/default/release-files/c821gj77m/bn999h75j/zw12zg52m/NW_LS421.TXT
2019-06-28,AUSTRALIA AND NEW ZEALAND,Beef Trim,65,0-15 Days,East Coast,,,USD/cwt,FOB/TIS,https://esmis.nal.usda.gov/sites/default/release-files/c821gj77m/bn999h75j/zw12zg52m/NW_LS421.TXT
2019-06-28,URUGUAY,Beef Trim,85,0-15 Days,,,,USD/cwt,FOB/TIS,https://esmis.nal.usda.gov/sites/default/release-files/c821gj77m/bn999h75j/zw12zg52m/NW_LS421.TXT
2019-06-28,URUGUAY,Beef Trim,80,0-15 Days,,,,USD/cwt,FOB/TIS,https://esmis.nal.usda.gov/sites/default/release-files/c821gj77m/bn999h75j/zw12zg52m/NW_LS421.TXT
2019-06-28,URUGUAY,Beef Trim,75,0-15 Days,,,,USD/cwt,FOB/TIS,https://esmis.nal.usda.gov/sites/default/release-files/c821gj77m/bn999h75j/zw12zg52m/NW_LS421.TXT
2019-07-03,AUSTRALIA AND NEW ZEALAND,Beef Trim,85,0-15 Days,East Coast,,,USD/cwt,FOB/TIS,https://esmis.nal.usda.gov/sites/default/release-files/c821gj77m/w3763j23s/j9602b32g/NW_LS421.TXT
2019-07-03,AUSTRALIA AND NEW ZEALAND,Beef Trim,80,0-15 Days,East Coast,,,USD/cwt,FOB/TIS,https://esmis.nal.usda.gov/sites/default/release-files/c821gj77m/w3763j23s/j9602b32g/NW_LS421.TXT
2019-07-03,AUSTRALIA AND NEW ZEALAND,Beef Trim,75,0-15 Days,East Coast,,,USD/cwt,FOB/TIS,https://esmis.nal.usda.gov/sites/default/release-files/c821gj77m/w3763j23s/j9602b32g/NW_LS421.TXT
2019-07-03,AUSTRALIA AND NEW ZEALAND,Beef Trim,70,0-15 Days,East Coast,,,USD/cwt,FOB/TIS,https://esmis.nal.usda.gov/sites/default/release-files/c821gj77m/w3763j23s/j9602b32g/NW_LS421.TXT
2019-07-03,AUSTRALIA AND NEW ZEALAND,Beef Trim,65,0-15 Days,East Coast,,,USD/cwt,FOB/TIS,https://esmis.nal.usda.gov/sites/default/release-files/c821gj77m/w3763j23s/j9602b32g/NW_LS421.TXT
2019-07-03,URUGUAY,Beef Trim,85,0-15 Days,,,,USD/cwt,FOB/TIS,https://esmis.nal.usda.gov/sites/default/release-files/c821gj77m/w3763j23s/j9602b32g/NW_LS421.TXT
2019-07-03,URUGUAY,Beef Trim,80,0-15 Days,,,,USD/cwt,FOB/TIS,https://esmis.nal.usda.gov/sites/default/release-files/c821gj77m/w3763j23s/j9602b32g/NW_LS421.TXT
2019-07-03,URUGUAY,Beef Trim,75,0-15 Days,,,,USD/cwt,FOB/TIS,https://esmis.nal.usda.gov/sites/default/release-files/c821gj77m/w3763j23s/j9602b32g/NW_LS421.TXT
2019-07-05,AUSTRALIA AND NEW ZEALAND,Beef Trim,85,0-15 Days,East Coast,,,USD/cwt,FOB/TIS,https://esmis.nal.usda.gov/sites/default/release-files/c821gj77m/d791ss31p/tb09jh599/NW_LS421.TXT
2019-07-05,AUSTRALIA AND NEW ZEALAND,Beef Trim,80,0-15 Days,East Coast,,,USD/cwt,FOB/TIS,https://esmis.nal.usda.gov/sites/default/release-files/c821gj77m/d791ss31p/tb09jh599/NW_LS421.TXT
2019-07-05,AUSTRALIA AND NEW ZEALAND,Beef Trim,75,0-15 Days,East Coast,,,USD/cwt,FOB/TIS,https://esmis.nal.usda.gov/sites/default/release-files/c821gj77m/d791ss31p/tb09jh599/NW_LS421.TXT
2019-07-05,AUSTRALIA AND NEW ZEALAND,Beef Trim,70,0-15 Days,East Coast,,,USD/cwt,FOB/TIS,https://esmis.nal.usda.gov/sites/default/release-files/c821gj77m/d791ss31p/tb09jh599/NW_LS421.TXT
2019-07-05,AUSTRALIA AND NEW ZEALAND,Beef Trim,65,0-15 Days,East Coast,,,USD/cwt,FOB/TIS,https://esmis.nal.usda.gov/sites/default/release-files/c821gj77m/d791ss31p/tb09jh599/NW_LS421.TXT
2019-07-05,URUGUAY,Beef Trim,85,0-15 Days,,,,USD/cwt,FOB/TIS,https://esmis.nal.usda.gov/sites/default/release-files/c821gj77m/d791ss31p/tb09jh599/NW_LS421.TXT
2019-07-05,URUGUAY,Beef Trim,80,0-15 Days,,,,USD/cwt,FOB/TIS,https://esmis.nal.usda.gov/sites/default/release-files/c821gj77m/d791ss31p/tb09jh599/NW_LS421.TXT
2019-07-05,URUGUAY,Beef Trim,75,0-15 Days,,,,USD/cwt,FOB/TIS,https://esmis.nal.usda.gov/sites/default/release-files/c821gj77m/d791ss31p/tb09jh599/NW_LS421.TXT
2019-07-10,AUSTRALIA AND NEW ZEALAND,Beef Trim,85,0-15 Days,East Coast,,,USD/cwt,FOB/TIS,https://esmis.nal.usda.gov/sites/default/release-files/c821gj77m/n8710217n/8049gg64s/NW_LS421.TXT
2019-07-10,AUSTRALIA AND NEW ZEALAND,Beef Trim,80,0-15 Days,East Coast,,,USD/cwt,FOB/TIS,https://esmis.nal.usda.gov/sites/default/release-files/c821gj77m/n8710217n/8049gg64s/NW_LS421.TXT
2019-07-10,AUSTRALIA AND NEW ZEALAND,Beef Trim,75,0-15 Days,East Coast,,,USD/cwt,FOB/TIS,https://esmis.nal.usda.gov/sites/default/release-files/c821gj77m/n8710217n/8049gg64s/NW_LS421.TXT
2019-07-10,AUSTRALIA AND NEW ZEALAND,Beef Trim,70,0-15 Days,East Coast,,,USD/cwt,FOB/TIS,https://esmis.nal.usda.gov/sites/default/release-files/c821gj77m/n8710217n/8049gg64s/NW_LS421.TXT
2019-07-10,AUSTRALIA AND NEW ZEALAND,Beef Trim,65,0-15 Days,East Coast,,,USD/cwt,FOB/TIS,https://esmis.nal.usda.gov/sites/default/release-files/c821gj77m/n8710217n/8049gg64s/NW_LS421.TXT
2019-07-10,URUGUAY,Beef Trim,85,0-15 Days,,,,USD/cwt,FOB/TIS,https://esmis.nal.usda.gov/sites/default/release-files/c821gj77m/n8710217n/8049gg64s/NW_LS421.TXT
2019-07-10,URUGUAY,Beef Trim,80,0-15 Days,,,,USD/cwt,FOB/TIS,https://esmis.nal.usda.gov/sites/default/release-files/c821gj77m/n8710217n/8049gg64s/NW_LS421.TXT
2019-07-10,URUGUAY,Beef Trim,75,0-15 Days,,,,USD/cwt,FOB/TIS,https://esmis.nal.usda.gov/sites/default/release-files/c821gj77m/n8710217n/8049gg64s/NW_LS421.TXT
2019-07-12,AUSTRALIA AND NEW ZEALAND,Beef Trim,85,0-15 Days,East Coast,,,USD/cwt,FOB/TIS,https://esmis.nal.usda.gov/sites/default/release-files/c821gj77m/cr56nb57q/vq27zz86p/NW_LS421.TXT
2019-07-12,AUSTRALIA AND NEW ZEALAND,Beef Trim,80,0-15 Days,East Coast,,,USD/cwt,FOB/TIS,https://esmis.nal.usda.gov/sites/default/release-files/c821gj77m/cr56nb57q/vq27zz86p/NW_LS421.TXT
2019-07-12,AUSTRALIA AND NEW ZEALAND,Beef Trim,75,0-15 Days,East Coast,,,USD/cwt,FOB/TIS,https://esmis.nal.usda.gov/sites/default/release-files/c821gj77m/cr56nb57q/vq27zz86p/NW_LS421.TXT
2019-07-12,AUSTRALIA AND NEW ZEALAND,Beef Trim,70,0-15 Days,East Coast,,,USD/cwt,FOB/TIS,https://esmis.nal.usda.gov/sites/default/release-files/c821gj77m/cr56nb57q/vq27zz86p/NW_LS421.TXT
2019-07-12,AUSTRALIA AND NEW ZEALAND,Beef Trim,65,0-15 Days,East Coast,,,USD/cwt,FOB/TIS,https://esmis.nal.usda.gov/sites/default/release-files/c821gj77m/cr56nb57q/vq27zz86p/NW_LS421.TXT
2019-07-12,URUGUAY,Beef Trim,85,0-15 Days,,,,USD/cwt,FOB/TIS,https://esmis.nal.usda.gov/sites/default/release-files/c821gj77m/cr56nb57q/vq27zz86p/NW_LS421.TXT
2019-07-12,URUGUAY,Beef Trim,80,0-15 Days,,,,USD/cwt,FOB/TIS,https://esmis.nal.usda.gov/sites/default/release-files/c821gj77m/cr56nb57q/vq27zz86p/NW_LS421.TXT
2019-07-12,URUGUAY,Beef Trim,75,0-15 Days,,,,USD/cwt,FOB/TIS,https://esmis.nal.usda.gov/sites/default/release-files/c821gj77m/cr56nb57q/vq27zz86p/NW_LS421.TXT
2019-07-17,AUSTRALIA AND NEW ZEALAND,Beef Trim,85,0-15 Days,East Coast,208.00,210.00,USD/cwt,FOB/TIS,https://esmis.nal.usda.gov/sites/default/release-files/c821gj77m/0z709697j/7p88ct33z/NW_LS421.TXT
2019-07-17,AUSTRALIA AND NEW ZEALAND,Beef Trim,80,0-15 Days,East Coast,,,USD/cwt,FOB/TIS,https://esmis.nal.usda.gov/sites/default/release-files/c821gj77m/0z709697j/7p88ct33z/NW_LS421.TXT
2019-07-17,AUSTRALIA AND NEW ZEALAND,Beef Trim,75,0-15 Days,East Coast,,,USD/cwt,FOB/TIS,https://esmis.nal.usda.gov/sites/default/release-files/c821gj77m/0z709697j/7p88ct33z/NW_LS421.TXT
2019-07-17,AUSTRALIA AND NEW ZEALAND,Beef Trim,70,0-15 Days,East Coast,,,USD/cwt,FOB/TIS,https://esmis.nal.usda.gov/sites/default/release-files/c821gj77m/0z709697j/7p88ct33z/NW_LS421.TXT
2019-07-17,AUSTRALIA AND NEW ZEALAND,Beef Trim,65,0-15 Days,East Coast,,,USD/cwt,FOB/TIS,https://esmis.nal.usda.gov/sites/default/release-files/c821gj77m/0z709697j/7p88ct33z/NW_LS421.TXT
2019-07-17,URUGUAY,Beef Trim,85,0-15 Days,,,,USD/cwt,FOB/TIS,https://esmis.nal.usda.gov/sites/default/release-files/c821gj77m/0z709697j/7p88ct33z/NW_LS421.TXT
2019-07-17,URUGUAY,Beef Trim,80,0-15 Days,,,,USD/cwt,FOB/TIS,https://esmis.nal.usda.gov/sites/default/release-files/c821gj77m/0z709697j/7p88ct33z/NW_LS421.TXT
2019-07-17,URUGUAY,Beef Trim,75,0-15 Days,,,,USD/cwt,FOB/TIS,https://esmis.nal.usda.gov/sites/default/release-files/c821gj77m/0z709697j/7p88ct33z/NW_LS421.TXT
2019-07-19,AUSTRALIA AND NEW ZEALAND,Beef Trim,85,0-15 Days,East Coast,208.00,210.00,USD/cwt,FOB/TIS,https://esmis.nal.usda.gov/sites/default/release-files/c821gj77m/8c97m2152/5h73q655s/NW_LS421.TXT
2019-07-19,AUSTRALIA AND NEW ZEALAND,Beef Trim,80,0-15 Days,East Coast,,,USD/cwt,FOB/TIS,https://esmis.nal.usda.gov/sites/default/release-files/c821gj77m/8c97m2152/5h73q655s/NW_LS421.TXT
2019-07-19,AUSTRALIA AND NEW ZEALAND,Beef Trim,75,0-15 Days,East Coast,,,USD/cwt,FOB/TIS,https://esmis.nal.usda.gov/sites/default/release-files/c821gj77m/8c97m2152/5h73q655s/NW_LS421.TXT
2019-07-19,AUSTRALIA AND NEW ZEALAND,Beef Trim,70,0-15 Days,East Coast,,,USD/cwt,FOB/TIS,https://esmis.nal.usda.gov/sites/default/release-files/c821gj77m/8c97m2152/5h73q655s/NW_LS421.TXT
2019-07-19,AUSTRALIA AND NEW ZEALAND,Beef Trim,65,0-15 Days,East Coast,,,USD/cwt,FOB/TIS,https://esmis.nal.usda.gov/sites/default/release-files/c821gj77m/8c97m2152/5h73q655s/NW_LS421.TXT
2019-07-19,URUGUAY,Beef Trim,85,0-15 Days,,,,USD/cwt,FOB/TIS,https://esmis.nal.usda.gov/sites/default/release-files/c821gj77m/8c97m2152/5h73q655s/NW_LS421.TXT
2019-07-19,URUGUAY,Beef Trim,80,0-15 Days,,,,USD/cwt,FOB/TIS,https://esmis.nal.usda.gov/sites/default/release-files/c821gj77m/8c97m2152/5h73q655s/NW_LS421.TXT
2019-07-19,URUGUAY,Beef Trim,75,0-15 Days,,,,USD/cwt,FOB/TIS,https://esmis.nal.usda.gov/sites/default/release-files/c821gj77m/8c97m2152/5h73q655s/NW_LS421.TXT
2019-07-24,AUSTRALIA AND NEW ZEALAND,Beef Trim,85,0-15 Days,East Coast,208.00,209.00,USD/cwt,FOB/TIS,https://esmis.nal.usda.gov/sites/default/release-files/c821gj77m/vh53x6851/sq87c562z/NW_LS421.TXT
2019-07-24,AUSTRALIA AND NEW ZEALAND,Beef Trim,80,0-15 Days,East Coast,,,USD/cwt,FOB/TIS,https://esmis.nal.usda.gov/sites/default/release-files/c821gj77m/vh53x6851/sq87c562z/NW_LS421.TXT
2019-07-24,AUSTRALIA AND NEW ZEALAND,Beef Trim,75,0-15 Days,East Coast,,,USD/cwt,FOB/TIS,https://esmis.nal.usda.gov/sites/default/release-files/c821gj77m/vh53x6851/sq87c562z/NW_LS421.TXT
2019-07-24,AUSTRALIA AND NEW ZEALAND,Beef Trim,70,0-15 Days,East Coast,,,USD/cwt,FOB/TIS,https://esmis.nal.usda.gov/sites/default/release-files/c821gj77m/vh53x6851/sq87c562z/NW_LS421.TXT
2019-07-24,AUSTRALIA AND NEW ZEALAND,Beef Trim,65,0-15 Days,East Coast,,,USD/cwt,FOB/TIS,https://esmis.nal.usda.gov/sites/default/release-files/c821gj77m/vh53x6851/sq87c562z/NW_LS421.TXT
2019-07-24,URUGUAY,Beef Trim,85,0-15 Days,,,,USD/cwt,FOB/TIS,https://esmis.nal.usda.gov/sites/default/release-files/c821gj77m/vh53x6851/sq87c562z/NW_LS421.TXT
2019-07-24,URUGUAY,Beef Trim,80,0-15 Days,,,,USD/cwt,FOB/TIS,https://esmis.nal.usda.gov/sites/default/release-files/c821gj77m/vh53x6851/sq87c562z/NW_LS421.TXT
2019-07-24,URUGUAY,Beef Trim,75,0-15 Days,,,,USD/cwt,FOB/TIS,https://esmis.nal.usda.gov/sites/default/release-files/c821gj77m/vh53x6851/sq87c562z/NW_LS421.TXT
2019-07-26,AUSTRALIA AND NEW ZEALAND,Beef Trim,85,0-15 Days,East Coast,208.00,209.00,USD/cwt,FOB/TIS,https://esmis.nal.usda.gov/sites/default/release-files/c821gj77m/mp48sq96n/zw12zh25x/NW_LS421.TXT
2019-07-26,AUSTRALIA AND NEW ZEALAND,Beef Trim,80,0-15 Days,East Coast,,,USD/cwt,FOB/TIS,https://esmis.nal.usda.gov/sites/default/release-files/c821gj77m/mp48sq96n/zw12zh25x/NW_LS421.TXT
2019-07-26,AUSTRALIA AND NEW ZEALAND,Beef Trim,75,0-15 Days,East Coast,,,USD/cwt,FOB/TIS,https://esmis.nal.usda.gov/sites/default/release-files/c821gj77m/mp48sq96n/zw12zh25x/NW_LS421.TXT
2019-07-26,AUSTRALIA AND NEW ZEALAND,Beef Trim,70,0-15 Days,East Coast,,,USD/cwt,FOB/TIS,https://esmis.nal.usda.gov/sites/default/release-files/c821gj77m/mp48sq96n/zw12zh25x/NW_LS421.TXT
2019-07-26,AUSTRALIA AND NEW ZEALAND,Beef Trim,65,0-15 Days,East Coast,,,USD/cwt,FOB/TIS,https://esmis.nal.usda.gov/sites/default/release-files/c821gj77m/mp48sq96n/zw12zh25x/NW_LS421.TXT
2019-07-26,URUGUAY,Beef Trim,85,0-15 Days,,,,USD/cwt,FOB/TIS,https://esmis.nal.usda.gov/sites/default/release-files/c821gj77m/mp48sq96n/zw12zh25x/NW_LS421.TXT
2019-07-26,URUGUAY,Beef Trim,80,0-15 Days,,,,USD/cwt,FOB/TIS,https://esmis.nal.usda.gov/sites/default/release-files/c821gj77m/mp48sq96n/zw12zh25x/NW_LS421.TXT
2019-07-26,URUGUAY,Beef Trim,75,0-15 Days,,,,USD/cwt,FOB/TIS,https://esmis.nal.usda.gov/sites/default/release-files/c821gj77m/mp48sq96n/zw12zh25x/NW_LS421.TXT
2019-07-31,AUSTRALIA AND NEW ZEALAND,Beef Trim,85,0-15 Days,East Coast,207.00,209.00,USD/cwt,FOB/TIS,https://esmis.nal.usda.gov/sites/default/release-files/c821gj77m/8k71nv61g/0g354r979/NW_LS421.TXT
2019-07-31,AUSTRALIA AND NEW ZEALAND,Beef Trim,80,0-15 Days,East Coast,200.00,201.00,USD/cwt,FOB/TIS,https://esmis.nal.usda.gov/sites/default/release-files/c821gj77m/8k71nv61g/0g354r979/NW_LS421.TXT
2019-07-31,AUSTRALIA AND NEW ZEALAND,Beef Trim,75,0-15 Days,East Coast,192.00,193.00,USD/cwt,FOB/TIS,https://esmis.nal.usda.gov/sites/default/release-files/c821gj77m/8k71nv61g/0g354r979/NW_LS421.TXT
2019-07-31,AUSTRALIA AND NEW ZEALAND,Beef Trim,70,0-15 Days,East Coast,,,USD/cwt,FOB/TIS,https://esmis.nal.usda.gov/sites/default/release-files/c821gj77m/8k71nv61g/0g354r979/NW_LS421.TXT
2019-07-31,AUSTRALIA AND NEW ZEALAND,Beef Trim,65,0-15 Days,East Coast,,,USD/cwt,FOB/TIS,https://esmis.nal.usda.gov/sites/default/release-files/c821gj77m/8k71nv61g/0g354r979/NW_LS421.TXT
2019-07-31,URUGUAY,Beef Trim,85,0-15 Days,,,,USD/cwt,FOB/TIS,https://esmis.nal.usda.gov/sites/default/release-files/c821gj77m/8k71nv61g/0g354r979/NW_LS421.TXT
2019-07-31,URUGUAY,Beef Trim,80,0-15 Days,,,,USD/cwt,FOB/TIS,https://esmis.nal.usda.gov/sites/default/release-files/c821gj77m/8k71nv61g/0g354r979/NW_LS421.TXT
2019-07-31,URUGUAY,Beef Trim,75,0-15 Days,,,,USD/cwt,FOB/TIS,https://esmis.nal.usda.gov/sites/default/release-files/c821gj77m/8k71nv61g/0g354r979/NW_LS421.TXT
2019-08-02,AUSTRALIA AND NEW ZEALAND,Beef Trim,85,0-15 Days,East Coast,207.00,209.00,USD/cwt,FOB/TIS,https://esmis.nal.usda.gov/sites/default/release-files/c821gj77m/3j333f14g/r781wt53p/NW_LS421.TXT
2019-08-02,AUSTRALIA AND NEW ZEALAND,Beef Trim,80,0-15 Days,East Coast,200.00,201.00,USD/cwt,FOB/TIS,https://esmis.nal.usda.gov/sites/default/release-files/c821gj77m/3j333f14g/r781wt53p/NW_LS421.TXT
2019-08-02,AUSTRALIA AND NEW ZEALAND,Beef Trim,75,0-15 Days,East Coast,192.00,193.00,USD/cwt,FOB/TIS,https://esmis.nal.usda.gov/sites/default/release-files/c821gj77m/3j333f14g/r781wt53p/NW_LS421.TXT
2019-08-02,AUSTRALIA AND NEW ZEALAND,Beef Trim,70,0-15 Days,East Coast,,,USD/cwt,FOB/TIS,https://esmis.nal.usda.gov/sites/default/release-files/c821gj77m/3j333f14g/r781wt53p/NW_LS421.TXT
2019-08-02,AUSTRALIA AND NEW ZEALAND,Beef Trim,65,0-15 Days,East Coast,,,USD/cwt,FOB/TIS,https://esmis.nal.usda.gov/sites/default/release-files/c821gj77m/3j333f14g/r781wt53p/NW_LS421.TXT
2019-08-02,URUGUAY,Beef Trim,85,0-15 Days,,,,USD/cwt,FOB/TIS,https://esmis.nal.usda.gov/sites/default/release-files/c821gj77m/3j333f14g/r781wt53p/NW_LS421.TXT
2019-08-02,URUGUAY,Beef Trim,80,0-15 Days,,,,USD/cwt,FOB/TIS,https://esmis.nal.usda.gov/sites/default/release-files/c821gj77m/3j333f14g/r781wt53p/NW_LS421.TXT
2019-08-02,URUGUAY,Beef Trim,75,0-15 Days,,,,USD/cwt,FOB/TIS,https://esmis.nal.usda.gov/sites/default/release-files/c821gj77m/3j333f14g/r781wt53p/NW_LS421.TXT
2019-08-07,AUSTRALIA AND NEW ZEALAND,Beef Trim,85,0-15 Days,East Coast,208.00,209.00,USD/cwt,FOB/TIS,https://esmis.nal.usda.gov/sites/default/release-files/c821gj77m/df65vm26s/3r075648v/NW_LS421.TXT
2019-08-07,AUSTRALIA AND NEW ZEALAND,Beef Trim,80,0-15 Days,East Coast,,,USD/cwt,FOB/TIS,https://esmis.nal.usda.gov/sites/default/release-files/c821gj77m/df65vm26s/3r075648v/NW_LS421.TXT
2019-08-07,AUSTRALIA AND NEW ZEALAND,Beef Trim,75,0-15 Days,East Coast,,,USD/cwt,FOB/TIS,https://esmis.nal.usda.gov/sites/default/release-files/c821gj77m/df65vm26s/3r075648v/NW_LS421.TXT
2019-08-07,AUSTRALIA AND NEW ZEALAND,Beef Trim,70,0-15 Days,East Coast,,,USD/cwt,FOB/TIS,https://esmis.nal.usda.gov/sites/default/release-files/c821gj77m/df65vm26s/3r075648v/NW_LS421.TXT
2019-08-07,AUSTRALIA AND NEW ZEALAND,Beef Trim,65,0-15 Days,East Coast,,,USD/cwt,FOB/TIS,https://esmis.nal.usda.gov/sites/default/release-files/c821gj77m/df65vm26s/3r075648v/NW_LS421.TXT
2019-08-07,URUGUAY,Beef Trim,85,0-15 Days,,,,USD/cwt,FOB/TIS,https://esmis.nal.usda.gov/sites/default/release-files/c821gj77m/df65vm26s/3r075648v/NW_LS421.TXT
2019-08-07,URUGUAY,Beef Trim,80,0-15 Days,,,,USD/cwt,FOB/TIS,https://esmis.nal.usda.gov/sites/default/release-files/c821gj77m/df65vm26s/3r075648v/NW_LS421.TXT
2019-08-07,URUGUAY,Beef Trim,75,0-15 Days,,,,USD/cwt,FOB/TIS,https://esmis.nal.usda.gov/sites/default/release-files/c821gj77m/df65vm26s/3r075648v/NW_LS421.TXT
2019-08-09,AUSTRALIA AND NEW ZEALAND,Beef Trim,85,0-15 Days,East Coast,208.00,209.00,USD/cwt,FOB/TIS,https://esmis.nal.usda.gov/sites/default/release-files/c821gj77m/v979vf17m/qj72pk78p/NW_LS421.TXT
2019-08-09,AUSTRALIA AND NEW ZEALAND,Beef Trim,80,0-15 Days,East Coast,,,USD/cwt,FOB/TIS,https://esmis.nal.usda.gov/sites/default/release-files/c821gj77m/v979vf17m/qj72pk78p/NW_LS421.TXT
2019-08-09,AUSTRALIA AND NEW ZEALAND,Beef Trim,75,0-15 Days,East Coast,,,USD/cwt,FOB/TIS,https://esmis.nal.usda.gov/sites/default/release-files/c821gj77m/v979vf17m/qj72pk78p/NW_LS421.TXT
2019-08-09,AUSTRALIA AND NEW ZEALAND,Beef Trim,70,0-15 Days,East Coast,,,USD/cwt,FOB/TIS,https://esmis.nal.usda.gov/sites/default/release-files/c821gj77m/v979vf17m/qj72pk78p/NW_LS421.TXT
2019-08-09,AUSTRALIA AND NEW ZEALAND,Beef Trim,65,0-15 Days,East Coast,,,USD/cwt,FOB/TIS,https://esmis.nal.usda.gov/sites/default/release-files/c821gj77m/v979vf17m/qj72pk78p/NW_LS421.TXT
2019-08-09,URUGUAY,Beef Trim,85,0-15 Days,,,,USD/cwt,FOB/TIS,https://esmis.nal.usda.gov/sites/default/release-files/c821gj77m/v979vf17m/qj72pk78p/NW_LS421.TXT
2019-08-09,URUGUAY,Beef Trim,80,0-15 Days,,,,USD/cwt,FOB/TIS,https://esmis.nal.usda.gov/sites/default/release-files/c821gj77m/v979vf17m/qj72pk78p/NW_LS421.TXT
2019-08-09,URUGUAY,Beef Trim,75,0-15 Days,,,,USD/cwt,FOB/TIS,https://esmis.nal.usda.gov/sites/default/release-files/c821gj77m/v979vf17m/qj72pk78p/NW_LS421.TXT
2019-08-14,AUSTRALIA AND NEW ZEALAND,Beef Trim,85,0-15 Days,East Coast,,,USD/cwt,FOB/TIS,https://esmis.nal.usda.gov/sites/default/release-files/c821gj77m/tm70n723t/7h14b224n/NW_LS421.TXT
2019-08-14,AUSTRALIA AND NEW ZEALAND,Beef Trim,80,0-15 Days,East Coast,,,USD/cwt,FOB/TIS,https://esmis.nal.usda.gov/sites/default/release-files/c821gj77m/tm70n723t/7h14b224n/NW_LS421.TXT
2019-08-14,AUSTRALIA AND NEW ZEALAND,Beef Trim,75,0-15 Days,East Coast,,,USD/cwt,FOB/TIS,https://esmis.nal.usda.gov/sites/default/release-files/c821gj77m/tm70n723t/7h14b224n/NW_LS421.TXT
2019-08-14,AUSTRALIA AND NEW ZEALAND,Beef Trim,70,0-15 Days,East Coast,,,USD/cwt,FOB/TIS,https://esmis.nal.usda.gov/sites/default/release-files/c821gj77m/tm70n723t/7h14b224n/NW_LS421.TXT
2019-08-14,AUSTRALIA AND NEW ZEALAND,Beef Trim,65,0-15 Days,East Coast,,,USD/cwt,FOB/TIS,https://esmis.nal.usda.gov/sites/default/release-files/c821gj77m/tm70n723t/7h14b224n/NW_LS421.TXT
2019-08-14,URUGUAY,Beef Trim,85,0-15 Days,,,,USD/cwt,FOB/TIS,https://esmis.nal.usda.gov/sites/default/release-files/c821gj77m/tm70n723t/7h14b224n/NW_LS421.TXT
2019-08-14,URUGUAY,Beef Trim,80,0-15 Days,,,,USD/cwt,FOB/TIS,https://esmis.nal.usda.gov/sites/default/release-files/c821gj77m/tm70n723t/7h14b224n/NW_LS421.TXT
2019-08-14,URUGUAY,Beef Trim,75,0-15 Days,,,,USD/cwt,FOB/TIS,https://esmis.nal.usda.gov/sites/default/release-files/c821gj77m/tm70n723t/7h14b224n/NW_LS421.TXT
2019-08-16,AUSTRALIA AND NEW ZEALAND,Beef Trim,85,0-15 Days,East Coast,,,USD/cwt,FOB/TIS,https://esmis.nal.usda.gov/sites/default/release-files/c821gj77m/m039kh758/70795m233/NW_LS421.TXT
2019-08-16,AUSTRALIA AND NEW ZEALAND,Beef Trim,80,0-15 Days,East Coast,,,USD/cwt,FOB/TIS,https://esmis.nal.usda.gov/sites/default/release-files/c821gj77m/m039kh758/70795m233/NW_LS421.TXT
2019-08-16,AUSTRALIA AND NEW ZEALAND,Beef Trim,75,0-15 Days,East Coast,,,USD/cwt,FOB/TIS,https://esmis.nal.usda.gov/sites/default/release-files/c821gj77m/m039kh758/70795m233/NW_LS421.TXT
2019-08-16,AUSTRALIA AND NEW ZEALAND,Beef Trim,70,0-15 Days,East Coast,,,USD/cwt,FOB/TIS,https://esmis.nal.usda.gov/sites/default/release-files/c821gj77m/m039kh758/70795m233/NW_LS421.TXT
2019-08-16,AUSTRALIA AND NEW ZEALAND,Beef Trim,65,0-15 Days,East Coast,,,USD/cwt,FOB/TIS,https://esmis.nal.usda.gov/sites/default/release-files/c821gj77m/m039kh758/70795m233/NW_LS421.TXT
2019-08-16,URUGUAY,Beef Trim,85,0-15 Days,,,,USD/cwt,FOB/TIS,https://esmis.nal.usda.gov/sites/default/release-files/c821gj77m/m039kh758/70795m233/NW_LS421.TXT
2019-08-16,URUGUAY,Beef Trim,80,0-15 Days,,,,USD/cwt,FOB/TIS,https://esmis.nal.usda.gov/sites/default/release-files/c821gj77m/m039kh758/70795m233/NW_LS421.TXT
2019-08-16,URUGUAY,Beef Trim,75,0-15 Days,,,,USD/cwt,FOB/TIS,https://esmis.nal.usda.gov/sites/default/release-files/c821gj77m/m039kh758/70795m233/NW_LS421.TXT
2019-08-21,AUSTRALIA AND NEW ZEALAND,Beef Trim,85,0-15 Days,East Coast,207.00,209.00,USD/cwt,FOB/TIS,https://esmis.nal.usda.gov/sites/default/release-files/c821gj77m/c821gz110/5425kq12d/NW_LS421.TXT
2019-08-21,AUSTRALIA AND NEW ZEALAND,Beef Trim,80,0-15 Days,East Coast,198.00,199.00,USD/cwt,FOB/TIS,https://esmis.nal.usda.gov/sites/default/release-files/c821gj77m/c821gz110/5425kq12d/NW_LS421.TXT
2019-08-21,AUSTRALIA AND NEW ZEALAND,Beef Trim,75,0-15 Days,East Coast,190.00,192.00,USD/cwt,FOB/TIS,https://esmis.nal.usda.gov/sites/default/release-files/c821gj77m/c821gz110/5425kq12d/NW_LS421.TXT
2019-08-21,AUSTRALIA AND NEW ZEALAND,Beef Trim,70,0-15 Days,East Coast,,,USD/cwt,FOB/TIS,https://esmis.nal.usda.gov/sites/default/release-files/c821gj77m/c821gz110/5425kq12d/NW_LS421.TXT
2019-08-21,AUSTRALIA AND NEW ZEALAND,Beef Trim,65,0-15 Days,East Coast,,,USD/cwt,FOB/TIS,https://esmis.nal.usda.gov/sites/default/release-files/c821gj77m/c821gz110/5425kq12d/NW_LS421.TXT
2019-08-21,URUGUAY,Beef Trim,85,0-15 Days,,,,USD/cwt,FOB/TIS,https://esmis.nal.usda.gov/sites/default/release-files/c821gj77m/c821gz110/5425kq12d/NW_LS421.TXT
2019-08-21,URUGUAY,Beef Trim,80,0-15 Days,,,,USD/cwt,FOB/TIS,https://esmis.nal.usda.gov/sites/default/release-files/c821gj77m/c821gz110/5425kq12d/NW_LS421.TXT
2019-08-21,URUGUAY,Beef Trim,75,0-15 Days,,,,USD/cwt,FOB/TIS,https://esmis.nal.usda.gov/sites/default/release-files/c821gj77m/c821gz110/5425kq12d/NW_LS421.TXT
2019-08-23,AUSTRALIA AND NEW ZEALAND,Beef Trim,85,0-15 Days,East Coast,207.00,209.00,USD/cwt,FOB/TIS,https://esmis.nal.usda.gov/sites/default/release-files/c821gj77m/w9505b96s/3484zv66v/NW_LS421.TXT
2019-08-23,AUSTRALIA AND NEW ZEALAND,Beef Trim,80,0-15 Days,East Coast,198.00,199.00,USD/cwt,FOB/TIS,https://esmis.nal.usda.gov/sites/default/release-files/c821gj77m/w9505b96s/3484zv66v/NW_LS421.TXT
2019-08-23,AUSTRALIA AND NEW ZEALAND,Beef Trim,75,0-15 Days,East Coast,190.00,192.00,USD/cwt,FOB/TIS,https://esmis.nal.usda.gov/sites/default/release-files/c821gj77m/w9505b96s/3484zv66v/NW_LS421.TXT
2019-08-23,AUSTRALIA AND NEW ZEALAND,Beef Trim,70,0-15 Days,East Coast,,,USD/cwt,FOB/TIS,https://esmis.nal.usda.gov/sites/default/release-files/c821gj77m/w9505b96s/3484zv66v/NW_LS421.TXT
2019-08-23,AUSTRALIA AND NEW ZEALAND,Beef Trim,65,0-15 Days,East Coast,,,USD/cwt,FOB/TIS,https://esmis.nal.usda.gov/sites/default/release-files/c821gj77m/w9505b96s/3484zv66v/NW_LS421.TXT
2019-08-23,URUGUAY,Beef Trim,85,0-15 Days,,,,USD/cwt,FOB/TIS,https://esmis.nal.usda.gov/sites/default/release-files/c821gj77m/w9505b96s/3484zv66v/NW_LS421.TXT
2019-08-23,URUGUAY,Beef Trim,80,0-15 Days,,,,USD/cwt,FOB/TIS,https://esmis.nal.usda.gov/sites/default/release-files/c821gj77m/w9505b96s/3484zv66v/NW_LS421.TXT
2019-08-23,URUGUAY,Beef Trim,75,0-15 Days,,,,USD/cwt,FOB/TIS,https://esmis.nal.usda.gov/sites/default/release-files/c821gj77m/w9505b96s/3484zv66v/NW_LS421.TXT
2019-08-28,AUSTRALIA AND NEW ZEALAND,Beef Trim,85,0-15 Days,East Coast,,,USD/cwt,FOB/TIS,https://esmis.nal.usda.gov/sites/default/release-files/c821gj77m/8336hd94z/3t946306j/NW_LS421.TXT
2019-08-28,AUSTRALIA AND NEW ZEALAND,Beef Trim,80,0-15 Days,East Coast,,,USD/cwt,FOB/TIS,https://esmis.nal.usda.gov/sites/default/release-files/c821gj77m/8336hd94z/3t946306j/NW_LS421.TXT
2019-08-28,AUSTRALIA AND NEW ZEALAND,Beef Trim,75,0-15 Days,East Coast,,,USD/cwt,FOB/TIS,https://esmis.nal.usda.gov/sites/default/release-files/c821gj77m/8336hd94z/3t946306j/NW_LS421.TXT
2019-08-28,AUSTRALIA AND NEW ZEALAND,Beef Trim,70,0-15 Days,East Coast,,,USD/cwt,FOB/TIS,https://esmis.nal.usda.gov/sites/default/release-files/c821gj77m/8336hd94z/3t946306j/NW_LS421.TXT
2019-08-28,AUSTRALIA AND NEW ZEALAND,Beef Trim,65,0-15 Days,East Coast,,,USD/cwt,FOB/TIS,https://esmis.nal.usda.gov/sites/default/release-files/c821gj77m/8336hd94z/3t946306j/NW_LS421.TXT
2019-08-28,URUGUAY,Beef Trim,85,0-15 Days,,,,USD/cwt,FOB/TIS,https://esmis.nal.usda.gov/sites/default/release-files/c821gj77m/8336hd94z/3t946306j/NW_LS421.TXT
2019-08-28,URUGUAY,Beef Trim,80,0-15 Days,,,,USD/cwt,FOB/TIS,https://esmis.nal.usda.gov/sites/default/release-files/c821gj77m/8336hd94z/3t946306j/NW_LS421.TXT
2019-08-28,URUGUAY,Beef Trim,75,0-15 Days,,,,USD/cwt,FOB/TIS,https://esmis.nal.usda.gov/sites/default/release-files/c821gj77m/8336hd94z/3t946306j/NW_LS421.TXT
2019-08-30,AUSTRALIA AND NEW ZEALAND,Beef Trim,85,0-15 Days,East Coast,,,USD/cwt,FOB/TIS,https://esmis.nal.usda.gov/sites/default/release-files/c821gj77m/9p290p229/8623j9793/NW_LS421.TXT
2019-08-30,AUSTRALIA AND NEW ZEALAND,Beef Trim,80,0-15 Days,East Coast,,,USD/cwt,FOB/TIS,https://esmis.nal.usda.gov/sites/default/release-files/c821gj77m/9p290p229/8623j9793/NW_LS421.TXT
2019-08-30,AUSTRALIA AND NEW ZEALAND,Beef Trim,75,0-15 Days,East Coast,,,USD/cwt,FOB/TIS,https://esmis.nal.usda.gov/sites/default/release-files/c821gj77m/9p290p229/8623j9793/NW_LS421.TXT
2019-08-30,AUSTRALIA AND NEW ZEALAND,Beef Trim,70,0-15 Days,East Coast,,,USD/cwt,FOB/TIS,https://esmis.nal.usda.gov/sites/default/release-files/c821gj77m/9p290p229/8623j9793/NW_LS421.TXT
2019-08-30,AUSTRALIA AND NEW ZEALAND,Beef Trim,65,0-15 Days,East Coast,,,USD/cwt,FOB/TIS,https://esmis.nal.usda.gov/sites/default/release-files/c821gj77m/9p290p229/8623j9793/NW_LS421.TXT
2019-08-30,URUGUAY,Beef Trim,85,0-15 Days,,,,USD/cwt,FOB/TIS,https://esmis.nal.usda.gov/sites/default/release-files/c821gj77m/9p290p229/8623j9793/NW_LS421.TXT
2019-08-30,URUGUAY,Beef Trim,80,0-15 Days,,,,USD/cwt,FOB/TIS,https://esmis.nal.usda.gov/sites/default/release-files/c821gj77m/9p290p229/8623j9793/NW_LS421.TXT
2019-08-30,URUGUAY,Beef Trim,75,0-15 Days,,,,USD/cwt,FOB/TIS,https://esmis.nal.usda.gov/sites/default/release-files/c821gj77m/9p290p229/8623j9793/NW_LS421.TXT
2019-09-04,AUSTRALIA AND NEW ZEALAND,Beef Trim,85,0-15 Days,East Coast,,,USD/cwt,FOB/TIS,https://esmis.nal.usda.gov/sites/default/release-files/c821gj77m/np193p14c/sb397n251/NW_LS421.TXT
2019-09-04,AUSTRALIA AND NEW ZEALAND,Beef Trim,80,0-15 Days,East Coast,,,USD/cwt,FOB/TIS,https://esmis.nal.usda.gov/sites/default/release-files/c821gj77m/np193p14c/sb397n251/NW_LS421.TXT
2019-09-04,AUSTRALIA AND NEW ZEALAND,Beef Trim,75,0-15 Days,East Coast,,,USD/cwt,FOB/TIS,https://esmis.nal.usda.gov/sites/default/release-files/c821gj77m/np193p14c/sb397n251/NW_LS421.TXT
2019-09-04,AUSTRALIA AND NEW ZEALAND,Beef Trim,70,0-15 Days,East Coast,,,USD/cwt,FOB/TIS,https://esmis.nal.usda.gov/sites/default/release-files/c821gj77m/np193p14c/sb397n251/NW_LS421.TXT
2019-09-04,AUSTRALIA AND NEW ZEALAND,Beef Trim,65,0-15 Days,East Coast,,,USD/cwt,FOB/TIS,https://esmis.nal.usda.gov/sites/default/release-files/c821gj77m/np193p14c/sb397n251/NW_LS421.TXT
2019-09-04,URUGUAY,Beef Trim,85,0-15 Days,,,,USD/cwt,FOB/TIS,https://esmis.nal.usda.gov/sites/default/release-files/c821gj77m/np193p14c/sb397n251/NW_LS421.TXT
2019-09-04,URUGUAY,Beef Trim,80,0-15 Days,,,,USD/cwt,FOB/TIS,https://esmis.nal.usda.gov/sites/default/release-files/c821gj77m/np193p14c/sb397n251/NW_LS421.TXT
2019-09-04,URUGUAY,Beef Trim,75,0-15 Days,,,,USD/cwt,FOB/TIS,https://esmis.nal.usda.gov/sites/default/release-files/c821gj77m/np193p14c/sb397n251/NW_LS421.TXT
2019-09-06,AUSTRALIA AND NEW ZEALAND,Beef Trim,85,0-15 Days,East Coast,,,USD/cwt,FOB/TIS,https://esmis.nal.usda.gov/sites/default/release-files/c821gj77m/0c483w95q/gq67k420r/NW_LS421.TXT
2019-09-06,AUSTRALIA AND NEW ZEALAND,Beef Trim,80,0-15 Days,East Coast,,,USD/cwt,FOB/TIS,https://esmis.nal.usda.gov/sites/default/release-files/c821gj77m/0c483w95q/gq67k420r/NW_LS421.TXT
2019-09-06,AUSTRALIA AND NEW ZEALAND,Beef Trim,75,0-15 Days,East Coast,,,USD/cwt,FOB/TIS,https://esmis.nal.usda.gov/sites/default/release-files/c821gj77m/0c483w95q/gq67k420r/NW_LS421.TXT
2019-09-06,AUSTRALIA AND NEW ZEALAND,Beef Trim,70,0-15 Days,East Coast,,,USD/cwt,FOB/TIS,https://esmis.nal.usda.gov/sites/default/release-files/c821gj77m/0c483w95q/gq67k420r/NW_LS421.TXT
2019-09-06,AUSTRALIA AND NEW ZEALAND,Beef Trim,65,0-15 Days,East Coast,,,USD/cwt,FOB/TIS,https://esmis.nal.usda.gov/sites/default/release-files/c821gj77m/0c483w95q/gq67k420r/NW_LS421.TXT
2019-09-06,URUGUAY,Beef Trim,85,0-15 Days,,,,USD/cwt,FOB/TIS,https://esmis.nal.usda.gov/sites/default/release-files/c821gj77m/0c483w95q/gq67k420r/NW_LS421.TXT
2019-09-06,URUGUAY,Beef Trim,80,0-15 Days,,,,USD/cwt,FOB/TIS,https://esmis.nal.usda.gov/sites/default/release-files/c821gj77m/0c483w95q/gq67k420r/NW_LS421.TXT
2019-09-06,URUGUAY,Beef Trim,75,0-15 Days,,,,USD/cwt,FOB/TIS,https://esmis.nal.usda.gov/sites/default/release-files/c821gj77m/0c483w95q/gq67k420r/NW_LS421.TXT
2019-09-11,AUSTRALIA AND NEW ZEALAND,Beef Trim,85,0-15 Days,East Coast,210.00,210.00,USD/cwt,FOB/TIS,https://esmis.nal.usda.gov/sites/default/release-files/c821gj77m/mp48ss09q/d791sv11m/NW_LS421.TXT
2019-09-11,AUSTRALIA AND NEW ZEALAND,Beef Trim,80,0-15 Days,East Coast,,,USD/cwt,FOB/TIS,https://esmis.nal.usda.gov/sites/default/release-files/c821gj77m/mp48ss09q/d791sv11m/NW_LS421.TXT
2019-09-11,AUSTRALIA AND NEW ZEALAND,Beef Trim,75,0-15 Days,East Coast,,,USD/cwt,FOB/TIS,https://esmis.nal.usda.gov/sites/default/release-files/c821gj77m/mp48ss09q/d791sv11m/NW_LS421.TXT
2019-09-11,AUSTRALIA AND NEW ZEALAND,Beef Trim,70,0-15 Days,East Coast,,,USD/cwt,FOB/TIS,https://esmis.nal.usda.gov/sites/default/release-files/c821gj77m/mp48ss09q/d791sv11m/NW_LS421.TXT
2019-09-11,AUSTRALIA AND NEW ZEALAND,Beef Trim,65,0-15 Days,East Coast,,,USD/cwt,FOB/TIS,https://esmis.nal.usda.gov/sites/default/release-files/c821gj77m/mp48ss09q/d791sv11m/NW_LS421.TXT
2019-09-11,URUGUAY,Beef Trim,85,0-15 Days,,,,USD/cwt,FOB/TIS,https://esmis.nal.usda.gov/sites/default/release-files/c821gj77m/mp48ss09q/d791sv11m/NW_LS421.TXT
2019-09-11,URUGUAY,Beef Trim,80,0-15 Days,,,,USD/cwt,FOB/TIS,https://esmis.nal.usda.gov/sites/default/release-files/c821gj77m/mp48ss09q/d791sv11m/NW_LS421.TXT
2019-09-11,URUGUAY,Beef Trim,75,0-15 Days,,,,USD/cwt,FOB/TIS,https://esmis.nal.usda.gov/sites/default/release-files/c821gj77m/mp48ss09q/d791sv11m/NW_LS421.TXT
2019-09-13,AUSTRALIA AND NEW ZEALAND,Beef Trim,85,0-15 Days,East Coast,210.00,210.00,USD/cwt,FOB/TIS,https://esmis.nal.usda.gov/sites/default/release-files/c821gj77m/pk02cq02x/5m60r4760/NW_LS421.TXT
2019-09-13,AUSTRALIA AND NEW ZEALAND,Beef Trim,80,0-15 Days,East Coast,,,USD/cwt,FOB/TIS,https://esmis.nal.usda.gov/sites/default/release-files/c821gj77m/pk02cq02x/5m60r4760/NW_LS421.TXT
2019-09-13,AUSTRALIA AND NEW ZEALAND,Beef Trim,75,0-15 Days,East Coast,,,USD/cwt,FOB/TIS,https://esmis.nal.usda.gov/sites/default/release-files/c821gj77m/pk02cq02x/5m60r4760/NW_LS421.TXT
2019-09-13,AUSTRALIA AND NEW ZEALAND,Beef Trim,70,0-15 Days,East Coast,,,USD/cwt,FOB/TIS,https://esmis.nal.usda.gov/sites/default/release-files/c821gj77m/pk02cq02x/5m60r4760/NW_LS421.TXT
2019-09-13,AUSTRALIA AND NEW ZEALAND,Beef Trim,65,0-15 Days,East Coast,,,USD/cwt,FOB/TIS,https://esmis.nal.usda.gov/sites/default/release-files/c821gj77m/pk02cq02x/5m60r4760/NW_LS421.TXT
2019-09-13,URUGUAY,Beef Trim,85,0-15 Days,,,,USD/cwt,FOB/TIS,https://esmis.nal.usda.gov/sites/default/release-files/c821gj77m/pk02cq02x/5m60r4760/NW_LS421.TXT
2019-09-13,URUGUAY,Beef Trim,80,0-15 Days,,,,USD/cwt,FOB/TIS,https://esmis.nal.usda.gov/sites/default/release-files/c821gj77m/pk02cq02x/5m60r4760/NW_LS421.TXT
2019-09-13,URUGUAY,Beef Trim,75,0-15 Days,,,,USD/cwt,FOB/TIS,https://esmis.nal.usda.gov/sites/default/release-files/c821gj77m/pk02cq02x/5m60r4760/NW_LS421.TXT
2019-09-18,AUSTRALIA AND NEW ZEALAND,Beef Trim,85,0-15 Days,East Coast,210.00,211.00,USD/cwt,FOB/TIS,https://esmis.nal.usda.gov/sites/default/release-files/c821gj77m/n583z722j/q811kz253/NW_LS421.TXT
2019-09-18,AUSTRALIA AND NEW ZEALAND,Beef Trim,80,0-15 Days,East Coast,,,USD/cwt,FOB/TIS,https://esmis.nal.usda.gov/sites/default/release-files/c821gj77m/n583z722j/q811kz253/NW_LS421.TXT
2019-09-18,AUSTRALIA AND NEW ZEALAND,Beef Trim,75,0-15 Days,East Coast,,,USD/cwt,FOB/TIS,https://esmis.nal.usda.gov/sites/default/release-files/c821gj77m/n583z722j/q811kz253/NW_LS421.TXT
2019-09-18,AUSTRALIA AND NEW ZEALAND,Beef Trim,70,0-15 Days,East Coast,,,USD/cwt,FOB/TIS,https://esmis.nal.usda.gov/sites/default/release-files/c821gj77m/n583z722j/q811kz253/NW_LS421.TXT
2019-09-18,AUSTRALIA AND NEW ZEALAND,Beef Trim,65,0-15 Days,East Coast,,,USD/cwt,FOB/TIS,https://esmis.nal.usda.gov/sites/default/release-files/c821gj77m/n583z722j/q811kz253/NW_LS421.TXT
2019-09-18,URUGUAY,Beef Trim,85,0-15 Days,,,,USD/cwt,FOB/TIS,https://esmis.nal.usda.gov/sites/default/release-files/c821gj77m/n583z722j/q811kz253/NW_LS421.TXT
2019-09-18,URUGUAY,Beef Trim,80,0-15 Days,,,,USD/cwt,FOB/TIS,https://esmis.nal.usda.gov/sites/default/release-files/c821gj77m/n583z722j/q811kz253/NW_LS421.TXT
2019-09-18,URUGUAY,Beef Trim,75,0-15 Days,,,,USD/cwt,FOB/TIS,https://esmis.nal.usda.gov/sites/default/release-files/c821gj77m/n583z722j/q811kz253/NW_LS421.TXT
2019-09-20,AUSTRALIA AND NEW ZEALAND,Beef Trim,85,0-15 Days,East Coast,210.00,211.00,USD/cwt,FOB/TIS,https://esmis.nal.usda.gov/sites/default/release-files/c821gj77m/qr46rd46c/s1785075m/NW_LS421.TXT
2019-09-20,AUSTRALIA AND NEW ZEALAND,Beef Trim,80,0-15 Days,East Coast,,,USD/cwt,FOB/TIS,https://esmis.nal.usda.gov/sites/default/release-files/c821gj77m/qr46rd46c/s1785075m/NW_LS421.TXT
2019-09-20,AUSTRALIA AND NEW ZEALAND,Beef Trim,75,0-15 Days,East Coast,,,USD/cwt,FOB/TIS,https://esmis.nal.usda.gov/sites/default/release-files/c821gj77m/qr46rd46c/s1785075m/NW_LS421.TXT
2019-09-20,AUSTRALIA AND NEW ZEALAND,Beef Trim,70,0-15 Days,East Coast,,,USD/cwt,FOB/TIS,https://esmis.nal.usda.gov/sites/default/release-files/c821gj77m/qr46rd46c/s1785075m/NW_LS421.TXT
2019-09-20,AUSTRALIA AND NEW ZEALAND,Beef Trim,65,0-15 Days,East Coast,,,USD/cwt,FOB/TIS,https://esmis.nal.usda.gov/sites/default/release-files/c821gj77m/qr46rd46c/s1785075m/NW_LS421.TXT
2019-09-20,URUGUAY,Beef Trim,85,0-15 Days,,,,USD/cwt,FOB/TIS,https://esmis.nal.usda.gov/sites/default/release-files/c821gj77m/qr46rd46c/s1785075m/NW_LS421.TXT
2019-09-20,URUGUAY,Beef Trim,80,0-15 Days,,,,USD/cwt,FOB/TIS,https://esmis.nal.usda.gov/sites/default/release-files/c821gj77m/qr46rd46c/s1785075m/NW_LS421.TXT
2019-09-20,URUGUAY,Beef Trim,75,0-15 Days,,,,USD/cwt,FOB/TIS,https://esmis.nal.usda.gov/sites/default/release-files/c821gj77m/qr46rd46c/s1785075m/NW_LS421.TXT
2019-09-25,AUSTRALIA AND NEW ZEALAND,Beef Trim,85,0-15 Days,East Coast,,,USD/cwt,FOB/TIS,https://esmis.nal.usda.gov/sites/default/release-files/c821gj77m/gq67k4696/bv73cc97g/NW_LS421.TXT
2019-09-25,AUSTRALIA AND NEW ZEALAND,Beef Trim,80,0-15 Days,East Coast,,,USD/cwt,FOB/TIS,https://esmis.nal.usda.gov/sites/default/release-files/c821gj77m/gq67k4696/bv73cc97g/NW_LS421.TXT
2019-09-25,AUSTRALIA AND NEW ZEALAND,Beef Trim,75,0-15 Days,East Coast,,,USD/cwt,FOB/TIS,https://esmis.nal.usda.gov/sites/default/release-files/c821gj77m/gq67k4696/bv73cc97g/NW_LS421.TXT
2019-09-25,AUSTRALIA AND NEW ZEALAND,Beef Trim,70,0-15 Days,East Coast,,,USD/cwt,FOB/TIS,https://esmis.nal.usda.gov/sites/default/release-files/c821gj77m/gq67k4696/bv73cc97g/NW_LS421.TXT
2019-09-25,AUSTRALIA AND NEW ZEALAND,Beef Trim,65,0-15 Days,East Coast,,,USD/cwt,FOB/TIS,https://esmis.nal.usda.gov/sites/default/release-files/c821gj77m/gq67k4696/bv73cc97g/NW_LS421.TXT
2019-09-25,URUGUAY,Beef Trim,85,0-15 Days,,,,USD/cwt,FOB/TIS,https://esmis.nal.usda.gov/sites/default/release-files/c821gj77m/gq67k4696/bv73cc97g/NW_LS421.TXT
2019-09-25,URUGUAY,Beef Trim,80,0-15 Days,,,,USD/cwt,FOB/TIS,https://esmis.nal.usda.gov/sites/default/release-files/c821gj77m/gq67k4696/bv73cc97g/NW_LS421.TXT
2019-09-25,URUGUAY,Beef Trim,75,0-15 Days,,,,USD/cwt,FOB/TIS,https://esmis.nal.usda.gov/sites/default/release-files/c821gj77m/gq67k4696/bv73cc97g/NW_LS421.TXT
2019-09-27,AUSTRALIA AND NEW ZEALAND,Beef Trim,85,0-15 Days,East Coast,,,USD/cwt,FOB/TIS,https://esmis.nal.usda.gov/sites/default/release-files/c821gj77m/rr172996c/st74d397h/NW_LS421.TXT
2019-09-27,AUSTRALIA AND NEW ZEALAND,Beef Trim,80,0-15 Days,East Coast,,,USD/cwt,FOB/TIS,https://esmis.nal.usda.gov/sites/default/release-files/c821gj77m/rr172996c/st74d397h/NW_LS421.TXT
2019-09-27,AUSTRALIA AND NEW ZEALAND,Beef Trim,75,0-15 Days,East Coast,,,USD/cwt,FOB/TIS,https://esmis.nal.usda.gov/sites/default/release-files/c821gj77m/rr172996c/st74d397h/NW_LS421.TXT
2019-09-27,AUSTRALIA AND NEW ZEALAND,Beef Trim,70,0-15 Days,East Coast,,,USD/cwt,FOB/TIS,https://esmis.nal.usda.gov/sites/default/release-files/c821gj77m/rr172996c/st74d397h/NW_LS421.TXT
2019-09-27,AUSTRALIA AND NEW ZEALAND,Beef Trim,65,0-15 Days,East Coast,,,USD/cwt,FOB/TIS,https://esmis.nal.usda.gov/sites/default/release-files/c821gj77m/rr172996c/st74d397h/NW_LS421.TXT
2019-09-27,URUGUAY,Beef Trim,85,0-15 Days,,,,USD/cwt,FOB/TIS,https://esmis.nal.usda.gov/sites/default/release-files/c821gj77m/rr172996c/st74d397h/NW_LS421.TXT
2019-09-27,URUGUAY,Beef Trim,80,0-15 Days,,,,USD/cwt,FOB/TIS,https://esmis.nal.usda.gov/sites/default/release-files/c821gj77m/rr172996c/st74d397h/NW_LS421.TXT
2019-09-27,URUGUAY,Beef Trim,75,0-15 Days,,,,USD/cwt,FOB/TIS,https://esmis.nal.usda.gov/sites/default/release-files/c821gj77m/rr172996c/st74d397h/NW_LS421.TXT
2019-10-02,AUSTRALIA AND NEW ZEALAND,Beef Trim,85,0-15 Days,East Coast,214.00,215.00,USD/cwt,FOB/TIS,https://esmis.nal.usda.gov/sites/default/release-files/c821gj77m/6395wm449/ff365j94x/NW_LS421.TXT
2019-10-02,AUSTRALIA AND NEW ZEALAND,Beef Trim,80,0-15 Days,East Coast,195.00,196.00,USD/cwt,FOB/TIS,https://esmis.nal.usda.gov/sites/default/release-files/c821gj77m/6395wm449/ff365j94x/NW_LS421.TXT
2019-10-02,AUSTRALIA AND NEW ZEALAND,Beef Trim,75,0-15 Days,East Coast,190.00,192.00,USD/cwt,FOB/TIS,https://esmis.nal.usda.gov/sites/default/release-files/c821gj77m/6395wm449/ff365j94x/NW_LS421.TXT
2019-10-02,AUSTRALIA AND NEW ZEALAND,Beef Trim,70,0-15 Days,East Coast,,,USD/cwt,FOB/TIS,https://esmis.nal.usda.gov/sites/default/release-files/c821gj77m/6395wm449/ff365j94x/NW_LS421.TXT
2019-10-02,AUSTRALIA AND NEW ZEALAND,Beef Trim,65,0-15 Days,East Coast,,,USD/cwt,FOB/TIS,https://esmis.nal.usda.gov/sites/default/release-files/c821gj77m/6395wm449/ff365j94x/NW_LS421.TXT
2019-10-02,URUGUAY,Beef Trim,85,0-15 Days,,,,USD/cwt,FOB/TIS,https://esmis.nal.usda.gov/sites/default/release-files/c821gj77m/6395wm449/ff365j94x/NW_LS421.TXT
2019-10-02,URUGUAY,Beef Trim,80,0-15 Days,,,,USD/cwt,FOB/TIS,https://esmis.nal.usda.gov/sites/default/release-files/c821gj77m/6395wm449/ff365j94x/NW_LS421.TXT
2019-10-02,URUGUAY,Beef Trim,75,0-15 Days,,,,USD/cwt,FOB/TIS,https://esmis.nal.usda.gov/sites/default/release-files/c821gj77m/6395wm449/ff365j94x/NW_LS421.TXT
2019-10-04,AUSTRALIA AND NEW ZEALAND,Beef Trim,85,0-15 Days,East Coast,214.00,215.00,USD/cwt,FOB/TIS,https://esmis.nal.usda.gov/sites/default/release-files/c821gj77m/q524k2294/m613nb20c/NW_LS421.TXT
2019-10-04,AUSTRALIA AND NEW ZEALAND,Beef Trim,80,0-15 Days,East Coast,195.00,196.00,USD/cwt,FOB/TIS,https://esmis.nal.usda.gov/sites/default/release-files/c821gj77m/q524k2294/m613nb20c/NW_LS421.TXT
2019-10-04,AUSTRALIA AND NEW ZEALAND,Beef Trim,75,0-15 Days,East Coast,190.00,192.00,USD/cwt,FOB/TIS,https://esmis.nal.usda.gov/sites/default/release-files/c821gj77m/q524k2294/m613nb20c/NW_LS421.TXT
2019-10-04,AUSTRALIA AND NEW ZEALAND,Beef Trim,70,0-15 Days,East Coast,,,USD/cwt,FOB/TIS,https://esmis.nal.usda.gov/sites/default/release-files/c821gj77m/q524k2294/m613nb20c/NW_LS421.TXT
2019-10-04,AUSTRALIA AND NEW ZEALAND,Beef Trim,65,0-15 Days,East Coast,,,USD/cwt,FOB/TIS,https://esmis.nal.usda.gov/sites/default/release-files/c821gj77m/q524k2294/m613nb20c/NW_LS421.TXT
2019-10-04,URUGUAY,Beef Trim,85,0-15 Days,,,,USD/cwt,FOB/TIS,https://esmis.nal.usda.gov/sites/default/release-files/c821gj77m/q524k2294/m613nb20c/NW_LS421.TXT
2019-10-04,URUGUAY,Beef Trim,80,0-15 Days,,,,USD/cwt,FOB/TIS,https://esmis.nal.usda.gov/sites/default/release-files/c821gj77m/q524k2294/m613nb20c/NW_LS421.TXT
2019-10-04,URUGUAY,Beef Trim,75,0-15 Days,,,,USD/cwt,FOB/TIS,https://esmis.nal.usda.gov/sites/default/release-files/c821gj77m/q524k2294/m613nb20c/NW_LS421.TXT
2019-10-09,AUSTRALIA AND NEW ZEALAND,Beef Trim,85,0-15 Days,East Coast,,,USD/cwt,FOB/TIS,https://esmis.nal.usda.gov/sites/default/release-files/c821gj77m/3j333g79h/nv935g09z/NW_LS421.TXT
2019-10-09,AUSTRALIA AND NEW ZEALAND,Beef Trim,80,0-15 Days,East Coast,,,USD/cwt,FOB/TIS,https://esmis.nal.usda.gov/sites/default/release-files/c821gj77m/3j333g79h/nv935g09z/NW_LS421.TXT
2019-10-09,AUSTRALIA AND NEW ZEALAND,Beef Trim,75,0-15 Days,East Coast,,,USD/cwt,FOB/TIS,https://esmis.nal.usda.gov/sites/default/release-files/c821gj77m/3j333g79h/nv935g09z/NW_LS421.TXT
2019-10-09,AUSTRALIA AND NEW ZEALAND,Beef Trim,70,0-15 Days,East Coast,,,USD/cwt,FOB/TIS,https://esmis.nal.usda.gov/sites/default/release-files/c821gj77m/3j333g79h/nv935g09z/NW_LS421.TXT
2019-10-09,AUSTRALIA AND NEW ZEALAND,Beef Trim,65,0-15 Days,East Coast,,,USD/cwt,FOB/TIS,https://esmis.nal.usda.gov/sites/default/release-files/c821gj77m/3j333g79h/nv935g09z/NW_LS421.TXT
2019-10-09,URUGUAY,Beef Trim,85,0-15 Days,,,,USD/cwt,FOB/TIS,https://esmis.nal.usda.gov/sites/default/release-files/c821gj77m/3j333g79h/nv935g09z/NW_LS421.TXT
2019-10-09,URUGUAY,Beef Trim,80,0-15 Days,,,,USD/cwt,FOB/TIS,https://esmis.nal.usda.gov/sites/default/release-files/c821gj77m/3j333g79h/nv935g09z/NW_LS421.TXT
2019-10-09,URUGUAY,Beef Trim,75,0-15 Days,,,,USD/cwt,FOB/TIS,https://esmis.nal.usda.gov/sites/default/release-files/c821gj77m/3j333g79h/nv935g09z/NW_LS421.TXT
2019-10-11,AUSTRALIA AND NEW ZEALAND,Beef Trim,85,0-15 Days,East Coast,,,USD/cwt,FOB/TIS,https://esmis.nal.usda.gov/sites/default/release-files/c821gj77m/5x21tt705/sq87c7460/NW_LS421.TXT
2019-10-11,AUSTRALIA AND NEW ZEALAND,Beef Trim,80,0-15 Days,East Coast,,,USD/cwt,FOB/TIS,https://esmis.nal.usda.gov/sites/default/release-files/c821gj77m/5x21tt705/sq87c7460/NW_LS421.TXT
2019-10-11,AUSTRALIA AND NEW ZEALAND,Beef Trim,75,0-15 Days,East Coast,,,USD/cwt,FOB/TIS,https://esmis.nal.usda.gov/sites/default/release-files/c821gj77m/5x21tt705/sq87c7460/NW_LS421.TXT
2019-10-11,AUSTRALIA AND NEW ZEALAND,Beef Trim,70,0-15 Days,East Coast,,,USD/cwt,FOB/TIS,https://esmis.nal.usda.gov/sites/default/release-files/c821gj77m/5x21tt705/sq87c7460/NW_LS421.TXT
2019-10-11,AUSTRALIA AND NEW ZEALAND,Beef Trim,65,0-15 Days,East Coast,,,USD/cwt,FOB/TIS,https://esmis.nal.usda.gov/sites/default/release-files/c821gj77m/5x21tt705/sq87c7460/NW_LS421.TXT
2019-10-11,URUGUAY,Beef Trim,85,0-15 Days,,,,USD/cwt,FOB/TIS,https://esmis.nal.usda.gov/sites/default/release-files/c821gj77m/5x21tt705/sq87c7460/NW_LS421.TXT
2019-10-11,URUGUAY,Beef Trim,80,0-15 Days,,,,USD/cwt,FOB/TIS,https://esmis.nal.usda.gov/sites/default/release-files/c821gj77m/5x21tt705/sq87c7460/NW_LS421.TXT
2019-10-11,URUGUAY,Beef Trim,75,0-15 Days,,,,USD/cwt,FOB/TIS,https://esmis.nal.usda.gov/sites/default/release-files/c821gj77m/5x21tt705/sq87c7460/NW_LS421.TXT
2019-10-16,AUSTRALIA AND NEW ZEALAND,Beef Trim,85,0-15 Days,East Coast,218.00,224.00,USD/cwt,FOB/TIS,https://esmis.nal.usda.gov/sites/default/release-files/c821gj77m/st74d4556/p84192496/NW_LS421.TXT
2019-10-16,AUSTRALIA AND NEW ZEALAND,Beef Trim,80,0-15 Days,East Coast,196.00,198.00,USD/cwt,FOB/TIS,https://esmis.nal.usda.gov/sites/default/release-files/c821gj77m/st74d4556/p84192496/NW_LS421.TXT
2019-10-16,AUSTRALIA AND NEW ZEALAND,Beef Trim,75,0-15 Days,East Coast,,,USD/cwt,FOB/TIS,https://esmis.nal.usda.gov/sites/default/release-files/c821gj77m/st74d4556/p84192496/NW_LS421.TXT
2019-10-16,AUSTRALIA AND NEW ZEALAND,Beef Trim,70,0-15 Days,East Coast,,,USD/cwt,FOB/TIS,https://esmis.nal.usda.gov/sites/default/release-files/c821gj77m/st74d4556/p84192496/NW_LS421.TXT
2019-10-16,AUSTRALIA AND NEW ZEALAND,Beef Trim,65,0-15 Days,East Coast,,,USD/cwt,FOB/TIS,https://esmis.nal.usda.gov/sites/default/release-files/c821gj77m/st74d4556/p84192496/NW_LS421.TXT
2019-10-16,URUGUAY,Beef Trim,85,0-15 Days,,,,USD/cwt,FOB/TIS,https://esmis.nal.usda.gov/sites/default/release-files/c821gj77m/st74d4556/p84192496/NW_LS421.TXT
2019-10-16,URUGUAY,Beef Trim,80,0-15 Days,,,,USD/cwt,FOB/TIS,https://esmis.nal.usda.gov/sites/default/release-files/c821gj77m/st74d4556/p84192496/NW_LS421.TXT
2019-10-16,URUGUAY,Beef Trim,75,0-15 Days,,,,USD/cwt,FOB/TIS,https://esmis.nal.usda.gov/sites/default/release-files/c821gj77m/st74d4556/p84192496/NW_LS421.TXT
2019-10-18,AUSTRALIA AND NEW ZEALAND,Beef Trim,85,0-15 Days,East Coast,218.00,224.00,USD/cwt,FOB/TIS,https://esmis.nal.usda.gov/sites/default/release-files/c821gj77m/41687x40p/8910k740b/NW_LS421.TXT
2019-10-18,AUSTRALIA AND NEW ZEALAND,Beef Trim,80,0-15 Days,East Coast,196.00,198.00,USD/cwt,FOB/TIS,https://esmis.nal.usda.gov/sites/default/release-files/c821gj77m/41687x40p/8910k740b/NW_LS421.TXT
2019-10-18,AUSTRALIA AND NEW ZEALAND,Beef Trim,75,0-15 Days,East Coast,,,USD/cwt,FOB/TIS,https://esmis.nal.usda.gov/sites/default/release-files/c821gj77m/41687x40p/8910k740b/NW_LS421.TXT
2019-10-18,AUSTRALIA AND NEW ZEALAND,Beef Trim,70,0-15 Days,East Coast,,,USD/cwt,FOB/TIS,https://esmis.nal.usda.gov/sites/default/release-files/c821gj77m/41687x40p/8910k740b/NW_LS421.TXT
2019-10-18,AUSTRALIA AND NEW ZEALAND,Beef Trim,65,0-15 Days,East Coast,,,USD/cwt,FOB/TIS,https://esmis.nal.usda.gov/sites/default/release-files/c821gj77m/41687x40p/8910k740b/NW_LS421.TXT
2019-10-18,URUGUAY,Beef Trim,85,0-15 Days,,,,USD/cwt,FOB/TIS,https://esmis.nal.usda.gov/sites/default/release-files/c821gj77m/41687x40p/8910k740b/NW_LS421.TXT
2019-10-18,URUGUAY,Beef Trim,80,0-15 Days,,,,USD/cwt,FOB/TIS,https://esmis.nal.usda.gov/sites/default/release-files/c821gj77m/41687x40p/8910k740b/NW_LS421.TXT
2019-10-18,URUGUAY,Beef Trim,75,0-15 Days,,,,USD/cwt,FOB/TIS,https://esmis.nal.usda.gov/sites/default/release-files/c821gj77m/41687x40p/8910k740b/NW_LS421.TXT
2019-10-23,AUSTRALIA AND NEW ZEALAND,Beef Trim,85,0-15 Days,East Coast,223.00,224.00,USD/cwt,FOB/TIS,https://esmis.nal.usda.gov/sites/default/release-files/c821gj77m/gb19fm51z/pn89dm20b/NW_LS421.TXT
2019-10-23,AUSTRALIA AND NEW ZEALAND,Beef Trim,80,0-15 Days,East Coast,,,USD/cwt,FOB/TIS,https://esmis.nal.usda.gov/sites/default/release-files/c821gj77m/gb19fm51z/pn89dm20b/NW_LS421.TXT
2019-10-23,AUSTRALIA AND NEW ZEALAND,Beef Trim,75,0-15 Days,East Coast,,,USD/cwt,FOB/TIS,https://esmis.nal.usda.gov/sites/default/release-files/c821gj77m/gb19fm51z/pn89dm20b/NW_LS421.TXT
2019-10-23,AUSTRALIA AND NEW ZEALAND,Beef Trim,70,0-15 Days,East Coast,,,USD/cwt,FOB/TIS,https://esmis.nal.usda.gov/sites/default/release-files/c821gj77m/gb19fm51z/pn89dm20b/NW_LS421.TXT
2019-10-23,AUSTRALIA AND NEW ZEALAND,Beef Trim,65,0-15 Days,East Coast,,,USD/cwt,FOB/TIS,https://esmis.nal.usda.gov/sites/default/release-files/c821gj77m/gb19fm51z/pn89dm20b/NW_LS421.TXT
2019-10-23,URUGUAY,Beef Trim,85,0-15 Days,,,,USD/cwt,FOB/TIS,https://esmis.nal.usda.gov/sites/default/release-files/c821gj77m/gb19fm51z/pn89dm20b/NW_LS421.TXT
2019-10-23,URUGUAY,Beef Trim,80,0-15 Days,,,,USD/cwt,FOB/TIS,https://esmis.nal.usda.gov/sites/default/release-files/c821gj77m/gb19fm51z/pn89dm20b/NW_LS421.TXT
2019-10-23,URUGUAY,Beef Trim,75,0-15 Days,,,,USD/cwt,FOB/TIS,https://esmis.nal.usda.gov/sites/default/release-files/c821gj77m/gb19fm51z/pn89dm20b/NW_LS421.TXT
2019-10-25,AUSTRALIA AND NEW ZEALAND,Beef Trim,85,0-15 Days,East Coast,223.00,224.00,USD/cwt,FOB/TIS,https://esmis.nal.usda.gov/sites/default/release-files/c821gj77m/cc08hv98c/jd473991k/NW_LS421.TXT
2019-10-25,AUSTRALIA AND NEW ZEALAND,Beef Trim,80,0-15 Days,East Coast,,,USD/cwt,FOB/TIS,https://esmis.nal.usda.gov/sites/default/release-files/c821gj77m/cc08hv98c/jd473991k/NW_LS421.TXT
2019-10-25,AUSTRALIA AND NEW ZEALAND,Beef Trim,75,0-15 Days,East Coast,,,USD/cwt,FOB/TIS,https://esmis.nal.usda.gov/sites/default/release-files/c821gj77m/cc08hv98c/jd473991k/NW_LS421.TXT
2019-10-25,AUSTRALIA AND NEW ZEALAND,Beef Trim,70,0-15 Days,East Coast,,,USD/cwt,FOB/TIS,https://esmis.nal.usda.gov/sites/default/release-files/c821gj77m/cc08hv98c/jd473991k/NW_LS421.TXT
2019-10-25,AUSTRALIA AND NEW ZEALAND,Beef Trim,65,0-15 Days,East Coast,,,USD/cwt,FOB/TIS,https://esmis.nal.usda.gov/sites/default/release-files/c821gj77m/cc08hv98c/jd473991k/NW_LS421.TXT
2019-10-25,URUGUAY,Beef Trim,85,0-15 Days,,,,USD/cwt,FOB/TIS,https://esmis.nal.usda.gov/sites/default/release-files/c821gj77m/cc08hv98c/jd473991k/NW_LS421.TXT
2019-10-25,URUGUAY,Beef Trim,80,0-15 Days,,,,USD/cwt,FOB/TIS,https://esmis.nal.usda.gov/sites/default/release-files/c821gj77m/cc08hv98c/jd473991k/NW_LS421.TXT
2019-10-25,URUGUAY,Beef Trim,75,0-15 Days,,,,USD/cwt,FOB/TIS,https://esmis.nal.usda.gov/sites/default/release-files/c821gj77m/cc08hv98c/jd473991k/NW_LS421.TXT
2019-10-30,AUSTRALIA AND NEW ZEALAND,Beef Trim,85,0-15 Days,East Coast,234.00,234.00,USD/cwt,FOB/TIS,https://esmis.nal.usda.gov/sites/default/release-files/c821gj77m/2514p093h/kp78gx13v/NW_LS421.TXT
2019-10-30,AUSTRALIA AND NEW ZEALAND,Beef Trim,80,0-15 Days,East Coast,,,USD/cwt,FOB/TIS,https://esmis.nal.usda.gov/sites/default/release-files/c821gj77m/2514p093h/kp78gx13v/NW_LS421.TXT
2019-10-30,AUSTRALIA AND NEW ZEALAND,Beef Trim,75,0-15 Days,East Coast,,,USD/cwt,FOB/TIS,https://esmis.nal.usda.gov/sites/default/release-files/c821gj77m/2514p093h/kp78gx13v/NW_LS421.TXT
2019-10-30,AUSTRALIA AND NEW ZEALAND,Beef Trim,70,0-15 Days,East Coast,,,USD/cwt,FOB/TIS,https://esmis.nal.usda.gov/sites/default/release-files/c821gj77m/2514p093h/kp78gx13v/NW_LS421.TXT
2019-10-30,AUSTRALIA AND NEW ZEALAND,Beef Trim,65,0-15 Days,East Coast,,,USD/cwt,FOB/TIS,https://esmis.nal.usda.gov/sites/default/release-files/c821gj77m/2514p093h/kp78gx13v/NW_LS421.TXT
2019-10-30,URUGUAY,Beef Trim,85,0-15 Days,,,,USD/cwt,FOB/TIS,https://esmis.nal.usda.gov/sites/default/release-files/c821gj77m/2514p093h/kp78gx13v/NW_LS421.TXT
2019-10-30,URUGUAY,Beef Trim,80,0-15 Days,,,,USD/cwt,FOB/TIS,https://esmis.nal.usda.gov/sites/default/release-files/c821gj77m/2514p093h/kp78gx13v/NW_LS421.TXT
2019-10-30,URUGUAY,Beef Trim,75,0-15 Days,,,,USD/cwt,FOB/TIS,https://esmis.nal.usda.gov/sites/default/release-files/c821gj77m/2514p093h/kp78gx13v/NW_LS421.TXT
2019-11-01,AUSTRALIA AND NEW ZEALAND,Beef Trim,85,0-15 Days,East Coast,234.00,234.00,USD/cwt,FOB/TIS,https://esmis.nal.usda.gov/sites/default/release-files/c821gj77m/ns064m84h/ht24wz94g/NW_LS421.TXT
2019-11-01,AUSTRALIA AND NEW ZEALAND,Beef Trim,80,0-15 Days,East Coast,,,USD/cwt,FOB/TIS,https://esmis.nal.usda.gov/sites/default/release-files/c821gj77m/ns064m84h/ht24wz94g/NW_LS421.TXT
2019-11-01,AUSTRALIA AND NEW ZEALAND,Beef Trim,75,0-15 Days,East Coast,,,USD/cwt,FOB/TIS,https://esmis.nal.usda.gov/sites/default/release-files/c821gj77m/ns064m84h/ht24wz94g/NW_LS421.TXT
2019-11-01,AUSTRALIA AND NEW ZEALAND,Beef Trim,70,0-15 Days,East Coast,,,USD/cwt,FOB/TIS,https://esmis.nal.usda.gov/sites/default/release-files/c821gj77m/ns064m84h/ht24wz94g/NW_LS421.TXT
2019-11-01,AUSTRALIA AND NEW ZEALAND,Beef Trim,65,0-15 Days,East Coast,,,USD/cwt,FOB/TIS,https://esmis.nal.usda.gov/sites/default/release-files/c821gj77m/ns064m84h/ht24wz94g/NW_LS421.TXT
2019-11-01,URUGUAY,Beef Trim,85,0-15 Days,,,,USD/cwt,FOB/TIS,https://esmis.nal.usda.gov/sites/default/release-files/c821gj77m/ns064m84h/ht24wz94g/NW_LS421.TXT
2019-11-01,URUGUAY,Beef Trim,80,0-15 Days,,,,USD/cwt,FOB/TIS,https://esmis.nal.usda.gov/sites/default/release-files/c821gj77m/ns064m84h/ht24wz94g/NW_LS421.TXT
2019-11-01,URUGUAY,Beef Trim,75,0-15 Days,,,,USD/cwt,FOB/TIS,https://esmis.nal.usda.gov/sites/default/release-files/c821gj77m/ns064m84h/ht24wz94g/NW_LS421.TXT
2019-11-06,AUSTRALIA AND NEW ZEALAND,Beef Trim,85,0-15 Days,East Coast,238.00,240.00,USD/cwt,FOB/TIS,https://esmis.nal.usda.gov/sites/default/release-files/c821gj77m/w0892r59j/pz50h9580/NW_LS421.TXT
2019-11-06,AUSTRALIA AND NEW ZEALAND,Beef Trim,80,0-15 Days,East Coast,220.00,220.00,USD/cwt,FOB/TIS,https://esmis.nal.usda.gov/sites/default/release-files/c821gj77m/w0892r59j/pz50h9580/NW_LS421.TXT
2019-11-06,AUSTRALIA AND NEW ZEALAND,Beef Trim,75,0-15 Days,East Coast,208.00,210.00,USD/cwt,FOB/TIS,https://esmis.nal.usda.gov/sites/default/release-files/c821gj77m/w0892r59j/pz50h9580/NW_LS421.TXT
2019-11-06,AUSTRALIA AND NEW ZEALAND,Beef Trim,70,0-15 Days,East Coast,,,USD/cwt,FOB/TIS,https://esmis.nal.usda.gov/sites/default/release-files/c821gj77m/w0892r59j/pz50h9580/NW_LS421.TXT
2019-11-06,AUSTRALIA AND NEW ZEALAND,Beef Trim,65,0-15 Days,East Coast,,,USD/cwt,FOB/TIS,https://esmis.nal.usda.gov/sites/default/release-files/c821gj77m/w0892r59j/pz50h9580/NW_LS421.TXT
2019-11-06,URUGUAY,Beef Trim,85,0-15 Days,,,,USD/cwt,FOB/TIS,https://esmis.nal.usda.gov/sites/default/release-files/c821gj77m/w0892r59j/pz50h9580/NW_LS421.TXT
2019-11-06,URUGUAY,Beef Trim,80,0-15 Days,,,,USD/cwt,FOB/TIS,https://esmis.nal.usda.gov/sites/default/release-files/c821gj77m/w0892r59j/pz50h9580/NW_LS421.TXT
2019-11-06,URUGUAY,Beef Trim,75,0-15 Days,,,,USD/cwt,FOB/TIS,https://esmis.nal.usda.gov/sites/default/release-files/c821gj77m/w0892r59j/pz50h9580/NW_LS421.TXT
2019-11-08,AUSTRALIA AND NEW ZEALAND,Beef Trim,85,0-15 Days,East Coast,238.00,240.00,USD/cwt,FOB/TIS,https://esmis.nal.usda.gov/sites/default/release-files/c821gj77m/jh344614q/9w032h31z/NW_LS421.TXT
2019-11-08,AUSTRALIA AND NEW ZEALAND,Beef Trim,80,0-15 Days,East Coast,220.00,220.00,USD/cwt,FOB/TIS,https://esmis.nal.usda.gov/sites/default/release-files/c821gj77m/jh344614q/9w032h31z/NW_LS421.TXT
2019-11-08,AUSTRALIA AND NEW ZEALAND,Beef Trim,75,0-15 Days,East Coast,208.00,210.00,USD/cwt,FOB/TIS,https://esmis.nal.usda.gov/sites/default/release-files/c821gj77m/jh344614q/9w032h31z/NW_LS421.TXT
2019-11-08,AUSTRALIA AND NEW ZEALAND,Beef Trim,70,0-15 Days,East Coast,,,USD/cwt,FOB/TIS,https://esmis.nal.usda.gov/sites/default/release-files/c821gj77m/jh344614q/9w032h31z/NW_LS421.TXT
2019-11-08,AUSTRALIA AND NEW ZEALAND,Beef Trim,65,0-15 Days,East Coast,,,USD/cwt,FOB/TIS,https://esmis.nal.usda.gov/sites/default/release-files/c821gj77m/jh344614q/9w032h31z/NW_LS421.TXT
2019-11-08,URUGUAY,Beef Trim,85,0-15 Days,,,,USD/cwt,FOB/TIS,https://esmis.nal.usda.gov/sites/default/release-files/c821gj77m/jh344614q/9w032h31z/NW_LS421.TXT
2019-11-08,URUGUAY,Beef Trim,80,0-15 Days,,,,USD/cwt,FOB/TIS,https://esmis.nal.usda.gov/sites/default/release-files/c821gj77m/jh344614q/9w032h31z/NW_LS421.TXT
2019-11-08,URUGUAY,Beef Trim,75,0-15 Days,,,,USD/cwt,FOB/TIS,https://esmis.nal.usda.gov/sites/default/release-files/c821gj77m/jh344614q/9w032h31z/NW_LS421.TXT
2019-11-13,AUSTRALIA AND NEW ZEALAND,Beef Trim,85,0-15 Days,East Coast,,,USD/cwt,FOB/TIS,https://esmis.nal.usda.gov/sites/default/release-files/c821gj77m/ww72br92p/f4752x800/NW_LS421.TXT
2019-11-13,AUSTRALIA AND NEW ZEALAND,Beef Trim,80,0-15 Days,East Coast,,,USD/cwt,FOB/TIS,https://esmis.nal.usda.gov/sites/default/release-files/c821gj77m/ww72br92p/f4752x800/NW_LS421.TXT
2019-11-13,AUSTRALIA AND NEW ZEALAND,Beef Trim,75,0-15 Days,East Coast,,,USD/cwt,FOB/TIS,https://esmis.nal.usda.gov/sites/default/release-files/c821gj77m/ww72br92p/f4752x800/NW_LS421.TXT
2019-11-13,AUSTRALIA AND NEW ZEALAND,Beef Trim,70,0-15 Days,East Coast,,,USD/cwt,FOB/TIS,https://esmis.nal.usda.gov/sites/default/release-files/c821gj77m/ww72br92p/f4752x800/NW_LS421.TXT
2019-11-13,AUSTRALIA AND NEW ZEALAND,Beef Trim,65,0-15 Days,East Coast,,,USD/cwt,FOB/TIS,https://esmis.nal.usda.gov/sites/default/release-files/c821gj77m/ww72br92p/f4752x800/NW_LS421.TXT
2019-11-13,URUGUAY,Beef Trim,85,0-15 Days,,,,USD/cwt,FOB/TIS,https://esmis.nal.usda.gov/sites/default/release-files/c821gj77m/ww72br92p/f4752x800/NW_LS421.TXT
2019-11-13,URUGUAY,Beef Trim,80,0-15 Days,,,,USD/cwt,FOB/TIS,https://esmis.nal.usda.gov/sites/default/release-files/c821gj77m/ww72br92p/f4752x800/NW_LS421.TXT
2019-11-13,URUGUAY,Beef Trim,75,0-15 Days,,,,USD/cwt,FOB/TIS,https://esmis.nal.usda.gov/sites/default/release-files/c821gj77m/ww72br92p/f4752x800/NW_LS421.TXT
2019-11-15,AUSTRALIA AND NEW ZEALAND,Beef Trim,85,0-15 Days,East Coast,,,USD/cwt,FOB/TIS,https://esmis.nal.usda.gov/sites/default/release-files/c821gj77m/3x8172244/2f75rq243/NW_LS421.TXT
2019-11-15,AUSTRALIA AND NEW ZEALAND,Beef Trim,80,0-15 Days,East Coast,,,USD/cwt,FOB/TIS,https://esmis.nal.usda.gov/sites/default/release-files/c821gj77m/3x8172244/2f75rq243/NW_LS421.TXT
2019-11-15,AUSTRALIA AND NEW ZEALAND,Beef Trim,75,0-15 Days,East Coast,,,USD/cwt,FOB/TIS,https://esmis.nal.usda.gov/sites/default/release-files/c821gj77m/3x8172244/2f75rq243/NW_LS421.TXT
2019-11-15,AUSTRALIA AND NEW ZEALAND,Beef Trim,70,0-15 Days,East Coast,,,USD/cwt,FOB/TIS,https://esmis.nal.usda.gov/sites/default/release-files/c821gj77m/3x8172244/2f75rq243/NW_LS421.TXT
2019-11-15,AUSTRALIA AND NEW ZEALAND,Beef Trim,65,0-15 Days,East Coast,,,USD/cwt,FOB/TIS,https://esmis.nal.usda.gov/sites/default/release-files/c821gj77m/3x8172244/2f75rq243/NW_LS421.TXT
2019-11-15,URUGUAY,Beef Trim,85,0-15 Days,,,,USD/cwt,FOB/TIS,https://esmis.nal.usda.gov/sites/default/release-files/c821gj77m/3x8172244/2f75rq243/NW_LS421.TXT
2019-11-15,URUGUAY,Beef Trim,80,0-15 Days,,,,USD/cwt,FOB/TIS,https://esmis.nal.usda.gov/sites/default/release-files/c821gj77m/3x8172244/2f75rq243/NW_LS421.TXT
2019-11-15,URUGUAY,Beef Trim,75,0-15 Days,,,,USD/cwt,FOB/TIS,https://esmis.nal.usda.gov/sites/default/release-files/c821gj77m/3x8172244/2f75rq243/NW_LS421.TXT
2019-11-20,AUSTRALIA AND NEW ZEALAND,Beef Trim,85,0-15 Days,East Coast,285.00,290.00,USD/cwt,FOB/TIS,https://esmis.nal.usda.gov/sites/default/release-files/c821gj77m/v692tn03c/kd17d821z/NW_LS421.TXT
2019-11-20,AUSTRALIA AND NEW ZEALAND,Beef Trim,80,0-15 Days,East Coast,275.00,275.00,USD/cwt,FOB/TIS,https://esmis.nal.usda.gov/sites/default/release-files/c821gj77m/v692tn03c/kd17d821z/NW_LS421.TXT
2019-11-20,AUSTRALIA AND NEW ZEALAND,Beef Trim,75,0-15 Days,East Coast,,,USD/cwt,FOB/TIS,https://esmis.nal.usda.gov/sites/default/release-files/c821gj77m/v692tn03c/kd17d821z/NW_LS421.TXT
2019-11-20,AUSTRALIA AND NEW ZEALAND,Beef Trim,70,0-15 Days,East Coast,,,USD/cwt,FOB/TIS,https://esmis.nal.usda.gov/sites/default/release-files/c821gj77m/v692tn03c/kd17d821z/NW_LS421.TXT
2019-11-20,AUSTRALIA AND NEW ZEALAND,Beef Trim,65,0-15 Days,East Coast,,,USD/cwt,FOB/TIS,https://esmis.nal.usda.gov/sites/default/release-files/c821gj77m/v692tn03c/kd17d821z/NW_LS421.TXT
2019-11-20,URUGUAY,Beef Trim,85,0-15 Days,,,,USD/cwt,FOB/TIS,https://esmis.nal.usda.gov/sites/default/release-files/c821gj77m/v692tn03c/kd17d821z/NW_LS421.TXT
2019-11-20,URUGUAY,Beef Trim,80,0-15 Days,,,,USD/cwt,FOB/TIS,https://esmis.nal.usda.gov/sites/default/release-files/c821gj77m/v692tn03c/kd17d821z/NW_LS421.TXT
2019-11-20,URUGUAY,Beef Trim,75,0-15 Days,,,,USD/cwt,FOB/TIS,https://esmis.nal.usda.gov/sites/default/release-files/c821gj77m/v692tn03c/kd17d821z/NW_LS421.TXT
2019-11-22,AUSTRALIA AND NEW ZEALAND,Beef Trim,85,0-15 Days,East Coast,285.00,290.00,USD/cwt,FOB/TIS,https://esmis.nal.usda.gov/sites/default/release-files/c821gj77m/7s75dt46w/d791sx065/NW_LS421.TXT
2019-11-22,AUSTRALIA AND NEW ZEALAND,Beef Trim,80,0-15 Days,East Coast,275.00,275.00,USD/cwt,FOB/TIS,https://esmis.nal.usda.gov/sites/default/release-files/c821gj77m/7s75dt46w/d791sx065/NW_LS421.TXT
2019-11-22,AUSTRALIA AND NEW ZEALAND,Beef Trim,75,0-15 Days,East Coast,,,USD/cwt,FOB/TIS,https://esmis.nal.usda.gov/sites/default/release-files/c821gj77m/7s75dt46w/d791sx065/NW_LS421.TXT
2019-11-22,AUSTRALIA AND NEW ZEALAND,Beef Trim,70,0-15 Days,East Coast,,,USD/cwt,FOB/TIS,https://esmis.nal.usda.gov/sites/default/release-files/c821gj77m/7s75dt46w/d791sx065/NW_LS421.TXT
2019-11-22,AUSTRALIA AND NEW ZEALAND,Beef Trim,65,0-15 Days,East Coast,,,USD/cwt,FOB/TIS,https://esmis.nal.usda.gov/sites/default/release-files/c821gj77m/7s75dt46w/d791sx065/NW_LS421.TXT
2019-11-22,URUGUAY,Beef Trim,85,0-15 Days,,,,USD/cwt,FOB/TIS,https://esmis.nal.usda.gov/sites/default/release-files/c821gj77m/7s75dt46w/d791sx065/NW_LS421.TXT
2019-11-22,URUGUAY,Beef Trim,80,0-15 Days,,,,USD/cwt,FOB/TIS,https://esmis.nal.usda.gov/sites/default/release-files/c821gj77m/7s75dt46w/d791sx065/NW_LS421.TXT
2019-11-22,URUGUAY,Beef Trim,75,0-15 Days,,,,USD/cwt,FOB/TIS,https://esmis.nal.usda.gov/sites/default/release-files/c821gj77m/7s75dt46w/d791sx065/NW_LS421.TXT
2019-11-27,AUSTRALIA AND NEW ZEALAND,Beef Trim,85,0-15 Days,East Coast,280.00,285.00,USD/cwt,FOB/TIS,https://esmis.nal.usda.gov/sites/default/release-files/c821gj77m/1n79hj64r/t148fz551/NW_LS421.TXT
2019-11-27,AUSTRALIA AND NEW ZEALAND,Beef Trim,80,0-15 Days,East Coast,255.00,258.00,USD/cwt,FOB/TIS,https://esmis.nal.usda.gov/sites/default/release-files/c821gj77m/1n79hj64r/t148fz551/NW_LS421.TXT
2019-11-27,AUSTRALIA AND NEW ZEALAND,Beef Trim,75,0-15 Days,East Coast,,,USD/cwt,FOB/TIS,https://esmis.nal.usda.gov/sites/default/release-files/c821gj77m/1n79hj64r/t148fz551/NW_LS421.TXT
2019-11-27,AUSTRALIA AND NEW ZEALAND,Beef Trim,70,0-15 Days,East Coast,,,USD/cwt,FOB/TIS,https://esmis.nal.usda.gov/sites/default/release-files/c821gj77m/1n79hj64r/t148fz551/NW_LS421.TXT
2019-11-27,AUSTRALIA AND NEW ZEALAND,Beef Trim,65,0-15 Days,East Coast,,,USD/cwt,FOB/TIS,https://esmis.nal.usda.gov/sites/default/release-files/c821gj77m/1n79hj64r/t148fz551/NW_LS421.TXT
2019-11-27,URUGUAY,Beef Trim,85,0-15 Days,,,,USD/cwt,FOB/TIS,https://esmis.nal.usda.gov/sites/default/release-files/c821gj77m/1n79hj64r/t148fz551/NW_LS421.TXT
2019-11-27,URUGUAY,Beef Trim,80,0-15 Days,,,,USD/cwt,FOB/TIS,https://esmis.nal.usda.gov/sites/default/release-files/c821gj77m/1n79hj64r/t148fz551/NW_LS421.TXT
2019-11-27,URUGUAY,Beef Trim,75,0-15 Days,,,,USD/cwt,FOB/TIS,https://esmis.nal.usda.gov/sites/default/release-files/c821gj77m/1n79hj64r/t148fz551/NW_LS421.TXT
2019-11-29,AUSTRALIA AND NEW ZEALAND,Beef Trim,85,0-15 Days,East Coast,280.00,285.00,USD/cwt,FOB/TIS,https://esmis.nal.usda.gov/sites/default/release-files/c821gj77m/fx71b298p/6969zf783/NW_LS421.TXT
2019-11-29,AUSTRALIA AND NEW ZEALAND,Beef Trim,80,0-15 Days,East Coast,255.00,258.00,USD/cwt,FOB/TIS,https://esmis.nal.usda.gov/sites/default/release-files/c821gj77m/fx71b298p/6969zf783/NW_LS421.TXT
2019-11-29,AUSTRALIA AND NEW ZEALAND,Beef Trim,75,0-15 Days,East Coast,,,USD/cwt,FOB/TIS,https://esmis.nal.usda.gov/sites/default/release-files/c821gj77m/fx71b298p/6969zf783/NW_LS421.TXT
2019-11-29,AUSTRALIA AND NEW ZEALAND,Beef Trim,70,0-15 Days,East Coast,,,USD/cwt,FOB/TIS,https://esmis.nal.usda.gov/sites/default/release-files/c821gj77m/fx71b298p/6969zf783/NW_LS421.TXT
2019-11-29,AUSTRALIA AND NEW ZEALAND,Beef Trim,65,0-15 Days,East Coast,,,USD/cwt,FOB/TIS,https://esmis.nal.usda.gov/sites/default/release-files/c821gj77m/fx71b298p/6969zf783/NW_LS421.TXT
2019-11-29,URUGUAY,Beef Trim,85,0-15 Days,,,,USD/cwt,FOB/TIS,https://esmis.nal.usda.gov/sites/default/release-files/c821gj77m/fx71b298p/6969zf783/NW_LS421.TXT
2019-11-29,URUGUAY,Beef Trim,80,0-15 Days,,,,USD/cwt,FOB/TIS,https://esmis.nal.usda.gov/sites/default/release-files/c821gj77m/fx71b298p/6969zf783/NW_LS421.TXT
2019-11-29,URUGUAY,Beef Trim,75,0-15 Days,,,,USD/cwt,FOB/TIS,https://esmis.nal.usda.gov/sites/default/release-files/c821gj77m/fx71b298p/6969zf783/NW_LS421.TXT
2019-12-04,AUSTRALIA AND NEW ZEALAND,Beef Trim,85,0-15 Days,East Coast,270.00,275.00,USD/cwt,FOB/TIS,https://esmis.nal.usda.gov/sites/default/release-files/c821gj77m/st74d5986/j9602g27f/NW_LS421.TXT
2019-12-04,AUSTRALIA AND NEW ZEALAND,Beef Trim,80,0-15 Days,East Coast,240.00,245.00,USD/cwt,FOB/TIS,https://esmis.nal.usda.gov/sites/default/release-files/c821gj77m/st74d5986/j9602g27f/NW_LS421.TXT
2019-12-04,AUSTRALIA AND NEW ZEALAND,Beef Trim,75,0-15 Days,East Coast,,,USD/cwt,FOB/TIS,https://esmis.nal.usda.gov/sites/default/release-files/c821gj77m/st74d5986/j9602g27f/NW_LS421.TXT
2019-12-04,AUSTRALIA AND NEW ZEALAND,Beef Trim,70,0-15 Days,East Coast,,,USD/cwt,FOB/TIS,https://esmis.nal.usda.gov/sites/default/release-files/c821gj77m/st74d5986/j9602g27f/NW_LS421.TXT
2019-12-04,AUSTRALIA AND NEW ZEALAND,Beef Trim,65,0-15 Days,East Coast,,,USD/cwt,FOB/TIS,https://esmis.nal.usda.gov/sites/default/release-files/c821gj77m/st74d5986/j9602g27f/NW_LS421.TXT
2019-12-04,URUGUAY,Beef Trim,85,0-15 Days,,,,USD/cwt,FOB/TIS,https://esmis.nal.usda.gov/sites/default/release-files/c821gj77m/st74d5986/j9602g27f/NW_LS421.TXT
2019-12-04,URUGUAY,Beef Trim,80,0-15 Days,,,,USD/cwt,FOB/TIS,https://esmis.nal.usda.gov/sites/default/release-files/c821gj77m/st74d5986/j9602g27f/NW_LS421.TXT
2019-12-04,URUGUAY,Beef Trim,75,0-15 Days,,,,USD/cwt,FOB/TIS,https://esmis.nal.usda.gov/sites/default/release-files/c821gj77m/st74d5986/j9602g27f/NW_LS421.TXT
2019-12-06,AUSTRALIA AND NEW ZEALAND,Beef Trim,85,0-15 Days,East Coast,270.00,275.00,USD/cwt,FOB/TIS,https://esmis.nal.usda.gov/sites/default/release-files/c821gj77m/jd473b990/n009wh91x/NW_LS421.TXT
2019-12-06,AUSTRALIA AND NEW ZEALAND,Beef Trim,80,0-15 Days,East Coast,240.00,245.00,USD/cwt,FOB/TIS,https://esmis.nal.usda.gov/sites/default/release-files/c821gj77m/jd473b990/n009wh91x/NW_LS421.TXT
2019-12-06,AUSTRALIA AND NEW ZEALAND,Beef Trim,75,0-15 Days,East Coast,,,USD/cwt,FOB/TIS,https://esmis.nal.usda.gov/sites/default/release-files/c821gj77m/jd473b990/n009wh91x/NW_LS421.TXT
2019-12-06,AUSTRALIA AND NEW ZEALAND,Beef Trim,70,0-15 Days,East Coast,,,USD/cwt,FOB/TIS,https://esmis.nal.usda.gov/sites/default/release-files/c821gj77m/jd473b990/n009wh91x/NW_LS421.TXT
2019-12-06,AUSTRALIA AND NEW ZEALAND,Beef Trim,65,0-15 Days,East Coast,,,USD/cwt,FOB/TIS,https://esmis.nal.usda.gov/sites/default/release-files/c821gj77m/jd473b990/n009wh91x/NW_LS421.TXT
2019-12-06,URUGUAY,Beef Trim,85,0-15 Days,,,,USD/cwt,FOB/TIS,https://esmis.nal.usda.gov/sites/default/release-files/c821gj77m/jd473b990/n009wh91x/NW_LS421.TXT
2019-12-06,URUGUAY,Beef Trim,80,0-15 Days,,,,USD/cwt,FOB/TIS,https://esmis.nal.usda.gov/sites/default/release-files/c821gj77m/jd473b990/n009wh91x/NW_LS421.TXT
2019-12-06,URUGUAY,Beef Trim,75,0-15 Days,,,,USD/cwt,FOB/TIS,https://esmis.nal.usda.gov/sites/default/release-files/c821gj77m/jd473b990/n009wh91x/NW_LS421.TXT
2019-12-11,AUSTRALIA AND NEW ZEALAND,Beef Trim,85,0-15 Days,East Coast,,,USD/cwt,FOB/TIS,https://esmis.nal.usda.gov/sites/default/release-files/c821gj77m/1v53kc414/gb19fn957/NW_LS421.TXT
2019-12-11,AUSTRALIA AND NEW ZEALAND,Beef Trim,80,0-15 Days,East Coast,,,USD/cwt,FOB/TIS,https://esmis.nal.usda.gov/sites/default/release-files/c821gj77m/1v53kc414/gb19fn957/NW_LS421.TXT
2019-12-11,AUSTRALIA AND NEW ZEALAND,Beef Trim,75,0-15 Days,East Coast,,,USD/cwt,FOB/TIS,https://esmis.nal.usda.gov/sites/default/release-files/c821gj77m/1v53kc414/gb19fn957/NW_LS421.TXT
2019-12-11,AUSTRALIA AND NEW ZEALAND,Beef Trim,70,0-15 Days,East Coast,,,USD/cwt,FOB/TIS,https://esmis.nal.usda.gov/sites/default/release-files/c821gj77m/1v53kc414/gb19fn957/NW_LS421.TXT
2019-12-11,AUSTRALIA AND NEW ZEALAND,Beef Trim,65,0-15 Days,East Coast,,,USD/cwt,FOB/TIS,https://esmis.nal.usda.gov/sites/default/release-files/c821gj77m/1v53kc414/gb19fn957/NW_LS421.TXT
2019-12-11,URUGUAY,Beef Trim,85,0-15 Days,,,,USD/cwt,FOB/TIS,https://esmis.nal.usda.gov/sites/default/release-files/c821gj77m/1v53kc414/gb19fn957/NW_LS421.TXT
2019-12-11,URUGUAY,Beef Trim,80,0-15 Days,,,,USD/cwt,FOB/TIS,https://esmis.nal.usda.gov/sites/default/release-files/c821gj77m/1v53kc414/gb19fn957/NW_LS421.TXT
2019-12-11,URUGUAY,Beef Trim,75,0-15 Days,,,,USD/cwt,FOB/TIS,https://esmis.nal.usda.gov/sites/default/release-files/c821gj77m/1v53kc414/gb19fn957/NW_LS421.TXT
2019-12-13,AUSTRALIA AND NEW ZEALAND,Beef Trim,85,0-15 Days,East Coast,,,USD/cwt,FOB/TIS,https://esmis.nal.usda.gov/sites/default/release-files/c821gj77m/5712mn444/q811m137g/NW_LS421.TXT
2019-12-13,AUSTRALIA AND NEW ZEALAND,Beef Trim,80,0-15 Days,East Coast,,,USD/cwt,FOB/TIS,https://esmis.nal.usda.gov/sites/default/release-files/c821gj77m/5712mn444/q811m137g/NW_LS421.TXT
2019-12-13,AUSTRALIA AND NEW ZEALAND,Beef Trim,75,0-15 Days,East Coast,,,USD/cwt,FOB/TIS,https://esmis.nal.usda.gov/sites/default/release-files/c821gj77m/5712mn444/q811m137g/NW_LS421.TXT
2019-12-13,AUSTRALIA AND NEW ZEALAND,Beef Trim,70,0-15 Days,East Coast,,,USD/cwt,FOB/TIS,https://esmis.nal.usda.gov/sites/default/release-files/c821gj77m/5712mn444/q811m137g/NW_LS421.TXT
2019-12-13,AUSTRALIA AND NEW ZEALAND,Beef Trim,65,0-15 Days,East Coast,,,USD/cwt,FOB/TIS,https://esmis.nal.usda.gov/sites/default/release-files/c821gj77m/5712mn444/q811m137g/NW_LS421.TXT
2019-12-13,URUGUAY,Beef Trim,85,0-15 Days,,,,USD/cwt,FOB/TIS,https://esmis.nal.usda.gov/sites/default/release-files/c821gj77m/5712mn444/q811m137g/NW_LS421.TXT
2019-12-13,URUGUAY,Beef Trim,80,0-15 Days,,,,USD/cwt,FOB/TIS,https://esmis.nal.usda.gov/sites/default/release-files/c821gj77m/5712mn444/q811m137g/NW_LS421.TXT
2019-12-13,URUGUAY,Beef Trim,75,0-15 Days,,,,USD/cwt,FOB/TIS,https://esmis.nal.usda.gov/sites/default/release-files/c821gj77m/5712mn444/q811m137g/NW_LS421.TXT
2019-12-18,AUSTRALIA AND NEW ZEALAND,Beef Trim,85,0-15 Days,East Coast,235.00,240.00,USD/cwt,FOB/TIS,https://esmis.nal.usda.gov/sites/default/release-files/c821gj77m/1j92gq292/pk02cs61h/NW_LS421.TXT
2019-12-18,AUSTRALIA AND NEW ZEALAND,Beef Trim,80,0-15 Days,East Coast,225.00,230.00,USD/cwt,FOB/TIS,https://esmis.nal.usda.gov/sites/default/release-files/c821gj77m/1j92gq292/pk02cs61h/NW_LS421.TXT
2019-12-18,AUSTRALIA AND NEW ZEALAND,Beef Trim,75,0-15 Days,East Coast,215.00,220.00,USD/cwt,FOB/TIS,https://esmis.nal.usda.gov/sites/default/release-files/c821gj77m/1j92gq292/pk02cs61h/NW_LS421.TXT
2019-12-18,AUSTRALIA AND NEW ZEALAND,Beef Trim,70,0-15 Days,East Coast,,,USD/cwt,FOB/TIS,https://esmis.nal.usda.gov/sites/default/release-files/c821gj77m/1j92gq292/pk02cs61h/NW_LS421.TXT
2019-12-18,AUSTRALIA AND NEW ZEALAND,Beef Trim,65,0-15 Days,East Coast,,,USD/cwt,FOB/TIS,https://esmis.nal.usda.gov/sites/default/release-files/c821gj77m/1j92gq292/pk02cs61h/NW_LS421.TXT
2019-12-18,URUGUAY,Beef Trim,85,0-15 Days,,,,USD/cwt,FOB/TIS,https://esmis.nal.usda.gov/sites/default/release-files/c821gj77m/1j92gq292/pk02cs61h/NW_LS421.TXT
2019-12-18,URUGUAY,Beef Trim,80,0-15 Days,,,,USD/cwt,FOB/TIS,https://esmis.nal.usda.gov/sites/default/release-files/c821gj77m/1j92gq292/pk02cs61h/NW_LS421.TXT
2019-12-18,URUGUAY,Beef Trim,75,0-15 Days,,,,USD/cwt,FOB/TIS,https://esmis.nal.usda.gov/sites/default/release-files/c821gj77m/1j92gq292/pk02cs61h/NW_LS421.TXT
2019-12-20,AUSTRALIA AND NEW ZEALAND,Beef Trim,85,0-15 Days,East Coast,235.00,240.00,USD/cwt,FOB/TIS,https://esmis.nal.usda.gov/sites/default/release-files/c821gj77m/zw12zm868/zg64v2145/NW_LS421.TXT
2019-12-20,AUSTRALIA AND NEW ZEALAND,Beef Trim,80,0-15 Days,East Coast,225.00,230.00,USD/cwt,FOB/TIS,https://esmis.nal.usda.gov/sites/default/release-files/c821gj77m/zw12zm868/zg64v2145/NW_LS421.TXT
2019-12-20,AUSTRALIA AND NEW ZEALAND,Beef Trim,75,0-15 Days,East Coast,215.00,220.00,USD/cwt,FOB/TIS,https://esmis.nal.usda.gov/sites/default/release-files/c821gj77m/zw12zm868/zg64v2145/NW_LS421.TXT
2019-12-20,AUSTRALIA AND NEW ZEALAND,Beef Trim,70,0-15 Days,East Coast,,,USD/cwt,FOB/TIS,https://esmis.nal.usda.gov/sites/default/release-files/c821gj77m/zw12zm868/zg64v2145/NW_LS421.TXT
2019-12-20,AUSTRALIA AND NEW ZEALAND,Beef Trim,65,0-15 Days,East Coast,,,USD/cwt,FOB/TIS,https://esmis.nal.usda.gov/sites/default/release-files/c821gj77m/zw12zm868/zg64v2145/NW_LS421.TXT
2019-12-20,URUGUAY,Beef Trim,85,0-15 Days,,,,USD/cwt,FOB/TIS,https://esmis.nal.usda.gov/sites/default/release-files/c821gj77m/zw12zm868/zg64v2145/NW_LS421.TXT
2019-12-20,URUGUAY,Beef Trim,80,0-15 Days,,,,USD/cwt,FOB/TIS,https://esmis.nal.usda.gov/sites/default/release-files/c821gj77m/zw12zm868/zg64v2145/NW_LS421.TXT
2019-12-20,URUGUAY,Beef Trim,75,0-15 Days,,,,USD/cwt,FOB/TIS,https://esmis.nal.usda.gov/sites/default/release-files/c821gj77m/zw12zm868/zg64v2145/NW_LS421.TXT
2019-12-27,AUSTRALIA AND NEW ZEALAND,Beef Trim,85,0-15 Days,East Coast,,,USD/cwt,FOB/TIS,https://esmis.nal.usda.gov/sites/default/release-files/c821gj77m/xw42nr33s/0r967k638/NW_LS421.TXT
2019-12-27,AUSTRALIA AND NEW ZEALAND,Beef Trim,80,0-15 Days,East Coast,,,USD/cwt,FOB/TIS,https://esmis.nal.usda.gov/sites/default/release-files/c821gj77m/xw42nr33s/0r967k638/NW_LS421.TXT
2019-12-27,AUSTRALIA AND NEW ZEALAND,Beef Trim,75,0-15 Days,East Coast,,,USD/cwt,FOB/TIS,https://esmis.nal.usda.gov/sites/default/release-files/c821gj77m/xw42nr33s/0r967k638/NW_LS421.TXT
2019-12-27,AUSTRALIA AND NEW ZEALAND,Beef Trim,70,0-15 Days,East Coast,,,USD/cwt,FOB/TIS,https://esmis.nal.usda.gov/sites/default/release-files/c821gj77m/xw42nr33s/0r967k638/NW_LS421.TXT
2019-12-27,AUSTRALIA AND NEW ZEALAND,Beef Trim,65,0-15 Days,East Coast,,,USD/cwt,FOB/TIS,https://esmis.nal.usda.gov/sites/default/release-files/c821gj77m/xw42nr33s/0r967k638/NW_LS421.TXT
2019-12-27,URUGUAY,Beef Trim,85,0-15 Days,,,,USD/cwt,FOB/TIS,https://esmis.nal.usda.gov/sites/default/release-files/c821gj77m/xw42nr33s/0r967k638/NW_LS421.TXT
2019-12-27,URUGUAY,Beef Trim,80,0-15 Days,,,,USD/cwt,FOB/TIS,https://esmis.nal.usda.gov/sites/default/release-files/c821gj77m/xw42nr33s/0r967k638/NW_LS421.TXT
2019-12-27,URUGUAY,Beef Trim,75,0-15 Days,,,,USD/cwt,FOB/TIS,https://esmis.nal.usda.gov/sites/default/release-files/c821gj77m/xw42nr33s/0r967k638/NW_LS421.TXT
2020-01-03,AUSTRALIA AND NEW ZEALAND,Beef Trim,85,0-15 Days,East Coast,,,USD/cwt,FOB/TIS,https://esmis.nal.usda.gov/sites/default/release-files/c821gj77m/x059cq636/xp68kz26w/NW_LS421.TXT
2020-01-03,AUSTRALIA AND NEW ZEALAND,Beef Trim,80,0-15 Days,East Coast,,,USD/cwt,FOB/TIS,https://esmis.nal.usda.gov/sites/default/release-files/c821gj77m/x059cq636/xp68kz26w/NW_LS421.TXT
2020-01-03,AUSTRALIA AND NEW ZEALAND,Beef Trim,75,0-15 Days,East Coast,,,USD/cwt,FOB/TIS,https://esmis.nal.usda.gov/sites/default/release-files/c821gj77m/x059cq636/xp68kz26w/NW_LS421.TXT
2020-01-03,AUSTRALIA AND NEW ZEALAND,Beef Trim,70,0-15 Days,East Coast,,,USD/cwt,FOB/TIS,https://esmis.nal.usda.gov/sites/default/release-files/c821gj77m/x059cq636/xp68kz26w/NW_LS421.TXT
2020-01-03,AUSTRALIA AND NEW ZEALAND,Beef Trim,65,0-15 Days,East Coast,,,USD/cwt,FOB/TIS,https://esmis.nal.usda.gov/sites/default/release-files/c821gj77m/x059cq636/xp68kz26w/NW_LS421.TXT
2020-01-03,URUGUAY,Beef Trim,85,0-15 Days,,,,USD/cwt,FOB/TIS,https://esmis.nal.usda.gov/sites/default/release-files/c821gj77m/x059cq636/xp68kz26w/NW_LS421.TXT
2020-01-03,URUGUAY,Beef Trim,80,0-15 Days,,,,USD/cwt,FOB/TIS,https://esmis.nal.usda.gov/sites/default/release-files/c821gj77m/x059cq636/xp68kz26w/NW_LS421.TXT
2020-01-03,URUGUAY,Beef Trim,75,0-15 Days,,,,USD/cwt,FOB/TIS,https://esmis.nal.usda.gov/sites/default/release-files/c821gj77m/x059cq636/xp68kz26w/NW_LS421.TXT
2020-01-08,AUSTRALIA AND NEW ZEALAND,Beef Trim,85,0-15 Days,East Coast,235.00,238.00,USD/cwt,FOB/TIS,https://esmis.nal.usda.gov/sites/default/release-files/c821gj77m/th83mf03q/h128nx55b/NW_LS421.TXT
2020-01-08,AUSTRALIA AND NEW ZEALAND,Beef Trim,80,0-15 Days,East Coast,218.00,220.00,USD/cwt,FOB/TIS,https://esmis.nal.usda.gov/sites/default/release-files/c821gj77m/th83mf03q/h128nx55b/NW_LS421.TXT
2020-01-08,AUSTRALIA AND NEW ZEALAND,Beef Trim,75,0-15 Days,East Coast,,,USD/cwt,FOB/TIS,https://esmis.nal.usda.gov/sites/default/release-files/c821gj77m/th83mf03q/h128nx55b/NW_LS421.TXT
2020-01-08,AUSTRALIA AND NEW ZEALAND,Beef Trim,70,0-15 Days,East Coast,,,USD/cwt,FOB/TIS,https://esmis.nal.usda.gov/sites/default/release-files/c821gj77m/th83mf03q/h128nx55b/NW_LS421.TXT
2020-01-08,AUSTRALIA AND NEW ZEALAND,Beef Trim,65,0-15 Days,East Coast,,,USD/cwt,FOB/TIS,https://esmis.nal.usda.gov/sites/default/release-files/c821gj77m/th83mf03q/h128nx55b/NW_LS421.TXT
2020-01-08,URUGUAY,Beef Trim,85,0-15 Days,,,,USD/cwt,FOB/TIS,https://esmis.nal.usda.gov/sites/default/release-files/c821gj77m/th83mf03q/h128nx55b/NW_LS421.TXT
2020-01-08,URUGUAY,Beef Trim,80,0-15 Days,,,,USD/cwt,FOB/TIS,https://esmis.nal.usda.gov/sites/default/release-files/c821gj77m/th83mf03q/h128nx55b/NW_LS421.TXT
2020-01-08,URUGUAY,Beef Trim,75,0-15 Days,,,,USD/cwt,FOB/TIS,https://esmis.nal.usda.gov/sites/default/release-files/c821gj77m/th83mf03q/h128nx55b/NW_LS421.TXT
2020-01-10,AUSTRALIA AND NEW ZEALAND,Beef Trim,85,0-15 Days,East Coast,235.00,238.00,USD/cwt,FOB/TIS,https://esmis.nal.usda.gov/sites/default/release-files/c821gj77m/kp78h013f/1c18dx61c/nw_ls421.txt
2020-01-10,AUSTRALIA AND NEW ZEALAND,Beef Trim,80,0-15 Days,East Coast,218.00,220.00,USD/cwt,FOB/TIS,https://esmis.nal.usda.gov/sites/default/release-files/c821gj77m/kp78h013f/1c18dx61c/nw_ls421.txt
2020-01-10,AUSTRALIA AND NEW ZEALAND,Beef Trim,75,0-15 Days,East Coast,,,USD/cwt,FOB/TIS,https://esmis.nal.usda.gov/sites/default/release-files/c821gj77m/kp78h013f/1c18dx61c/nw_ls421.txt
2020-01-10,AUSTRALIA AND NEW ZEALAND,Beef Trim,70,0-15 Days,East Coast,,,USD/cwt,FOB/TIS,https://esmis.nal.usda.gov/sites/default/release-files/c821gj77m/kp78h013f/1c18dx61c/nw_ls421.txt
2020-01-10,AUSTRALIA AND NEW ZEALAND,Beef Trim,65,0-15 Days,East Coast,,,USD/cwt,FOB/TIS,https://esmis.nal.usda.gov/sites/default/release-files/c821gj77m/kp78h013f/1c18dx61c/nw_ls421.txt
2020-01-10,URUGUAY,Beef Trim,85,0-15 Days,,,,USD/cwt,FOB/TIS,https://esmis.nal.usda.gov/sites/default/release-files/c821gj77m/kp78h013f/1c18dx61c/nw_ls421.txt
2020-01-10,URUGUAY,Beef Trim,80,0-15 Days,,,,USD/cwt,FOB/TIS,https://esmis.nal.usda.gov/sites/default/release-files/c821gj77m/kp78h013f/1c18dx61c/nw_ls421.txt
2020-01-10,URUGUAY,Beef Trim,75,0-15 Days,,,,USD/cwt,FOB/TIS,https://esmis.nal.usda.gov/sites/default/release-files/c821gj77m/kp78h013f/1c18dx61c/nw_ls421.txt
2020-01-15,AUSTRALIA AND NEW ZEALAND,Beef Trim,85,0-15 Days,East Coast,225.00,230.00,USD/cwt,FOB/TIS,https://esmis.nal.usda.gov/sites/default/release-files/c821gj77m/3197z3439/b2774c14g/NW_LS421.TXT
2020-01-15,AUSTRALIA AND NEW ZEALAND,Beef Trim,80,0-15 Days,East Coast,215.00,217.00,USD/cwt,FOB/TIS,https://esmis.nal.usda.gov/sites/default/release-files/c821gj77m/3197z3439/b2774c14g/NW_LS421.TXT
2020-01-15,AUSTRALIA AND NEW ZEALAND,Beef Trim,75,0-15 Days,East Coast,200.00,205.00,USD/cwt,FOB/TIS,https://esmis.nal.usda.gov/sites/default/release-files/c821gj77m/3197z3439/b2774c14g/NW_LS421.TXT
2020-01-15,AUSTRALIA AND NEW ZEALAND,Beef Trim,70,0-15 Days,East Coast,,,USD/cwt,FOB/TIS,https://esmis.nal.usda.gov/sites/default/release-files/c821gj77m/3197z3439/b2774c14g/NW_LS421.TXT
2020-01-15,AUSTRALIA AND NEW ZEALAND,Beef Trim,65,0-15 Days,East Coast,,,USD/cwt,FOB/TIS,https://esmis.nal.usda.gov/sites/default/release-files/c821gj77m/3197z3439/b2774c14g/NW_LS421.TXT
2020-01-15,URUGUAY,Beef Trim,85,0-15 Days,,,,USD/cwt,FOB/TIS,https://esmis.nal.usda.gov/sites/default/release-files/c821gj77m/3197z3439/b2774c14g/NW_LS421.TXT
2020-01-15,URUGUAY,Beef Trim,80,0-15 Days,,,,USD/cwt,FOB/TIS,https://esmis.nal.usda.gov/sites/default/release-files/c821gj77m/3197z3439/b2774c14g/NW_LS421.TXT
2020-01-15,URUGUAY,Beef Trim,75,0-15 Days,,,,USD/cwt,FOB/TIS,https://esmis.nal.usda.gov/sites/default/release-files/c821gj77m/3197z3439/b2774c14g/NW_LS421.TXT
2020-01-17,AUSTRALIA AND NEW ZEALAND,Beef Trim,85,0-15 Days,East Coast,225.00,230.00,USD/cwt,FOB/TIS,https://esmis.nal.usda.gov/sites/default/release-files/c821gj77m/ks65hv33s/4x51j2188/NW_LS421.TXT
2020-01-17,AUSTRALIA AND NEW ZEALAND,Beef Trim,80,0-15 Days,East Coast,215.00,217.00,USD/cwt,FOB/TIS,https://esmis.nal.usda.gov/sites/default/release-files/c821gj77m/ks65hv33s/4x51j2188/NW_LS421.TXT
2020-01-17,AUSTRALIA AND NEW ZEALAND,Beef Trim,75,0-15 Days,East Coast,200.00,205.00,USD/cwt,FOB/TIS,https://esmis.nal.usda.gov/sites/default/release-files/c821gj77m/ks65hv33s/4x51j2188/NW_LS421.TXT
2020-01-17,AUSTRALIA AND NEW ZEALAND,Beef Trim,70,0-15 Days,East Coast,,,USD/cwt,FOB/TIS,https://esmis.nal.usda.gov/sites/default/release-files/c821gj77m/ks65hv33s/4x51j2188/NW_LS421.TXT
2020-01-17,AUSTRALIA AND NEW ZEALAND,Beef Trim,65,0-15 Days,East Coast,,,USD/cwt,FOB/TIS,https://esmis.nal.usda.gov/sites/default/release-files/c821gj77m/ks65hv33s/4x51j2188/NW_LS421.TXT
2020-01-17,URUGUAY,Beef Trim,85,0-15 Days,,,,USD/cwt,FOB/TIS,https://esmis.nal.usda.gov/sites/default/release-files/c821gj77m/ks65hv33s/4x51j2188/NW_LS421.TXT
2020-01-17,URUGUAY,Beef Trim,80,0-15 Days,,,,USD/cwt,FOB/TIS,https://esmis.nal.usda.gov/sites/default/release-files/c821gj77m/ks65hv33s/4x51j2188/NW_LS421.TXT
2020-01-17,URUGUAY,Beef Trim,75,0-15 Days,,,,USD/cwt,FOB/TIS,https://esmis.nal.usda.gov/sites/default/release-files/c821gj77m/ks65hv33s/4x51j2188/NW_LS421.TXT
2020-01-22,AUSTRALIA AND NEW ZEALAND,Beef Trim,85,0-15 Days,East Coast,,,USD/cwt,FOB/TIS,https://esmis.nal.usda.gov/sites/default/release-files/c821gj77m/6h4419075/zg64v284v/NW_LS421.TXT
2020-01-22,AUSTRALIA AND NEW ZEALAND,Beef Trim,80,0-15 Days,East Coast,,,USD/cwt,FOB/TIS,https://esmis.nal.usda.gov/sites/default/release-files/c821gj77m/6h4419075/zg64v284v/NW_LS421.TXT
2020-01-22,AUSTRALIA AND NEW ZEALAND,Beef Trim,75,0-15 Days,East Coast,,,USD/cwt,FOB/TIS,https://esmis.nal.usda.gov/sites/default/release-files/c821gj77m/6h4419075/zg64v284v/NW_LS421.TXT
2020-01-22,AUSTRALIA AND NEW ZEALAND,Beef Trim,70,0-15 Days,East Coast,,,USD/cwt,FOB/TIS,https://esmis.nal.usda.gov/sites/default/release-files/c821gj77m/6h4419075/zg64v284v/NW_LS421.TXT
2020-01-22,AUSTRALIA AND NEW ZEALAND,Beef Trim,65,0-15 Days,East Coast,,,USD/cwt,FOB/TIS,https://esmis.nal.usda.gov/sites/default/release-files/c821gj77m/6h4419075/zg64v284v/NW_LS421.TXT
2020-01-22,URUGUAY,Beef Trim,85,0-15 Days,,,,USD/cwt,FOB/TIS,https://esmis.nal.usda.gov/sites/default/release-files/c821gj77m/6h4419075/zg64v284v/NW_LS421.TXT
2020-01-22,URUGUAY,Beef Trim,80,0-15 Days,,,,USD/cwt,FOB/TIS,https://esmis.nal.usda.gov/sites/default/release-files/c821gj77m/6h4419075/zg64v284v/NW_LS421.TXT
2020-01-22,URUGUAY,Beef Trim,75,0-15 Days,,,,USD/cwt,FOB/TIS,https://esmis.nal.usda.gov/sites/default/release-files/c821gj77m/6h4419075/zg64v284v/NW_LS421.TXT
2020-01-24,AUSTRALIA AND NEW ZEALAND,Beef Trim,85,0-15 Days,East Coast,,,USD/cwt,FOB/TIS,https://esmis.nal.usda.gov/sites/default/release-files/c821gj77m/k3569m54q/sn00bd82s/NW_LS421.TXT
2020-01-24,AUSTRALIA AND NEW ZEALAND,Beef Trim,80,0-15 Days,East Coast,,,USD/cwt,FOB/TIS,https://esmis.nal.usda.gov/sites/default/release-files/c821gj77m/k3569m54q/sn00bd82s/NW_LS421.TXT
2020-01-24,AUSTRALIA AND NEW ZEALAND,Beef Trim,75,0-15 Days,East Coast,,,USD/cwt,FOB/TIS,https://esmis.nal.usda.gov/sites/default/release-files/c821gj77m/k3569m54q/sn00bd82s/NW_LS421.TXT
2020-01-24,AUSTRALIA AND NEW ZEALAND,Beef Trim,70,0-15 Days,East Coast,,,USD/cwt,FOB/TIS,https://esmis.nal.usda.gov/sites/default/release-files/c821gj77m/k3569m54q/sn00bd82s/NW_LS421.TXT
2020-01-24,AUSTRALIA AND NEW ZEALAND,Beef Trim,65,0-15 Days,East Coast,,,USD/cwt,FOB/TIS,https://esmis.nal.usda.gov/sites/default/release-files/c821gj77m/k3569m54q/sn00bd82s/NW_LS421.TXT
2020-01-24,URUGUAY,Beef Trim,85,0-15 Days,,,,USD/cwt,FOB/TIS,https://esmis.nal.usda.gov/sites/default/release-files/c821gj77m/k3569m54q/sn00bd82s/NW_LS421.TXT
2020-01-24,URUGUAY,Beef Trim,80,0-15 Days,,,,USD/cwt,FOB/TIS,https://esmis.nal.usda.gov/sites/default/release-files/c821gj77m/k3569m54q/sn00bd82s/NW_LS421.TXT
2020-01-24,URUGUAY,Beef Trim,75,0-15 Days,,,,USD/cwt,FOB/TIS,https://esmis.nal.usda.gov/sites/default/release-files/c821gj77m/k3569m54q/sn00bd82s/NW_LS421.TXT
2020-01-29,AUSTRALIA AND NEW ZEALAND,Beef Trim,85,0-15 Days,East Coast,,,USD/cwt,FOB/TIS,https://esmis.nal.usda.gov/sites/default/release-files/c821gj77m/sf268n949/47429s01w/NW_LS421.TXT
2020-01-29,AUSTRALIA AND NEW ZEALAND,Beef Trim,80,0-15 Days,East Coast,,,USD/cwt,FOB/TIS,https://esmis.nal.usda.gov/sites/default/release-files/c821gj77m/sf268n949/47429s01w/NW_LS421.TXT
2020-01-29,AUSTRALIA AND NEW ZEALAND,Beef Trim,75,0-15 Days,East Coast,,,USD/cwt,FOB/TIS,https://esmis.nal.usda.gov/sites/default/release-files/c821gj77m/sf268n949/47429s01w/NW_LS421.TXT
2020-01-29,AUSTRALIA AND NEW ZEALAND,Beef Trim,70,0-15 Days,East Coast,,,USD/cwt,FOB/TIS,https://esmis.nal.usda.gov/sites/default/release-files/c821gj77m/sf268n949/47429s01w/NW_LS421.TXT
2020-01-29,AUSTRALIA AND NEW ZEALAND,Beef Trim,65,0-15 Days,East Coast,,,USD/cwt,FOB/TIS,https://esmis.nal.usda.gov/sites/default/release-files/c821gj77m/sf268n949/47429s01w/NW_LS421.TXT
2020-01-29,URUGUAY,Beef Trim,85,0-15 Days,,,,USD/cwt,FOB/TIS,https://esmis.nal.usda.gov/sites/default/release-files/c821gj77m/sf268n949/47429s01w/NW_LS421.TXT
2020-01-29,URUGUAY,Beef Trim,80,0-15 Days,,,,USD/cwt,FOB/TIS,https://esmis.nal.usda.gov/sites/default/release-files/c821gj77m/sf268n949/47429s01w/NW_LS421.TXT
2020-01-29,URUGUAY,Beef Trim,75,0-15 Days,,,,USD/cwt,FOB/TIS,https://esmis.nal.usda.gov/sites/default/release-files/c821gj77m/sf268n949/47429s01w/NW_LS421.TXT
2020-01-31,AUSTRALIA AND NEW ZEALAND,Beef Trim,85,0-15 Days,East Coast,,,USD/cwt,FOB/TIS,https://esmis.nal.usda.gov/sites/default/release-files/c821gj77m/pn89dp628/qz20t8425/NW_LS421.TXT
2020-01-31,AUSTRALIA AND NEW ZEALAND,Beef Trim,80,0-15 Days,East Coast,,,USD/cwt,FOB/TIS,https://esmis.nal.usda.gov/sites/default/release-files/c821gj77m/pn89dp628/qz20t8425/NW_LS421.TXT
2020-01-31,AUSTRALIA AND NEW ZEALAND,Beef Trim,75,0-15 Days,East Coast,,,USD/cwt,FOB/TIS,https://esmis.nal.usda.gov/sites/default/release-files/c821gj77m/pn89dp628/qz20t8425/NW_LS421.TXT
2020-01-31,AUSTRALIA AND NEW ZEALAND,Beef Trim,70,0-15 Days,East Coast,,,USD/cwt,FOB/TIS,https://esmis.nal.usda.gov/sites/default/release-files/c821gj77m/pn89dp628/qz20t8425/NW_LS421.TXT
2020-01-31,AUSTRALIA AND NEW ZEALAND,Beef Trim,65,0-15 Days,East Coast,,,USD/cwt,FOB/TIS,https://esmis.nal.usda.gov/sites/default/release-files/c821gj77m/pn89dp628/qz20t8425/NW_LS421.TXT
2020-01-31,URUGUAY,Beef Trim,85,0-15 Days,,,,USD/cwt,FOB/TIS,https://esmis.nal.usda.gov/sites/default/release-files/c821gj77m/pn89dp628/qz20t8425/NW_LS421.TXT
2020-01-31,URUGUAY,Beef Trim,80,0-15 Days,,,,USD/cwt,FOB/TIS,https://esmis.nal.usda.gov/sites/default/release-files/c821gj77m/pn89dp628/qz20t8425/NW_LS421.TXT
2020-01-31,URUGUAY,Beef Trim,75,0-15 Days,,,,USD/cwt,FOB/TIS,https://esmis.nal.usda.gov/sites/default/release-files/c821gj77m/pn89dp628/qz20t8425/NW_LS421.TXT
2020-02-05,AUSTRALIA AND NEW ZEALAND,Beef Trim,85,0-15 Days,East Coast,220.00,222.00,USD/cwt,FOB/TIS,https://esmis.nal.usda.gov/sites/default/release-files/c821gj77m/9c67x474x/sx61f346w/NW_LS421.TXT
2020-02-05,AUSTRALIA AND NEW ZEALAND,Beef Trim,80,0-15 Days,East Coast,205.00,207.00,USD/cwt,FOB/TIS,https://esmis.nal.usda.gov/sites/default/release-files/c821gj77m/9c67x474x/sx61f346w/NW_LS421.TXT
2020-02-05,AUSTRALIA AND NEW ZEALAND,Beef Trim,75,0-15 Days,East Coast,,,USD/cwt,FOB/TIS,https://esmis.nal.usda.gov/sites/default/release-files/c821gj77m/9c67x474x/sx61f346w/NW_LS421.TXT
2020-02-05,AUSTRALIA AND NEW ZEALAND,Beef Trim,70,0-15 Days,East Coast,,,USD/cwt,FOB/TIS,https://esmis.nal.usda.gov/sites/default/release-files/c821gj77m/9c67x474x/sx61f346w/NW_LS421.TXT
2020-02-05,AUSTRALIA AND NEW ZEALAND,Beef Trim,65,0-15 Days,East Coast,,,USD/cwt,FOB/TIS,https://esmis.nal.usda.gov/sites/default/release-files/c821gj77m/9c67x474x/sx61f346w/NW_LS421.TXT
2020-02-05,URUGUAY,Beef Trim,85,0-15 Days,,,,USD/cwt,FOB/TIS,https://esmis.nal.usda.gov/sites/default/release-files/c821gj77m/9c67x474x/sx61f346w/NW_LS421.TXT
2020-02-05,URUGUAY,Beef Trim,80,0-15 Days,,,,USD/cwt,FOB/TIS,https://esmis.nal.usda.gov/sites/default/release-files/c821gj77m/9c67x474x/sx61f346w/NW_LS421.TXT
2020-02-05,URUGUAY,Beef Trim,75,0-15 Days,,,,USD/cwt,FOB/TIS,https://esmis.nal.usda.gov/sites/default/release-files/c821gj77m/9c67x474x/sx61f346w/NW_LS421.TXT
2020-02-07,AUSTRALIA AND NEW ZEALAND,Beef Trim,85,0-15 Days,East Coast,220.00,222.00,USD/cwt,FOB/TIS,https://esmis.nal.usda.gov/sites/default/release-files/c821gj77m/x920gf278/b2774c76g/NW_LS421.TXT
2020-02-07,AUSTRALIA AND NEW ZEALAND,Beef Trim,80,0-15 Days,East Coast,205.00,207.00,USD/cwt,FOB/TIS,https://esmis.nal.usda.gov/sites/default/release-files/c821gj77m/x920gf278/b2774c76g/NW_LS421.TXT
2020-02-07,AUSTRALIA AND NEW ZEALAND,Beef Trim,75,0-15 Days,East Coast,,,USD/cwt,FOB/TIS,https://esmis.nal.usda.gov/sites/default/release-files/c821gj77m/x920gf278/b2774c76g/NW_LS421.TXT
2020-02-07,AUSTRALIA AND NEW ZEALAND,Beef Trim,70,0-15 Days,East Coast,,,USD/cwt,FOB/TIS,https://esmis.nal.usda.gov/sites/default/release-files/c821gj77m/x920gf278/b2774c76g/NW_LS421.TXT
2020-02-07,AUSTRALIA AND NEW ZEALAND,Beef Trim,65,0-15 Days,East Coast,,,USD/cwt,FOB/TIS,https://esmis.nal.usda.gov/sites/default/release-files/c821gj77m/x920gf278/b2774c76g/NW_LS421.TXT
2020-02-07,URUGUAY,Beef Trim,85,0-15 Days,,,,USD/cwt,FOB/TIS,https://esmis.nal.usda.gov/sites/default/release-files/c821gj77m/x920gf278/b2774c76g/NW_LS421.TXT
2020-02-07,URUGUAY,Beef Trim,80,0-15 Days,,,,USD/cwt,FOB/TIS,https://esmis.nal.usda.gov/sites/default/release-files/c821gj77m/x920gf278/b2774c76g/NW_LS421.TXT
2020-02-07,URUGUAY,Beef Trim,75,0-15 Days,,,,USD/cwt,FOB/TIS,https://esmis.nal.usda.gov/sites/default/release-files/c821gj77m/x920gf278/b2774c76g/NW_LS421.TXT
2020-02-12,AUSTRALIA AND NEW ZEALAND,Beef Trim,85,0-15 Days,East Coast,214.00,219.00,USD/cwt,FOB/TIS,https://esmis.nal.usda.gov/sites/default/release-files/c821gj77m/pk02ct973/k0698q960/NW_LS421.TXT
2020-02-12,AUSTRALIA AND NEW ZEALAND,Beef Trim,80,0-15 Days,East Coast,203.00,205.00,USD/cwt,FOB/TIS,https://esmis.nal.usda.gov/sites/default/release-files/c821gj77m/pk02ct973/k0698q960/NW_LS421.TXT
2020-02-12,AUSTRALIA AND NEW ZEALAND,Beef Trim,75,0-15 Days,East Coast,187.00,189.00,USD/cwt,FOB/TIS,https://esmis.nal.usda.gov/sites/default/release-files/c821gj77m/pk02ct973/k0698q960/NW_LS421.TXT
2020-02-12,AUSTRALIA AND NEW ZEALAND,Beef Trim,70,0-15 Days,East Coast,,,USD/cwt,FOB/TIS,https://esmis.nal.usda.gov/sites/default/release-files/c821gj77m/pk02ct973/k0698q960/NW_LS421.TXT
2020-02-12,AUSTRALIA AND NEW ZEALAND,Beef Trim,65,0-15 Days,East Coast,,,USD/cwt,FOB/TIS,https://esmis.nal.usda.gov/sites/default/release-files/c821gj77m/pk02ct973/k0698q960/NW_LS421.TXT
2020-02-12,URUGUAY,Beef Trim,85,0-15 Days,,,,USD/cwt,FOB/TIS,https://esmis.nal.usda.gov/sites/default/release-files/c821gj77m/pk02ct973/k0698q960/NW_LS421.TXT
2020-02-12,URUGUAY,Beef Trim,80,0-15 Days,,,,USD/cwt,FOB/TIS,https://esmis.nal.usda.gov/sites/default/release-files/c821gj77m/pk02ct973/k0698q960/NW_LS421.TXT
2020-02-12,URUGUAY,Beef Trim,75,0-15 Days,,,,USD/cwt,FOB/TIS,https://esmis.nal.usda.gov/sites/default/release-files/c821gj77m/pk02ct973/k0698q960/NW_LS421.TXT
2020-02-14,AUSTRALIA AND NEW ZEALAND,Beef Trim,85,0-15 Days,East Coast,214.00,219.00,USD/cwt,FOB/TIS,https://esmis.nal.usda.gov/sites/default/release-files/c821gj77m/6w924v177/bk128v063/NW_LS421.TXT
2020-02-14,AUSTRALIA AND NEW ZEALAND,Beef Trim,80,0-15 Days,East Coast,203.00,205.00,USD/cwt,FOB/TIS,https://esmis.nal.usda.gov/sites/default/release-files/c821gj77m/6w924v177/bk128v063/NW_LS421.TXT
2020-02-14,AUSTRALIA AND NEW ZEALAND,Beef Trim,75,0-15 Days,East Coast,187.00,189.00,USD/cwt,FOB/TIS,https://esmis.nal.usda.gov/sites/default/release-files/c821gj77m/6w924v177/bk128v063/NW_LS421.TXT
2020-02-14,AUSTRALIA AND NEW ZEALAND,Beef Trim,70,0-15 Days,East Coast,,,USD/cwt,FOB/TIS,https://esmis.nal.usda.gov/sites/default/release-files/c821gj77m/6w924v177/bk128v063/NW_LS421.TXT
2020-02-14,AUSTRALIA AND NEW ZEALAND,Beef Trim,65,0-15 Days,East Coast,,,USD/cwt,FOB/TIS,https://esmis.nal.usda.gov/sites/default/release-files/c821gj77m/6w924v177/bk128v063/NW_LS421.TXT
2020-02-14,URUGUAY,Beef Trim,85,0-15 Days,,,,USD/cwt,FOB/TIS,https://esmis.nal.usda.gov/sites/default/release-files/c821gj77m/6w924v177/bk128v063/NW_LS421.TXT
2020-02-14,URUGUAY,Beef Trim,80,0-15 Days,,,,USD/cwt,FOB/TIS,https://esmis.nal.usda.gov/sites/default/release-files/c821gj77m/6w924v177/bk128v063/NW_LS421.TXT
2020-02-14,URUGUAY,Beef Trim,75,0-15 Days,,,,USD/cwt,FOB/TIS,https://esmis.nal.usda.gov/sites/default/release-files/c821gj77m/6w924v177/bk128v063/NW_LS421.TXT
2020-02-19,AUSTRALIA AND NEW ZEALAND,Beef Trim,85,0-15 Days,East Coast,213.00,214.00,USD/cwt,FOB/TIS,https://esmis.nal.usda.gov/sites/default/release-files/c821gj77m/7h14b699j/3x817498b/NW_LS421.TXT
2020-02-19,AUSTRALIA AND NEW ZEALAND,Beef Trim,80,0-15 Days,East Coast,,,USD/cwt,FOB/TIS,https://esmis.nal.usda.gov/sites/default/release-files/c821gj77m/7h14b699j/3x817498b/NW_LS421.TXT
2020-02-19,AUSTRALIA AND NEW ZEALAND,Beef Trim,75,0-15 Days,East Coast,,,USD/cwt,FOB/TIS,https://esmis.nal.usda.gov/sites/default/release-files/c821gj77m/7h14b699j/3x817498b/NW_LS421.TXT
2020-02-19,AUSTRALIA AND NEW ZEALAND,Beef Trim,70,0-15 Days,East Coast,,,USD/cwt,FOB/TIS,https://esmis.nal.usda.gov/sites/default/release-files/c821gj77m/7h14b699j/3x817498b/NW_LS421.TXT
2020-02-19,AUSTRALIA AND NEW ZEALAND,Beef Trim,65,0-15 Days,East Coast,,,USD/cwt,FOB/TIS,https://esmis.nal.usda.gov/sites/default/release-files/c821gj77m/7h14b699j/3x817498b/NW_LS421.TXT
2020-02-19,URUGUAY,Beef Trim,85,0-15 Days,,,,USD/cwt,FOB/TIS,https://esmis.nal.usda.gov/sites/default/release-files/c821gj77m/7h14b699j/3x817498b/NW_LS421.TXT
2020-02-19,URUGUAY,Beef Trim,80,0-15 Days,,,,USD/cwt,FOB/TIS,https://esmis.nal.usda.gov/sites/default/release-files/c821gj77m/7h14b699j/3x817498b/NW_LS421.TXT
2020-02-19,URUGUAY,Beef Trim,75,0-15 Days,,,,USD/cwt,FOB/TIS,https://esmis.nal.usda.gov/sites/default/release-files/c821gj77m/7h14b699j/3x817498b/NW_LS421.TXT
2020-02-21,AUSTRALIA AND NEW ZEALAND,Beef Trim,85,0-15 Days,East Coast,213.00,214.00,USD/cwt,FOB/TIS,https://esmis.nal.usda.gov/sites/default/release-files/c821gj77m/hh63tc70p/vh53xd29x/NW_LS421.TXT
2020-02-21,AUSTRALIA AND NEW ZEALAND,Beef Trim,80,0-15 Days,East Coast,,,USD/cwt,FOB/TIS,https://esmis.nal.usda.gov/sites/default/release-files/c821gj77m/hh63tc70p/vh53xd29x/NW_LS421.TXT
2020-02-21,AUSTRALIA AND NEW ZEALAND,Beef Trim,75,0-15 Days,East Coast,,,USD/cwt,FOB/TIS,https://esmis.nal.usda.gov/sites/default/release-files/c821gj77m/hh63tc70p/vh53xd29x/NW_LS421.TXT
2020-02-21,AUSTRALIA AND NEW ZEALAND,Beef Trim,70,0-15 Days,East Coast,,,USD/cwt,FOB/TIS,https://esmis.nal.usda.gov/sites/default/release-files/c821gj77m/hh63tc70p/vh53xd29x/NW_LS421.TXT
2020-02-21,AUSTRALIA AND NEW ZEALAND,Beef Trim,65,0-15 Days,East Coast,,,USD/cwt,FOB/TIS,https://esmis.nal.usda.gov/sites/default/release-files/c821gj77m/hh63tc70p/vh53xd29x/NW_LS421.TXT
2020-02-21,URUGUAY,Beef Trim,85,0-15 Days,,,,USD/cwt,FOB/TIS,https://esmis.nal.usda.gov/sites/default/release-files/c821gj77m/hh63tc70p/vh53xd29x/NW_LS421.TXT
2020-02-21,URUGUAY,Beef Trim,80,0-15 Days,,,,USD/cwt,FOB/TIS,https://esmis.nal.usda.gov/sites/default/release-files/c821gj77m/hh63tc70p/vh53xd29x/NW_LS421.TXT
2020-02-21,URUGUAY,Beef Trim,75,0-15 Days,,,,USD/cwt,FOB/TIS,https://esmis.nal.usda.gov/sites/default/release-files/c821gj77m/hh63tc70p/vh53xd29x/NW_LS421.TXT
2020-02-26,AUSTRALIA AND NEW ZEALAND,Beef Trim,85,0-15 Days,East Coast,210.00,211.00,USD/cwt,FOB/TIS,https://esmis.nal.usda.gov/sites/default/release-files/c821gj77m/j3860r18d/zp38ww54x/NW_LS421.TXT
2020-02-26,AUSTRALIA AND NEW ZEALAND,Beef Trim,80,0-15 Days,East Coast,,,USD/cwt,FOB/TIS,https://esmis.nal.usda.gov/sites/default/release-files/c821gj77m/j3860r18d/zp38ww54x/NW_LS421.TXT
2020-02-26,AUSTRALIA AND NEW ZEALAND,Beef Trim,75,0-15 Days,East Coast,,,USD/cwt,FOB/TIS,https://esmis.nal.usda.gov/sites/default/release-files/c821gj77m/j3860r18d/zp38ww54x/NW_LS421.TXT
2020-02-26,AUSTRALIA AND NEW ZEALAND,Beef Trim,70,0-15 Days,East Coast,,,USD/cwt,FOB/TIS,https://esmis.nal.usda.gov/sites/default/release-files/c821gj77m/j3860r18d/zp38ww54x/NW_LS421.TXT
2020-02-26,AUSTRALIA AND NEW ZEALAND,Beef Trim,65,0-15 Days,East Coast,,,USD/cwt,FOB/TIS,https://esmis.nal.usda.gov/sites/default/release-files/c821gj77m/j3860r18d/zp38ww54x/NW_LS421.TXT
2020-02-26,URUGUAY,Beef Trim,85,0-15 Days,,,,USD/cwt,FOB/TIS,https://esmis.nal.usda.gov/sites/default/release-files/c821gj77m/j3860r18d/zp38ww54x/NW_LS421.TXT
2020-02-26,URUGUAY,Beef Trim,80,0-15 Days,,,,USD/cwt,FOB/TIS,https://esmis.nal.usda.gov/sites/default/release-files/c821gj77m/j3860r18d/zp38ww54x/NW_LS421.TXT
2020-02-26,URUGUAY,Beef Trim,75,0-15 Days,,,,USD/cwt,FOB/TIS,https://esmis.nal.usda.gov/sites/default/release-files/c821gj77m/j3860r18d/zp38ww54x/NW_LS421.TXT
2020-02-28,AUSTRALIA AND NEW ZEALAND,Beef Trim,85,0-15 Days,East Coast,210.00,211.00,USD/cwt,FOB/TIS,https://esmis.nal.usda.gov/sites/default/release-files/c821gj77m/3t946741z/0g354z53g/NW_LS421.TXT
2020-02-28,AUSTRALIA AND NEW ZEALAND,Beef Trim,80,0-15 Days,East Coast,,,USD/cwt,FOB/TIS,https://esmis.nal.usda.gov/sites/default/release-files/c821gj77m/3t946741z/0g354z53g/NW_LS421.TXT
2020-02-28,AUSTRALIA AND NEW ZEALAND,Beef Trim,75,0-15 Days,East Coast,,,USD/cwt,FOB/TIS,https://esmis.nal.usda.gov/sites/default/release-files/c821gj77m/3t946741z/0g354z53g/NW_LS421.TXT
2020-02-28,AUSTRALIA AND NEW ZEALAND,Beef Trim,70,0-15 Days,East Coast,,,USD/cwt,FOB/TIS,https://esmis.nal.usda.gov/sites/default/release-files/c821gj77m/3t946741z/0g354z53g/NW_LS421.TXT
2020-02-28,AUSTRALIA AND NEW ZEALAND,Beef Trim,65,0-15 Days,East Coast,,,USD/cwt,FOB/TIS,https://esmis.nal.usda.gov/sites/default/release-files/c821gj77m/3t946741z/0g354z53g/NW_LS421.TXT
2020-02-28,URUGUAY,Beef Trim,85,0-15 Days,,,,USD/cwt,FOB/TIS,https://esmis.nal.usda.gov/sites/default/release-files/c821gj77m/3t946741z/0g354z53g/NW_LS421.TXT
2020-02-28,URUGUAY,Beef Trim,80,0-15 Days,,,,USD/cwt,FOB/TIS,https://esmis.nal.usda.gov/sites/default/release-files/c821gj77m/3t946741z/0g354z53g/NW_LS421.TXT
2020-02-28,URUGUAY,Beef Trim,75,0-15 Days,,,,USD/cwt,FOB/TIS,https://esmis.nal.usda.gov/sites/default/release-files/c821gj77m/3t946741z/0g354z53g/NW_LS421.TXT
2020-03-04,AUSTRALIA AND NEW ZEALAND,Beef Trim,85,0-15 Days,East Coast,205.00,207.00,USD/cwt,FOB/TIS,https://esmis.nal.usda.gov/sites/default/release-files/c821gj77m/w3763r35t/r781x044x/NW_LS421.TXT
2020-03-04,AUSTRALIA AND NEW ZEALAND,Beef Trim,80,0-15 Days,East Coast,190.00,192.00,USD/cwt,FOB/TIS,https://esmis.nal.usda.gov/sites/default/release-files/c821gj77m/w3763r35t/r781x044x/NW_LS421.TXT
2020-03-04,AUSTRALIA AND NEW ZEALAND,Beef Trim,75,0-15 Days,East Coast,176.00,178.00,USD/cwt,FOB/TIS,https://esmis.nal.usda.gov/sites/default/release-files/c821gj77m/w3763r35t/r781x044x/NW_LS421.TXT
2020-03-04,AUSTRALIA AND NEW ZEALAND,Beef Trim,70,0-15 Days,East Coast,,,USD/cwt,FOB/TIS,https://esmis.nal.usda.gov/sites/default/release-files/c821gj77m/w3763r35t/r781x044x/NW_LS421.TXT
2020-03-04,AUSTRALIA AND NEW ZEALAND,Beef Trim,65,0-15 Days,East Coast,,,USD/cwt,FOB/TIS,https://esmis.nal.usda.gov/sites/default/release-files/c821gj77m/w3763r35t/r781x044x/NW_LS421.TXT
2020-03-04,URUGUAY,Beef Trim,85,0-15 Days,,,,USD/cwt,FOB/TIS,https://esmis.nal.usda.gov/sites/default/release-files/c821gj77m/w3763r35t/r781x044x/NW_LS421.TXT
2020-03-04,URUGUAY,Beef Trim,80,0-15 Days,,,,USD/cwt,FOB/TIS,https://esmis.nal.usda.gov/sites/default/release-files/c821gj77m/w3763r35t/r781x044x/NW_LS421.TXT
2020-03-04,URUGUAY,Beef Trim,75,0-15 Days,,,,USD/cwt,FOB/TIS,https://esmis.nal.usda.gov/sites/default/release-files/c821gj77m/w3763r35t/r781x044x/NW_LS421.TXT
2020-03-06,AUSTRALIA AND NEW ZEALAND,Beef Trim,85,0-15 Days,East Coast,205.00,207.00,USD/cwt,FOB/TIS,https://esmis.nal.usda.gov/sites/default/release-files/c821gj77m/cn69mn14x/5q47s592q/NW_LS421.TXT
2020-03-06,AUSTRALIA AND NEW ZEALAND,Beef Trim,80,0-15 Days,East Coast,190.00,192.00,USD/cwt,FOB/TIS,https://esmis.nal.usda.gov/sites/default/release-files/c821gj77m/cn69mn14x/5q47s592q/NW_LS421.TXT
2020-03-06,AUSTRALIA AND NEW ZEALAND,Beef Trim,75,0-15 Days,East Coast,176.00,178.00,USD/cwt,FOB/TIS,https://esmis.nal.usda.gov/sites/default/release-files/c821gj77m/cn69mn14x/5q47s592q/NW_LS421.TXT
2020-03-06,AUSTRALIA AND NEW ZEALAND,Beef Trim,70,0-15 Days,East Coast,,,USD/cwt,FOB/TIS,https://esmis.nal.usda.gov/sites/default/release-files/c821gj77m/cn69mn14x/5q47s592q/NW_LS421.TXT
2020-03-06,AUSTRALIA AND NEW ZEALAND,Beef Trim,65,0-15 Days,East Coast,,,USD/cwt,FOB/TIS,https://esmis.nal.usda.gov/sites/default/release-files/c821gj77m/cn69mn14x/5q47s592q/NW_LS421.TXT
2020-03-06,URUGUAY,Beef Trim,85,0-15 Days,,,,USD/cwt,FOB/TIS,https://esmis.nal.usda.gov/sites/default/release-files/c821gj77m/cn69mn14x/5q47s592q/NW_LS421.TXT
2020-03-06,URUGUAY,Beef Trim,80,0-15 Days,,,,USD/cwt,FOB/TIS,https://esmis.nal.usda.gov/sites/default/release-files/c821gj77m/cn69mn14x/5q47s592q/NW_LS421.TXT
2020-03-06,URUGUAY,Beef Trim,75,0-15 Days,,,,USD/cwt,FOB/TIS,https://esmis.nal.usda.gov/sites/default/release-files/c821gj77m/cn69mn14x/5q47s592q/NW_LS421.TXT
2020-03-11,AUSTRALIA AND NEW ZEALAND,Beef Trim,85,0-15 Days,East Coast,200.00,202.00,USD/cwt,FOB/TIS,https://esmis.nal.usda.gov/sites/default/release-files/c821gj77m/xd07hb681/5m60r939w/NW_LS421.TXT
2020-03-11,AUSTRALIA AND NEW ZEALAND,Beef Trim,80,0-15 Days,East Coast,189.00,191.00,USD/cwt,FOB/TIS,https://esmis.nal.usda.gov/sites/default/release-files/c821gj77m/xd07hb681/5m60r939w/NW_LS421.TXT
2020-03-11,AUSTRALIA AND NEW ZEALAND,Beef Trim,75,0-15 Days,East Coast,170.00,172.00,USD/cwt,FOB/TIS,https://esmis.nal.usda.gov/sites/default/release-files/c821gj77m/xd07hb681/5m60r939w/NW_LS421.TXT
2020-03-11,AUSTRALIA AND NEW ZEALAND,Beef Trim,70,0-15 Days,East Coast,,,USD/cwt,FOB/TIS,https://esmis.nal.usda.gov/sites/default/release-files/c821gj77m/xd07hb681/5m60r939w/NW_LS421.TXT
2020-03-11,AUSTRALIA AND NEW ZEALAND,Beef Trim,65,0-15 Days,East Coast,,,USD/cwt,FOB/TIS,https://esmis.nal.usda.gov/sites/default/release-files/c821gj77m/xd07hb681/5m60r939w/NW_LS421.TXT
2020-03-11,URUGUAY,Beef Trim,85,0-15 Days,,,,USD/cwt,FOB/TIS,https://esmis.nal.usda.gov/sites/default/release-files/c821gj77m/xd07hb681/5m60r939w/NW_LS421.TXT
2020-03-11,URUGUAY,Beef Trim,80,0-15 Days,,,,USD/cwt,FOB/TIS,https://esmis.nal.usda.gov/sites/default/release-files/c821gj77m/xd07hb681/5m60r939w/NW_LS421.TXT
2020-03-11,URUGUAY,Beef Trim,75,0-15 Days,,,,USD/cwt,FOB/TIS,https://esmis.nal.usda.gov/sites/default/release-files/c821gj77m/xd07hb681/5m60r939w/NW_LS421.TXT
2020-03-13,AUSTRALIA AND NEW ZEALAND,Beef Trim,85,0-15 Days,East Coast,200.00,202.00,USD/cwt,FOB/TIS,https://esmis.nal.usda.gov/sites/default/release-files/c821gj77m/j3860r769/xp68m1124/NW_LS421.TXT
2020-03-13,AUSTRALIA AND NEW ZEALAND,Beef Trim,80,0-15 Days,East Coast,189.00,191.00,USD/cwt,FOB/TIS,https://esmis.nal.usda.gov/sites/default/release-files/c821gj77m/j3860r769/xp68m1124/NW_LS421.TXT
2020-03-13,AUSTRALIA AND NEW ZEALAND,Beef Trim,75,0-15 Days,East Coast,170.00,172.00,USD/cwt,FOB/TIS,https://esmis.nal.usda.gov/sites/default/release-files/c821gj77m/j3860r769/xp68m1124/NW_LS421.TXT
2020-03-13,AUSTRALIA AND NEW ZEALAND,Beef Trim,70,0-15 Days,East Coast,,,USD/cwt,FOB/TIS,https://esmis.nal.usda.gov/sites/default/release-files/c821gj77m/j3860r769/xp68m1124/NW_LS421.TXT
2020-03-13,AUSTRALIA AND NEW ZEALAND,Beef Trim,65,0-15 Days,East Coast,,,USD/cwt,FOB/TIS,https://esmis.nal.usda.gov/sites/default/release-files/c821gj77m/j3860r769/xp68m1124/NW_LS421.TXT
2020-03-13,URUGUAY,Beef Trim,85,0-15 Days,,,,USD/cwt,FOB/TIS,https://esmis.nal.usda.gov/sites/default/release-files/c821gj77m/j3860r769/xp68m1124/NW_LS421.TXT
2020-03-13,URUGUAY,Beef Trim,80,0-15 Days,,,,USD/cwt,FOB/TIS,https://esmis.nal.usda.gov/sites/default/release-files/c821gj77m/j3860r769/xp68m1124/NW_LS421.TXT
2020-03-13,URUGUAY,Beef Trim,75,0-15 Days,,,,USD/cwt,FOB/TIS,https://esmis.nal.usda.gov/sites/default/release-files/c821gj77m/j3860r769/xp68m1124/NW_LS421.TXT
2020-03-18,AUSTRALIA AND NEW ZEALAND,Beef Trim,85,0-15 Days,East Coast,,,USD/cwt,FOB/TIS,https://esmis.nal.usda.gov/sites/default/release-files/c821gj77m/qz20t951b/v405st70f/NW_LS421.TXT
2020-03-18,AUSTRALIA AND NEW ZEALAND,Beef Trim,80,0-15 Days,East Coast,,,USD/cwt,FOB/TIS,https://esmis.nal.usda.gov/sites/default/release-files/c821gj77m/qz20t951b/v405st70f/NW_LS421.TXT
2020-03-18,AUSTRALIA AND NEW ZEALAND,Beef Trim,75,0-15 Days,East Coast,,,USD/cwt,FOB/TIS,https://esmis.nal.usda.gov/sites/default/release-files/c821gj77m/qz20t951b/v405st70f/NW_LS421.TXT
2020-03-18,AUSTRALIA AND NEW ZEALAND,Beef Trim,70,0-15 Days,East Coast,,,USD/cwt,FOB/TIS,https://esmis.nal.usda.gov/sites/default/release-files/c821gj77m/qz20t951b/v405st70f/NW_LS421.TXT
2020-03-18,AUSTRALIA AND NEW ZEALAND,Beef Trim,65,0-15 Days,East Coast,,,USD/cwt,FOB/TIS,https://esmis.nal.usda.gov/sites/default/release-files/c821gj77m/qz20t951b/v405st70f/NW_LS421.TXT
2020-03-18,URUGUAY,Beef Trim,85,0-15 Days,,,,USD/cwt,FOB/TIS,https://esmis.nal.usda.gov/sites/default/release-files/c821gj77m/qz20t951b/v405st70f/NW_LS421.TXT
2020-03-18,URUGUAY,Beef Trim,80,0-15 Days,,,,USD/cwt,FOB/TIS,https://esmis.nal.usda.gov/sites/default/release-files/c821gj77m/qz20t951b/v405st70f/NW_LS421.TXT
2020-03-18,URUGUAY,Beef Trim,75,0-15 Days,,,,USD/cwt,FOB/TIS,https://esmis.nal.usda.gov/sites/default/release-files/c821gj77m/qz20t951b/v405st70f/NW_LS421.TXT
2020-03-20,AUSTRALIA AND NEW ZEALAND,Beef Trim,85,0-15 Days,East Coast,,,USD/cwt,FOB/TIS,https://esmis.nal.usda.gov/sites/default/release-files/c821gj77m/0v838j50v/gt54m597f/NW_LS421.TXT
2020-03-20,AUSTRALIA AND NEW ZEALAND,Beef Trim,80,0-15 Days,East Coast,,,USD/cwt,FOB/TIS,https://esmis.nal.usda.gov/sites/default/release-files/c821gj77m/0v838j50v/gt54m597f/NW_LS421.TXT
2020-03-20,AUSTRALIA AND NEW ZEALAND,Beef Trim,75,0-15 Days,East Coast,,,USD/cwt,FOB/TIS,https://esmis.nal.usda.gov/sites/default/release-files/c821gj77m/0v838j50v/gt54m597f/NW_LS421.TXT
2020-03-20,AUSTRALIA AND NEW ZEALAND,Beef Trim,70,0-15 Days,East Coast,,,USD/cwt,FOB/TIS,https://esmis.nal.usda.gov/sites/default/release-files/c821gj77m/0v838j50v/gt54m597f/NW_LS421.TXT
2020-03-20,AUSTRALIA AND NEW ZEALAND,Beef Trim,65,0-15 Days,East Coast,,,USD/cwt,FOB/TIS,https://esmis.nal.usda.gov/sites/default/release-files/c821gj77m/0v838j50v/gt54m597f/NW_LS421.TXT
2020-03-20,URUGUAY,Beef Trim,85,0-15 Days,,,,USD/cwt,FOB/TIS,https://esmis.nal.usda.gov/sites/default/release-files/c821gj77m/0v838j50v/gt54m597f/NW_LS421.TXT
2020-03-20,URUGUAY,Beef Trim,80,0-15 Days,,,,USD/cwt,FOB/TIS,https://esmis.nal.usda.gov/sites/default/release-files/c821gj77m/0v838j50v/gt54m597f/NW_LS421.TXT
2020-03-20,URUGUAY,Beef Trim,75,0-15 Days,,,,USD/cwt,FOB/TIS,https://esmis.nal.usda.gov/sites/default/release-files/c821gj77m/0v838j50v/gt54m597f/NW_LS421.TXT
2020-03-25,AUSTRALIA AND NEW ZEALAND,Beef Trim,85,0-15 Days,East Coast,204.00,205.00,USD/cwt,FOB/TIS,https://esmis.nal.usda.gov/sites/default/release-files/c821gj77m/rv043b467/xs55mx23q/NW_LS421.TXT
2020-03-25,AUSTRALIA AND NEW ZEALAND,Beef Trim,80,0-15 Days,East Coast,,,USD/cwt,FOB/TIS,https://esmis.nal.usda.gov/sites/default/release-files/c821gj77m/rv043b467/xs55mx23q/NW_LS421.TXT
2020-03-25,AUSTRALIA AND NEW ZEALAND,Beef Trim,75,0-15 Days,East Coast,,,USD/cwt,FOB/TIS,https://esmis.nal.usda.gov/sites/default/release-files/c821gj77m/rv043b467/xs55mx23q/NW_LS421.TXT
2020-03-25,AUSTRALIA AND NEW ZEALAND,Beef Trim,70,0-15 Days,East Coast,,,USD/cwt,FOB/TIS,https://esmis.nal.usda.gov/sites/default/release-files/c821gj77m/rv043b467/xs55mx23q/NW_LS421.TXT
2020-03-25,AUSTRALIA AND NEW ZEALAND,Beef Trim,65,0-15 Days,East Coast,,,USD/cwt,FOB/TIS,https://esmis.nal.usda.gov/sites/default/release-files/c821gj77m/rv043b467/xs55mx23q/NW_LS421.TXT
2020-03-25,URUGUAY,Beef Trim,85,0-15 Days,,,,USD/cwt,FOB/TIS,https://esmis.nal.usda.gov/sites/default/release-files/c821gj77m/rv043b467/xs55mx23q/NW_LS421.TXT
2020-03-25,URUGUAY,Beef Trim,80,0-15 Days,,,,USD/cwt,FOB/TIS,https://esmis.nal.usda.gov/sites/default/release-files/c821gj77m/rv043b467/xs55mx23q/NW_LS421.TXT
2020-03-25,URUGUAY,Beef Trim,75,0-15 Days,,,,USD/cwt,FOB/TIS,https://esmis.nal.usda.gov/sites/default/release-files/c821gj77m/rv043b467/xs55mx23q/NW_LS421.TXT
2020-03-27,AUSTRALIA AND NEW ZEALAND,Beef Trim,85,0-15 Days,East Coast,204.00,205.00,USD/cwt,FOB/TIS,https://esmis.nal.usda.gov/sites/default/release-files/c821gj77m/k930cf91j/rn301k74v/NW_LS421.TXT
2020-03-27,AUSTRALIA AND NEW ZEALAND,Beef Trim,80,0-15 Days,East Coast,,,USD/cwt,FOB/TIS,https://esmis.nal.usda.gov/sites/default/release-files/c821gj77m/k930cf91j/rn301k74v/NW_LS421.TXT
2020-03-27,AUSTRALIA AND NEW ZEALAND,Beef Trim,75,0-15 Days,East Coast,,,USD/cwt,FOB/TIS,https://esmis.nal.usda.gov/sites/default/release-files/c821gj77m/k930cf91j/rn301k74v/NW_LS421.TXT
2020-03-27,AUSTRALIA AND NEW ZEALAND,Beef Trim,70,0-15 Days,East Coast,,,USD/cwt,FOB/TIS,https://esmis.nal.usda.gov/sites/default/release-files/c821gj77m/k930cf91j/rn301k74v/NW_LS421.TXT
2020-03-27,AUSTRALIA AND NEW ZEALAND,Beef Trim,65,0-15 Days,East Coast,,,USD/cwt,FOB/TIS,https://esmis.nal.usda.gov/sites/default/release-files/c821gj77m/k930cf91j/rn301k74v/NW_LS421.TXT
2020-03-27,URUGUAY,Beef Trim,85,0-15 Days,,,,USD/cwt,FOB/TIS,https://esmis.nal.usda.gov/sites/default/release-files/c821gj77m/k930cf91j/rn301k74v/NW_LS421.TXT
2020-03-27,URUGUAY,Beef Trim,80,0-15 Days,,,,USD/cwt,FOB/TIS,https://esmis.nal.usda.gov/sites/default/release-files/c821gj77m/k930cf91j/rn301k74v/NW_LS421.TXT
2020-03-27,URUGUAY,Beef Trim,75,0-15 Days,,,,USD/cwt,FOB/TIS,https://esmis.nal.usda.gov/sites/default/release-files/c821gj77m/k930cf91j/rn301k74v/NW_LS421.TXT
2020-04-01,AUSTRALIA AND NEW ZEALAND,Beef Trim,85,0-15 Days,East Coast,,,USD/cwt,FOB/TIS,https://esmis.nal.usda.gov/sites/default/release-files/c821gj77m/8k71p2625/cc08j0841/NW_LS421.TXT
2020-04-01,AUSTRALIA AND NEW ZEALAND,Beef Trim,80,0-15 Days,East Coast,,,USD/cwt,FOB/TIS,https://esmis.nal.usda.gov/sites/default/release-files/c821gj77m/8k71p2625/cc08j0841/NW_LS421.TXT
2020-04-01,AUSTRALIA AND NEW ZEALAND,Beef Trim,75,0-15 Days,East Coast,,,USD/cwt,FOB/TIS,https://esmis.nal.usda.gov/sites/default/release-files/c821gj77m/8k71p2625/cc08j0841/NW_LS421.TXT
2020-04-01,AUSTRALIA AND NEW ZEALAND,Beef Trim,70,0-15 Days,East Coast,,,USD/cwt,FOB/TIS,https://esmis.nal.usda.gov/sites/default/release-files/c821gj77m/8k71p2625/cc08j0841/NW_LS421.TXT
2020-04-01,AUSTRALIA AND NEW ZEALAND,Beef Trim,65,0-15 Days,East Coast,,,USD/cwt,FOB/TIS,https://esmis.nal.usda.gov/sites/default/release-files/c821gj77m/8k71p2625/cc08j0841/NW_LS421.TXT
2020-04-01,URUGUAY,Beef Trim,85,0-15 Days,,,,USD/cwt,FOB/TIS,https://esmis.nal.usda.gov/sites/default/release-files/c821gj77m/8k71p2625/cc08j0841/NW_LS421.TXT
2020-04-01,URUGUAY,Beef Trim,80,0-15 Days,,,,USD/cwt,FOB/TIS,https://esmis.nal.usda.gov/sites/default/release-files/c821gj77m/8k71p2625/cc08j0841/NW_LS421.TXT
2020-04-01,URUGUAY,Beef Trim,75,0-15 Days,,,,USD/cwt,FOB/TIS,https://esmis.nal.usda.gov/sites/default/release-files/c821gj77m/8k71p2625/cc08j0841/NW_LS421.TXT
2020-04-03,AUSTRALIA AND NEW ZEALAND,Beef Trim,85,0-15 Days,East Coast,,,USD/cwt,FOB/TIS,https://esmis.nal.usda.gov/sites/default/release-files/c821gj77m/f18824866/0r967n81m/NW_LS421.TXT
2020-04-03,AUSTRALIA AND NEW ZEALAND,Beef Trim,80,0-15 Days,East Coast,,,USD/cwt,FOB/TIS,https://esmis.nal.usda.gov/sites/default/release-files/c821gj77m/f18824866/0r967n81m/NW_LS421.TXT
2020-04-03,AUSTRALIA AND NEW ZEALAND,Beef Trim,75,0-15 Days,East Coast,,,USD/cwt,FOB/TIS,https://esmis.nal.usda.gov/sites/default/release-files/c821gj77m/f18824866/0r967n81m/NW_LS421.TXT
2020-04-03,AUSTRALIA AND NEW ZEALAND,Beef Trim,70,0-15 Days,East Coast,,,USD/cwt,FOB/TIS,https://esmis.nal.usda.gov/sites/default/release-files/c821gj77m/f18824866/0r967n81m/NW_LS421.TXT
2020-04-03,AUSTRALIA AND NEW ZEALAND,Beef Trim,65,0-15 Days,East Coast,,,USD/cwt,FOB/TIS,https://esmis.nal.usda.gov/sites/default/release-files/c821gj77m/f18824866/0r967n81m/NW_LS421.TXT
2020-04-03,URUGUAY,Beef Trim,85,0-15 Days,,,,USD/cwt,FOB/TIS,https://esmis.nal.usda.gov/sites/default/release-files/c821gj77m/f18824866/0r967n81m/NW_LS421.TXT
2020-04-03,URUGUAY,Beef Trim,80,0-15 Days,,,,USD/cwt,FOB/TIS,https://esmis.nal.usda.gov/sites/default/release-files/c821gj77m/f18824866/0r967n81m/NW_LS421.TXT
2020-04-03,URUGUAY,Beef Trim,75,0-15 Days,,,,USD/cwt,FOB/TIS,https://esmis.nal.usda.gov/sites/default/release-files/c821gj77m/f18824866/0r967n81m/NW_LS421.TXT
2020-04-08,AUSTRALIA AND NEW ZEALAND,Beef Trim,85,0-15 Days,East Coast,200.00,201.00,USD/cwt,FOB/TIS,https://esmis.nal.usda.gov/sites/default/release-files/c821gj77m/mc87q849w/1n79hn97x/NW_LS421.TXT
2020-04-08,AUSTRALIA AND NEW ZEALAND,Beef Trim,80,0-15 Days,East Coast,190.00,192.00,USD/cwt,FOB/TIS,https://esmis.nal.usda.gov/sites/default/release-files/c821gj77m/mc87q849w/1n79hn97x/NW_LS421.TXT
2020-04-08,AUSTRALIA AND NEW ZEALAND,Beef Trim,75,0-15 Days,East Coast,177.00,179.00,USD/cwt,FOB/TIS,https://esmis.nal.usda.gov/sites/default/release-files/c821gj77m/mc87q849w/1n79hn97x/NW_LS421.TXT
2020-04-08,AUSTRALIA AND NEW ZEALAND,Beef Trim,70,0-15 Days,East Coast,,,USD/cwt,FOB/TIS,https://esmis.nal.usda.gov/sites/default/release-files/c821gj77m/mc87q849w/1n79hn97x/NW_LS421.TXT
2020-04-08,AUSTRALIA AND NEW ZEALAND,Beef Trim,65,0-15 Days,East Coast,,,USD/cwt,FOB/TIS,https://esmis.nal.usda.gov/sites/default/release-files/c821gj77m/mc87q849w/1n79hn97x/NW_LS421.TXT
2020-04-08,URUGUAY,Beef Trim,85,0-15 Days,,,,USD/cwt,FOB/TIS,https://esmis.nal.usda.gov/sites/default/release-files/c821gj77m/mc87q849w/1n79hn97x/NW_LS421.TXT
2020-04-08,URUGUAY,Beef Trim,80,0-15 Days,,,,USD/cwt,FOB/TIS,https://esmis.nal.usda.gov/sites/default/release-files/c821gj77m/mc87q849w/1n79hn97x/NW_LS421.TXT
2020-04-08,URUGUAY,Beef Trim,75,0-15 Days,,,,USD/cwt,FOB/TIS,https://esmis.nal.usda.gov/sites/default/release-files/c821gj77m/mc87q849w/1n79hn97x/NW_LS421.TXT
2020-04-10,AUSTRALIA AND NEW ZEALAND,Beef Trim,85,0-15 Days,East Coast,200.00,201.00,USD/cwt,FOB/TIS,https://esmis.nal.usda.gov/sites/default/release-files/c821gj77m/df65vt16s/s1785581s/NW_LS421.TXT
2020-04-10,AUSTRALIA AND NEW ZEALAND,Beef Trim,80,0-15 Days,East Coast,190.00,192.00,USD/cwt,FOB/TIS,https://esmis.nal.usda.gov/sites/default/release-files/c821gj77m/df65vt16s/s1785581s/NW_LS421.TXT
2020-04-10,AUSTRALIA AND NEW ZEALAND,Beef Trim,75,0-15 Days,East Coast,177.00,179.00,USD/cwt,FOB/TIS,https://esmis.nal.usda.gov/sites/default/release-files/c821gj77m/df65vt16s/s1785581s/NW_LS421.TXT
2020-04-10,AUSTRALIA AND NEW ZEALAND,Beef Trim,70,0-15 Days,East Coast,,,USD/cwt,FOB/TIS,https://esmis.nal.usda.gov/sites/default/release-files/c821gj77m/df65vt16s/s1785581s/NW_LS421.TXT
2020-04-10,AUSTRALIA AND NEW ZEALAND,Beef Trim,65,0-15 Days,East Coast,,,USD/cwt,FOB/TIS,https://esmis.nal.usda.gov/sites/default/release-files/c821gj77m/df65vt16s/s1785581s/NW_LS421.TXT
2020-04-10,URUGUAY,Beef Trim,85,0-15 Days,,,,USD/cwt,FOB/TIS,https://esmis.nal.usda.gov/sites/default/release-files/c821gj77m/df65vt16s/s1785581s/NW_LS421.TXT
2020-04-10,URUGUAY,Beef Trim,80,0-15 Days,,,,USD/cwt,FOB/TIS,https://esmis.nal.usda.gov/sites/default/release-files/c821gj77m/df65vt16s/s1785581s/NW_LS421.TXT
2020-04-10,URUGUAY,Beef Trim,75,0-15 Days,,,,USD/cwt,FOB/TIS,https://esmis.nal.usda.gov/sites/default/release-files/c821gj77m/df65vt16s/s1785581s/NW_LS421.TXT
2020-04-15,AUSTRALIA AND NEW ZEALAND,Beef Trim,85,0-15 Days,East Coast,,,USD/cwt,FOB/TIS,https://esmis.nal.usda.gov/sites/default/release-files/c821gj77m/5425kw87h/k3569p46f/NW_LS421.TXT
2020-04-15,AUSTRALIA AND NEW ZEALAND,Beef Trim,80,0-15 Days,East Coast,,,USD/cwt,FOB/TIS,https://esmis.nal.usda.gov/sites/default/release-files/c821gj77m/5425kw87h/k3569p46f/NW_LS421.TXT
2020-04-15,AUSTRALIA AND NEW ZEALAND,Beef Trim,75,0-15 Days,East Coast,,,USD/cwt,FOB/TIS,https://esmis.nal.usda.gov/sites/default/release-files/c821gj77m/5425kw87h/k3569p46f/NW_LS421.TXT
2020-04-15,AUSTRALIA AND NEW ZEALAND,Beef Trim,70,0-15 Days,East Coast,,,USD/cwt,FOB/TIS,https://esmis.nal.usda.gov/sites/default/release-files/c821gj77m/5425kw87h/k3569p46f/NW_LS421.TXT
2020-04-15,AUSTRALIA AND NEW ZEALAND,Beef Trim,65,0-15 Days,East Coast,,,USD/cwt,FOB/TIS,https://esmis.nal.usda.gov/sites/default/release-files/c821gj77m/5425kw87h/k3569p46f/NW_LS421.TXT
2020-04-15,URUGUAY,Beef Trim,85,0-15 Days,,,,USD/cwt,FOB/TIS,https://esmis.nal.usda.gov/sites/default/release-files/c821gj77m/5425kw87h/k3569p46f/NW_LS421.TXT
2020-04-15,URUGUAY,Beef Trim,80,0-15 Days,,,,USD/cwt,FOB/TIS,https://esmis.nal.usda.gov/sites/default/release-files/c821gj77m/5425kw87h/k3569p46f/NW_LS421.TXT
2020-04-15,URUGUAY,Beef Trim,75,0-15 Days,,,,USD/cwt,FOB/TIS,https://esmis.nal.usda.gov/sites/default/release-files/c821gj77m/5425kw87h/k3569p46f/NW_LS421.TXT
2020-04-17,AUSTRALIA AND NEW ZEALAND,Beef Trim,85,0-15 Days,East Coast,,,USD/cwt,FOB/TIS,https://esmis.nal.usda.gov/sites/default/release-files/c821gj77m/jq086474r/1257bc34g/NW_LS421.TXT
2020-04-17,AUSTRALIA AND NEW ZEALAND,Beef Trim,80,0-15 Days,East Coast,,,USD/cwt,FOB/TIS,https://esmis.nal.usda.gov/sites/default/release-files/c821gj77m/jq086474r/1257bc34g/NW_LS421.TXT
2020-04-17,AUSTRALIA AND NEW ZEALAND,Beef Trim,75,0-15 Days,East Coast,,,USD/cwt,FOB/TIS,https://esmis.nal.usda.gov/sites/default/release-files/c821gj77m/jq086474r/1257bc34g/NW_LS421.TXT
2020-04-17,AUSTRALIA AND NEW ZEALAND,Beef Trim,70,0-15 Days,East Coast,,,USD/cwt,FOB/TIS,https://esmis.nal.usda.gov/sites/default/release-files/c821gj77m/jq086474r/1257bc34g/NW_LS421.TXT
2020-04-17,AUSTRALIA AND NEW ZEALAND,Beef Trim,65,0-15 Days,East Coast,,,USD/cwt,FOB/TIS,https://esmis.nal.usda.gov/sites/default/release-files/c821gj77m/jq086474r/1257bc34g/NW_LS421.TXT
2020-04-17,URUGUAY,Beef Trim,85,0-15 Days,,,,USD/cwt,FOB/TIS,https://esmis.nal.usda.gov/sites/default/release-files/c821gj77m/jq086474r/1257bc34g/NW_LS421.TXT
2020-04-17,URUGUAY,Beef Trim,80,0-15 Days,,,,USD/cwt,FOB/TIS,https://esmis.nal.usda.gov/sites/default/release-files/c821gj77m/jq086474r/1257bc34g/NW_LS421.TXT
2020-04-17,URUGUAY,Beef Trim,75,0-15 Days,,,,USD/cwt,FOB/TIS,https://esmis.nal.usda.gov/sites/default/release-files/c821gj77m/jq086474r/1257bc34g/NW_LS421.TXT
2020-04-22,AUSTRALIA AND NEW ZEALAND,Beef Trim,85,0-15 Days,East Coast,,,USD/cwt,FOB/TIS,https://esmis.nal.usda.gov/sites/default/release-files/c821gj77m/6682xp78d/1r66jm32r/NW_LS421.TXT
2020-04-22,AUSTRALIA AND NEW ZEALAND,Beef Trim,80,0-15 Days,East Coast,,,USD/cwt,FOB/TIS,https://esmis.nal.usda.gov/sites/default/release-files/c821gj77m/6682xp78d/1r66jm32r/NW_LS421.TXT
2020-04-22,AUSTRALIA AND NEW ZEALAND,Beef Trim,75,0-15 Days,East Coast,,,USD/cwt,FOB/TIS,https://esmis.nal.usda.gov/sites/default/release-files/c821gj77m/6682xp78d/1r66jm32r/NW_LS421.TXT
2020-04-22,AUSTRALIA AND NEW ZEALAND,Beef Trim,70,0-15 Days,East Coast,,,USD/cwt,FOB/TIS,https://esmis.nal.usda.gov/sites/default/release-files/c821gj77m/6682xp78d/1r66jm32r/NW_LS421.TXT
2020-04-22,AUSTRALIA AND NEW ZEALAND,Beef Trim,65,0-15 Days,East Coast,,,USD/cwt,FOB/TIS,https://esmis.nal.usda.gov/sites/default/release-files/c821gj77m/6682xp78d/1r66jm32r/NW_LS421.TXT
2020-04-22,URUGUAY,Beef Trim,85,0-15 Days,,,,USD/cwt,FOB/TIS,https://esmis.nal.usda.gov/sites/default/release-files/c821gj77m/6682xp78d/1r66jm32r/NW_LS421.TXT
2020-04-22,URUGUAY,Beef Trim,80,0-15 Days,,,,USD/cwt,FOB/TIS,https://esmis.nal.usda.gov/sites/default/release-files/c821gj77m/6682xp78d/1r66jm32r/NW_LS421.TXT
2020-04-22,URUGUAY,Beef Trim,75,0-15 Days,,,,USD/cwt,FOB/TIS,https://esmis.nal.usda.gov/sites/default/release-files/c821gj77m/6682xp78d/1r66jm32r/NW_LS421.TXT
2020-04-24,AUSTRALIA AND NEW ZEALAND,Beef Trim,85,0-15 Days,East Coast,,,USD/cwt,FOB/TIS,https://esmis.nal.usda.gov/sites/default/release-files/c821gj77m/8w32rr043/zs25xv806/NW_LS421.TXT
2020-04-24,AUSTRALIA AND NEW ZEALAND,Beef Trim,80,0-15 Days,East Coast,,,USD/cwt,FOB/TIS,https://esmis.nal.usda.gov/sites/default/release-files/c821gj77m/8w32rr043/zs25xv806/NW_LS421.TXT
2020-04-24,AUSTRALIA AND NEW ZEALAND,Beef Trim,75,0-15 Days,East Coast,,,USD/cwt,FOB/TIS,https://esmis.nal.usda.gov/sites/default/release-files/c821gj77m/8w32rr043/zs25xv806/NW_LS421.TXT
2020-04-24,AUSTRALIA AND NEW ZEALAND,Beef Trim,70,0-15 Days,East Coast,,,USD/cwt,FOB/TIS,https://esmis.nal.usda.gov/sites/default/release-files/c821gj77m/8w32rr043/zs25xv806/NW_LS421.TXT
2020-04-24,AUSTRALIA AND NEW ZEALAND,Beef Trim,65,0-15 Days,East Coast,,,USD/cwt,FOB/TIS,https://esmis.nal.usda.gov/sites/default/release-files/c821gj77m/8w32rr043/zs25xv806/NW_LS421.TXT
2020-04-24,URUGUAY,Beef Trim,85,0-15 Days,,,,USD/cwt,FOB/TIS,https://esmis.nal.usda.gov/sites/default/release-files/c821gj77m/8w32rr043/zs25xv806/NW_LS421.TXT
2020-04-24,URUGUAY,Beef Trim,80,0-15 Days,,,,USD/cwt,FOB/TIS,https://esmis.nal.usda.gov/sites/default/release-files/c821gj77m/8w32rr043/zs25xv806/NW_LS421.TXT
2020-04-24,URUGUAY,Beef Trim,75,0-15 Days,,,,USD/cwt,FOB/TIS,https://esmis.nal.usda.gov/sites/default/release-files/c821gj77m/8w32rr043/zs25xv806/NW_LS421.TXT
2020-04-29,AUSTRALIA AND NEW ZEALAND,Beef Trim,85,0-15 Days,East Coast,,,USD/cwt,FOB/TIS,https://esmis.nal.usda.gov/sites/default/release-files/c821gj77m/gm80jf663/tt44q684b/NW_LS421.TXT
2020-04-29,AUSTRALIA AND NEW ZEALAND,Beef Trim,80,0-15 Days,East Coast,,,USD/cwt,FOB/TIS,https://esmis.nal.usda.gov/sites/default/release-files/c821gj77m/gm80jf663/tt44q684b/NW_LS421.TXT
2020-04-29,AUSTRALIA AND NEW ZEALAND,Beef Trim,75,0-15 Days,East Coast,,,USD/cwt,FOB/TIS,https://esmis.nal.usda.gov/sites/default/release-files/c821gj77m/gm80jf663/tt44q684b/NW_LS421.TXT
2020-04-29,AUSTRALIA AND NEW ZEALAND,Beef Trim,70,0-15 Days,East Coast,,,USD/cwt,FOB/TIS,https://esmis.nal.usda.gov/sites/default/release-files/c821gj77m/gm80jf663/tt44q684b/NW_LS421.TXT
2020-04-29,AUSTRALIA AND NEW ZEALAND,Beef Trim,65,0-15 Days,East Coast,,,USD/cwt,FOB/TIS,https://esmis.nal.usda.gov/sites/default/release-files/c821gj77m/gm80jf663/tt44q684b/NW_LS421.TXT
2020-04-29,URUGUAY,Beef Trim,85,0-15 Days,,,,USD/cwt,FOB/TIS,https://esmis.nal.usda.gov/sites/default/release-files/c821gj77m/gm80jf663/tt44q684b/NW_LS421.TXT
2020-04-29,URUGUAY,Beef Trim,80,0-15 Days,,,,USD/cwt,FOB/TIS,https://esmis.nal.usda.gov/sites/default/release-files/c821gj77m/gm80jf663/tt44q684b/NW_LS421.TXT
2020-04-29,URUGUAY,Beef Trim,75,0-15 Days,,,,USD/cwt,FOB/TIS,https://esmis.nal.usda.gov/sites/default/release-files/c821gj77m/gm80jf663/tt44q684b/NW_LS421.TXT
2020-05-01,AUSTRALIA AND NEW ZEALAND,Beef Trim,85,0-15 Days,East Coast,,,USD/cwt,FOB/TIS,https://esmis.nal.usda.gov/sites/default/release-files/c821gj77m/8k71p339k/hh63tf436/NW_LS421.TXT
2020-05-01,AUSTRALIA AND NEW ZEALAND,Beef Trim,80,0-15 Days,East Coast,,,USD/cwt,FOB/TIS,https://esmis.nal.usda.gov/sites/default/release-files/c821gj77m/8k71p339k/hh63tf436/NW_LS421.TXT
2020-05-01,AUSTRALIA AND NEW ZEALAND,Beef Trim,75,0-15 Days,East Coast,,,USD/cwt,FOB/TIS,https://esmis.nal.usda.gov/sites/default/release-files/c821gj77m/8k71p339k/hh63tf436/NW_LS421.TXT
2020-05-01,AUSTRALIA AND NEW ZEALAND,Beef Trim,70,0-15 Days,East Coast,,,USD/cwt,FOB/TIS,https://esmis.nal.usda.gov/sites/default/release-files/c821gj77m/8k71p339k/hh63tf436/NW_LS421.TXT
2020-05-01,AUSTRALIA AND NEW ZEALAND,Beef Trim,65,0-15 Days,East Coast,,,USD/cwt,FOB/TIS,https://esmis.nal.usda.gov/sites/default/release-files/c821gj77m/8k71p339k/hh63tf436/NW_LS421.TXT
2020-05-01,URUGUAY,Beef Trim,85,0-15 Days,,,,USD/cwt,FOB/TIS,https://esmis.nal.usda.gov/sites/default/release-files/c821gj77m/8k71p339k/hh63tf436/NW_LS421.TXT
2020-05-01,URUGUAY,Beef Trim,80,0-15 Days,,,,USD/cwt,FOB/TIS,https://esmis.nal.usda.gov/sites/default/release-files/c821gj77m/8k71p339k/hh63tf436/NW_LS421.TXT
2020-05-01,URUGUAY,Beef Trim,75,0-15 Days,,,,USD/cwt,FOB/TIS,https://esmis.nal.usda.gov/sites/default/release-files/c821gj77m/8k71p339k/hh63tf436/NW_LS421.TXT
2020-05-06,AUSTRALIA AND NEW ZEALAND,Beef Trim,85,0-15 Days,East Coast,,,USD/cwt,FOB/TIS,https://esmis.nal.usda.gov/sites/default/release-files/c821gj77m/p5548c097/nv935n22j/NW_LS421.TXT
2020-05-06,AUSTRALIA AND NEW ZEALAND,Beef Trim,80,0-15 Days,East Coast,,,USD/cwt,FOB/TIS,https://esmis.nal.usda.gov/sites/default/release-files/c821gj77m/p5548c097/nv935n22j/NW_LS421.TXT
2020-05-06,AUSTRALIA AND NEW ZEALAND,Beef Trim,75,0-15 Days,East Coast,,,USD/cwt,FOB/TIS,https://esmis.nal.usda.gov/sites/default/release-files/c821gj77m/p5548c097/nv935n22j/NW_LS421.TXT
2020-05-06,AUSTRALIA AND NEW ZEALAND,Beef Trim,70,0-15 Days,East Coast,,,USD/cwt,FOB/TIS,https://esmis.nal.usda.gov/sites/default/release-files/c821gj77m/p5548c097/nv935n22j/NW_LS421.TXT
2020-05-06,AUSTRALIA AND NEW ZEALAND,Beef Trim,65,0-15 Days,East Coast,,,USD/cwt,FOB/TIS,https://esmis.nal.usda.gov/sites/default/release-files/c821gj77m/p5548c097/nv935n22j/NW_LS421.TXT
2020-05-06,URUGUAY,Beef Trim,85,0-15 Days,,,,USD/cwt,FOB/TIS,https://esmis.nal.usda.gov/sites/default/release-files/c821gj77m/p5548c097/nv935n22j/NW_LS421.TXT
2020-05-06,URUGUAY,Beef Trim,80,0-15 Days,,,,USD/cwt,FOB/TIS,https://esmis.nal.usda.gov/sites/default/release-files/c821gj77m/p5548c097/nv935n22j/NW_LS421.TXT
2020-05-06,URUGUAY,Beef Trim,75,0-15 Days,,,,USD/cwt,FOB/TIS,https://esmis.nal.usda.gov/sites/default/release-files/c821gj77m/p5548c097/nv935n22j/NW_LS421.TXT
2020-05-08,AUSTRALIA AND NEW ZEALAND,Beef Trim,85,0-15 Days,East Coast,,,USD/cwt,FOB/TIS,https://esmis.nal.usda.gov/sites/default/release-files/c821gj77m/v118s087z/5999np76q/NW_LS421.TXT
2020-05-08,AUSTRALIA AND NEW ZEALAND,Beef Trim,80,0-15 Days,East Coast,,,USD/cwt,FOB/TIS,https://esmis.nal.usda.gov/sites/default/release-files/c821gj77m/v118s087z/5999np76q/NW_LS421.TXT
2020-05-08,AUSTRALIA AND NEW ZEALAND,Beef Trim,75,0-15 Days,East Coast,,,USD/cwt,FOB/TIS,https://esmis.nal.usda.gov/sites/default/release-files/c821gj77m/v118s087z/5999np76q/NW_LS421.TXT
2020-05-08,AUSTRALIA AND NEW ZEALAND,Beef Trim,70,0-15 Days,East Coast,,,USD/cwt,FOB/TIS,https://esmis.nal.usda.gov/sites/default/release-files/c821gj77m/v118s087z/5999np76q/NW_LS421.TXT
2020-05-08,AUSTRALIA AND NEW ZEALAND,Beef Trim,65,0-15 Days,East Coast,,,USD/cwt,FOB/TIS,https://esmis.nal.usda.gov/sites/default/release-files/c821gj77m/v118s087z/5999np76q/NW_LS421.TXT
2020-05-08,URUGUAY,Beef Trim,85,0-15 Days,,,,USD/cwt,FOB/TIS,https://esmis.nal.usda.gov/sites/default/release-files/c821gj77m/v118s087z/5999np76q/NW_LS421.TXT
2020-05-08,URUGUAY,Beef Trim,80,0-15 Days,,,,USD/cwt,FOB/TIS,https://esmis.nal.usda.gov/sites/default/release-files/c821gj77m/v118s087z/5999np76q/NW_LS421.TXT
2020-05-08,URUGUAY,Beef Trim,75,0-15 Days,,,,USD/cwt,FOB/TIS,https://esmis.nal.usda.gov/sites/default/release-files/c821gj77m/v118s087z/5999np76q/NW_LS421.TXT
2020-05-13,AUSTRALIA AND NEW ZEALAND,Beef Trim,85,0-15 Days,East Coast,,,USD/cwt,FOB/TIS,https://esmis.nal.usda.gov/sites/default/release-files/c821gj77m/ww72bx574/3t9469382/NW_LS421.TXT
2020-05-13,AUSTRALIA AND NEW ZEALAND,Beef Trim,80,0-15 Days,East Coast,,,USD/cwt,FOB/TIS,https://esmis.nal.usda.gov/sites/default/release-files/c821gj77m/ww72bx574/3t9469382/NW_LS421.TXT
2020-05-13,AUSTRALIA AND NEW ZEALAND,Beef Trim,75,0-15 Days,East Coast,,,USD/cwt,FOB/TIS,https://esmis.nal.usda.gov/sites/default/release-files/c821gj77m/ww72bx574/3t9469382/NW_LS421.TXT
2020-05-13,AUSTRALIA AND NEW ZEALAND,Beef Trim,70,0-15 Days,East Coast,,,USD/cwt,FOB/TIS,https://esmis.nal.usda.gov/sites/default/release-files/c821gj77m/ww72bx574/3t9469382/NW_LS421.TXT
2020-05-13,AUSTRALIA AND NEW ZEALAND,Beef Trim,65,0-15 Days,East Coast,,,USD/cwt,FOB/TIS,https://esmis.nal.usda.gov/sites/default/release-files/c821gj77m/ww72bx574/3t9469382/NW_LS421.TXT
2020-05-13,URUGUAY,Beef Trim,85,0-15 Days,,,,USD/cwt,FOB/TIS,https://esmis.nal.usda.gov/sites/default/release-files/c821gj77m/ww72bx574/3t9469382/NW_LS421.TXT
2020-05-13,URUGUAY,Beef Trim,80,0-15 Days,,,,USD/cwt,FOB/TIS,https://esmis.nal.usda.gov/sites/default/release-files/c821gj77m/ww72bx574/3t9469382/NW_LS421.TXT
2020-05-13,URUGUAY,Beef Trim,75,0-15 Days,,,,USD/cwt,FOB/TIS,https://esmis.nal.usda.gov/sites/default/release-files/c821gj77m/ww72bx574/3t9469382/NW_LS421.TXT
2020-05-15,AUSTRALIA AND NEW ZEALAND,Beef Trim,85,0-15 Days,East Coast,,,USD/cwt,FOB/TIS,https://esmis.nal.usda.gov/sites/default/release-files/c821gj77m/dv140d08g/j098zx930/NW_LS421.TXT
2020-05-15,AUSTRALIA AND NEW ZEALAND,Beef Trim,80,0-15 Days,East Coast,,,USD/cwt,FOB/TIS,https://esmis.nal.usda.gov/sites/default/release-files/c821gj77m/dv140d08g/j098zx930/NW_LS421.TXT
2020-05-15,AUSTRALIA AND NEW ZEALAND,Beef Trim,75,0-15 Days,East Coast,,,USD/cwt,FOB/TIS,https://esmis.nal.usda.gov/sites/default/release-files/c821gj77m/dv140d08g/j098zx930/NW_LS421.TXT
2020-05-15,AUSTRALIA AND NEW ZEALAND,Beef Trim,70,0-15 Days,East Coast,,,USD/cwt,FOB/TIS,https://esmis.nal.usda.gov/sites/default/release-files/c821gj77m/dv140d08g/j098zx930/NW_LS421.TXT
2020-05-15,AUSTRALIA AND NEW ZEALAND,Beef Trim,65,0-15 Days,East Coast,,,USD/cwt,FOB/TIS,https://esmis.nal.usda.gov/sites/default/release-files/c821gj77m/dv140d08g/j098zx930/NW_LS421.TXT
2020-05-15,URUGUAY,Beef Trim,85,0-15 Days,,,,USD/cwt,FOB/TIS,https://esmis.nal.usda.gov/sites/default/release-files/c821gj77m/dv140d08g/j098zx930/NW_LS421.TXT
2020-05-15,URUGUAY,Beef Trim,80,0-15 Days,,,,USD/cwt,FOB/TIS,https://esmis.nal.usda.gov/sites/default/release-files/c821gj77m/dv140d08g/j098zx930/NW_LS421.TXT
2020-05-15,URUGUAY,Beef Trim,75,0-15 Days,,,,USD/cwt,FOB/TIS,https://esmis.nal.usda.gov/sites/default/release-files/c821gj77m/dv140d08g/j098zx930/NW_LS421.TXT
2020-05-20,AUSTRALIA AND NEW ZEALAND,Beef Trim,85,0-15 Days,East Coast,,,USD/cwt,FOB/TIS,https://esmis.nal.usda.gov/sites/default/release-files/c821gj77m/n87109946/x633fm20h/NW_LS421.TXT
2020-05-20,AUSTRALIA AND NEW ZEALAND,Beef Trim,80,0-15 Days,East Coast,,,USD/cwt,FOB/TIS,https://esmis.nal.usda.gov/sites/default/release-files/c821gj77m/n87109946/x633fm20h/NW_LS421.TXT
2020-05-20,AUSTRALIA AND NEW ZEALAND,Beef Trim,75,0-15 Days,East Coast,,,USD/cwt,FOB/TIS,https://esmis.nal.usda.gov/sites/default/release-files/c821gj77m/n87109946/x633fm20h/NW_LS421.TXT
2020-05-20,AUSTRALIA AND NEW ZEALAND,Beef Trim,70,0-15 Days,East Coast,,,USD/cwt,FOB/TIS,https://esmis.nal.usda.gov/sites/default/release-files/c821gj77m/n87109946/x633fm20h/NW_LS421.TXT
2020-05-20,AUSTRALIA AND NEW ZEALAND,Beef Trim,65,0-15 Days,East Coast,,,USD/cwt,FOB/TIS,https://esmis.nal.usda.gov/sites/default/release-files/c821gj77m/n87109946/x633fm20h/NW_LS421.TXT
2020-05-20,URUGUAY,Beef Trim,85,0-15 Days,,,,USD/cwt,FOB/TIS,https://esmis.nal.usda.gov/sites/default/release-files/c821gj77m/n87109946/x633fm20h/NW_LS421.TXT
2020-05-20,URUGUAY,Beef Trim,80,0-15 Days,,,,USD/cwt,FOB/TIS,https://esmis.nal.usda.gov/sites/default/release-files/c821gj77m/n87109946/x633fm20h/NW_LS421.TXT
2020-05-20,URUGUAY,Beef Trim,75,0-15 Days,,,,USD/cwt,FOB/TIS,https://esmis.nal.usda.gov/sites/default/release-files/c821gj77m/n87109946/x633fm20h/NW_LS421.TXT
2020-05-22,AUSTRALIA AND NEW ZEALAND,Beef Trim,85,0-15 Days,East Coast,,,USD/cwt,FOB/TIS,https://esmis.nal.usda.gov/sites/default/release-files/c821gj77m/n009wp22j/rn301n22h/NW_LS421.TXT
2020-05-22,AUSTRALIA AND NEW ZEALAND,Beef Trim,80,0-15 Days,East Coast,,,USD/cwt,FOB/TIS,https://esmis.nal.usda.gov/sites/default/release-files/c821gj77m/n009wp22j/rn301n22h/NW_LS421.TXT
2020-05-22,AUSTRALIA AND NEW ZEALAND,Beef Trim,75,0-15 Days,East Coast,,,USD/cwt,FOB/TIS,https://esmis.nal.usda.gov/sites/default/release-files/c821gj77m/n009wp22j/rn301n22h/NW_LS421.TXT
2020-05-22,AUSTRALIA AND NEW ZEALAND,Beef Trim,70,0-15 Days,East Coast,,,USD/cwt,FOB/TIS,https://esmis.nal.usda.gov/sites/default/release-files/c821gj77m/n009wp22j/rn301n22h/NW_LS421.TXT
2020-05-22,AUSTRALIA AND NEW ZEALAND,Beef Trim,65,0-15 Days,East Coast,,,USD/cwt,FOB/TIS,https://esmis.nal.usda.gov/sites/default/release-files/c821gj77m/n009wp22j/rn301n22h/NW_LS421.TXT
2020-05-22,URUGUAY,Beef Trim,85,0-15 Days,,,,USD/cwt,FOB/TIS,https://esmis.nal.usda.gov/sites/default/release-files/c821gj77m/n009wp22j/rn301n22h/NW_LS421.TXT
2020-05-22,URUGUAY,Beef Trim,80,0-15 Days,,,,USD/cwt,FOB/TIS,https://esmis.nal.usda.gov/sites/default/release-files/c821gj77m/n009wp22j/rn301n22h/NW_LS421.TXT
2020-05-22,URUGUAY,Beef Trim,75,0-15 Days,,,,USD/cwt,FOB/TIS,https://esmis.nal.usda.gov/sites/default/release-files/c821gj77m/n009wp22j/rn301n22h/NW_LS421.TXT
2020-05-27,AUSTRALIA AND NEW ZEALAND,Beef Trim,85,0-15 Days,East Coast,242.00,245.00,USD/cwt,FOB/TIS,https://esmis.nal.usda.gov/sites/default/release-files/c821gj77m/bv73cm02c/gx41n384t/NW_LS421.TXT
2020-05-27,AUSTRALIA AND NEW ZEALAND,Beef Trim,80,0-15 Days,East Coast,225.00,225.00,USD/cwt,FOB/TIS,https://esmis.nal.usda.gov/sites/default/release-files/c821gj77m/bv73cm02c/gx41n384t/NW_LS421.TXT
2020-05-27,AUSTRALIA AND NEW ZEALAND,Beef Trim,75,0-15 Days,East Coast,217.00,217.00,USD/cwt,FOB/TIS,https://esmis.nal.usda.gov/sites/default/release-files/c821gj77m/bv73cm02c/gx41n384t/NW_LS421.TXT
2020-05-27,AUSTRALIA AND NEW ZEALAND,Beef Trim,70,0-15 Days,East Coast,,,USD/cwt,FOB/TIS,https://esmis.nal.usda.gov/sites/default/release-files/c821gj77m/bv73cm02c/gx41n384t/NW_LS421.TXT
2020-05-27,AUSTRALIA AND NEW ZEALAND,Beef Trim,65,0-15 Days,East Coast,,,USD/cwt,FOB/TIS,https://esmis.nal.usda.gov/sites/default/release-files/c821gj77m/bv73cm02c/gx41n384t/NW_LS421.TXT
2020-05-27,URUGUAY,Beef Trim,85,0-15 Days,,,,USD/cwt,FOB/TIS,https://esmis.nal.usda.gov/sites/default/release-files/c821gj77m/bv73cm02c/gx41n384t/NW_LS421.TXT
2020-05-27,URUGUAY,Beef Trim,80,0-15 Days,,,,USD/cwt,FOB/TIS,https://esmis.nal.usda.gov/sites/default/release-files/c821gj77m/bv73cm02c/gx41n384t/NW_LS421.TXT
2020-05-27,URUGUAY,Beef Trim,75,0-15 Days,,,,USD/cwt,FOB/TIS,https://esmis.nal.usda.gov/sites/default/release-files/c821gj77m/bv73cm02c/gx41n384t/NW_LS421.TXT
2020-05-29,AUSTRALIA AND NEW ZEALAND,Beef Trim,85,0-15 Days,East Coast,242.00,245.00,USD/cwt,FOB/TIS,https://esmis.nal.usda.gov/sites/default/release-files/c821gj77m/1g05g0224/br86bq41t/NW_LS421.TXT
2020-05-29,AUSTRALIA AND NEW ZEALAND,Beef Trim,80,0-15 Days,East Coast,225.00,225.00,USD/cwt,FOB/TIS,https://esmis.nal.usda.gov/sites/default/release-files/c821gj77m/1g05g0224/br86bq41t/NW_LS421.TXT
2020-05-29,AUSTRALIA AND NEW ZEALAND,Beef Trim,75,0-15 Days,East Coast,217.00,217.00,USD/cwt,FOB/TIS,https://esmis.nal.usda.gov/sites/default/release-files/c821gj77m/1g05g0224/br86bq41t/NW_LS421.TXT
2020-05-29,AUSTRALIA AND NEW ZEALAND,Beef Trim,70,0-15 Days,East Coast,,,USD/cwt,FOB/TIS,https://esmis.nal.usda.gov/sites/default/release-files/c821gj77m/1g05g0224/br86bq41t/NW_LS421.TXT
2020-05-29,AUSTRALIA AND NEW ZEALAND,Beef Trim,65,0-15 Days,East Coast,,,USD/cwt,FOB/TIS,https://esmis.nal.usda.gov/sites/default/release-files/c821gj77m/1g05g0224/br86bq41t/NW_LS421.TXT
2020-05-29,URUGUAY,Beef Trim,85,0-15 Days,,,,USD/cwt,FOB/TIS,https://esmis.nal.usda.gov/sites/default/release-files/c821gj77m/1g05g0224/br86bq41t/NW_LS421.TXT
2020-05-29,URUGUAY,Beef Trim,80,0-15 Days,,,,USD/cwt,FOB/TIS,https://esmis.nal.usda.gov/sites/default/release-files/c821gj77m/1g05g0224/br86bq41t/NW_LS421.TXT
2020-05-29,URUGUAY,Beef Trim,75,0-15 Days,,,,USD/cwt,FOB/TIS,https://esmis.nal.usda.gov/sites/default/release-files/c821gj77m/1g05g0224/br86bq41t/NW_LS421.TXT
2020-06-03,AUSTRALIA AND NEW ZEALAND,Beef Trim,85,0-15 Days,East Coast,240.00,242.00,USD/cwt,FOB/TIS,https://esmis.nal.usda.gov/sites/default/release-files/c821gj77m/w6634q18t/00000m10z/NW_LS421.TXT
2020-06-03,AUSTRALIA AND NEW ZEALAND,Beef Trim,80,0-15 Days,East Coast,222.00,224.00,USD/cwt,FOB/TIS,https://esmis.nal.usda.gov/sites/default/release-files/c821gj77m/w6634q18t/00000m10z/NW_LS421.TXT
2020-06-03,AUSTRALIA AND NEW ZEALAND,Beef Trim,75,0-15 Days,East Coast,212.00,214.00,USD/cwt,FOB/TIS,https://esmis.nal.usda.gov/sites/default/release-files/c821gj77m/w6634q18t/00000m10z/NW_LS421.TXT
2020-06-03,AUSTRALIA AND NEW ZEALAND,Beef Trim,70,0-15 Days,East Coast,,,USD/cwt,FOB/TIS,https://esmis.nal.usda.gov/sites/default/release-files/c821gj77m/w6634q18t/00000m10z/NW_LS421.TXT
2020-06-03,AUSTRALIA AND NEW ZEALAND,Beef Trim,65,0-15 Days,East Coast,168.00,170.00,USD/cwt,FOB/TIS,https://esmis.nal.usda.gov/sites/default/release-files/c821gj77m/w6634q18t/00000m10z/NW_LS421.TXT
2020-06-03,URUGUAY,Beef Trim,85,0-15 Days,,,,USD/cwt,FOB/TIS,https://esmis.nal.usda.gov/sites/default/release-files/c821gj77m/w6634q18t/00000m10z/NW_LS421.TXT
2020-06-03,URUGUAY,Beef Trim,80,0-15 Days,,,,USD/cwt,FOB/TIS,https://esmis.nal.usda.gov/sites/default/release-files/c821gj77m/w6634q18t/00000m10z/NW_LS421.TXT
2020-06-03,URUGUAY,Beef Trim,75,0-15 Days,,,,USD/cwt,FOB/TIS,https://esmis.nal.usda.gov/sites/default/release-files/c821gj77m/w6634q18t/00000m10z/NW_LS421.TXT
2020-06-05,AUSTRALIA AND NEW ZEALAND,Beef Trim,85,0-15 Days,East Coast,240.00,242.00,USD/cwt,FOB/TIS,https://esmis.nal.usda.gov/sites/default/release-files/c821gj77m/5q47s834f/zs25xw78c/NW_LS421.TXT
2020-06-05,AUSTRALIA AND NEW ZEALAND,Beef Trim,80,0-15 Days,East Coast,222.00,224.00,USD/cwt,FOB/TIS,https://esmis.nal.usda.gov/sites/default/release-files/c821gj77m/5q47s834f/zs25xw78c/NW_LS421.TXT
2020-06-05,AUSTRALIA AND NEW ZEALAND,Beef Trim,75,0-15 Days,East Coast,212.00,214.00,USD/cwt,FOB/TIS,https://esmis.nal.usda.gov/sites/default/release-files/c821gj77m/5q47s834f/zs25xw78c/NW_LS421.TXT
2020-06-05,AUSTRALIA AND NEW ZEALAND,Beef Trim,70,0-15 Days,East Coast,,,USD/cwt,FOB/TIS,https://esmis.nal.usda.gov/sites/default/release-files/c821gj77m/5q47s834f/zs25xw78c/NW_LS421.TXT
2020-06-05,AUSTRALIA AND NEW ZEALAND,Beef Trim,65,0-15 Days,East Coast,168.00,170.00,USD/cwt,FOB/TIS,https://esmis.nal.usda.gov/sites/default/release-files/c821gj77m/5q47s834f/zs25xw78c/NW_LS421.TXT
2020-06-05,URUGUAY,Beef Trim,85,0-15 Days,,,,USD/cwt,FOB/TIS,https://esmis.nal.usda.gov/sites/default/release-files/c821gj77m/5q47s834f/zs25xw78c/NW_LS421.TXT
2020-06-05,URUGUAY,Beef Trim,80,0-15 Days,,,,USD/cwt,FOB/TIS,https://esmis.nal.usda.gov/sites/default/release-files/c821gj77m/5q47s834f/zs25xw78c/NW_LS421.TXT
2020-06-05,URUGUAY,Beef Trim,75,0-15 Days,,,,USD/cwt,FOB/TIS,https://esmis.nal.usda.gov/sites/default/release-files/c821gj77m/5q47s834f/zs25xw78c/NW_LS421.TXT
2020-06-10,AUSTRALIA AND NEW ZEALAND,Beef Trim,85,0-15 Days,East Coast,,,USD/cwt,FOB/TIS,https://esmis.nal.usda.gov/sites/default/release-files/c821gj77m/4q77gc27c/z029pr682/NW_LS421.TXT
2020-06-10,AUSTRALIA AND NEW ZEALAND,Beef Trim,80,0-15 Days,East Coast,,,USD/cwt,FOB/TIS,https://esmis.nal.usda.gov/sites/default/release-files/c821gj77m/4q77gc27c/z029pr682/NW_LS421.TXT
2020-06-10,AUSTRALIA AND NEW ZEALAND,Beef Trim,75,0-15 Days,East Coast,,,USD/cwt,FOB/TIS,https://esmis.nal.usda.gov/sites/default/release-files/c821gj77m/4q77gc27c/z029pr682/NW_LS421.TXT
2020-06-10,AUSTRALIA AND NEW ZEALAND,Beef Trim,70,0-15 Days,East Coast,,,USD/cwt,FOB/TIS,https://esmis.nal.usda.gov/sites/default/release-files/c821gj77m/4q77gc27c/z029pr682/NW_LS421.TXT
2020-06-10,AUSTRALIA AND NEW ZEALAND,Beef Trim,65,0-15 Days,East Coast,,,USD/cwt,FOB/TIS,https://esmis.nal.usda.gov/sites/default/release-files/c821gj77m/4q77gc27c/z029pr682/NW_LS421.TXT
2020-06-10,URUGUAY,Beef Trim,85,0-15 Days,,,,USD/cwt,FOB/TIS,https://esmis.nal.usda.gov/sites/default/release-files/c821gj77m/4q77gc27c/z029pr682/NW_LS421.TXT
2020-06-10,URUGUAY,Beef Trim,80,0-15 Days,,,,USD/cwt,FOB/TIS,https://esmis.nal.usda.gov/sites/default/release-files/c821gj77m/4q77gc27c/z029pr682/NW_LS421.TXT
2020-06-10,URUGUAY,Beef Trim,75,0-15 Days,,,,USD/cwt,FOB/TIS,https://esmis.nal.usda.gov/sites/default/release-files/c821gj77m/4q77gc27c/z029pr682/NW_LS421.TXT
2020-06-12,AUSTRALIA AND NEW ZEALAND,Beef Trim,85,0-15 Days,East Coast,,,USD/cwt,FOB/TIS,https://esmis.nal.usda.gov/sites/default/release-files/c821gj77m/8w32rs227/mk61s402w/NW_LS421.TXT
2020-06-12,AUSTRALIA AND NEW ZEALAND,Beef Trim,80,0-15 Days,East Coast,,,USD/cwt,FOB/TIS,https://esmis.nal.usda.gov/sites/default/release-files/c821gj77m/8w32rs227/mk61s402w/NW_LS421.TXT
2020-06-12,AUSTRALIA AND NEW ZEALAND,Beef Trim,75,0-15 Days,East Coast,,,USD/cwt,FOB/TIS,https://esmis.nal.usda.gov/sites/default/release-files/c821gj77m/8w32rs227/mk61s402w/NW_LS421.TXT
2020-06-12,AUSTRALIA AND NEW ZEALAND,Beef Trim,70,0-15 Days,East Coast,,,USD/cwt,FOB/TIS,https://esmis.nal.usda.gov/sites/default/release-files/c821gj77m/8w32rs227/mk61s402w/NW_LS421.TXT
2020-06-12,AUSTRALIA AND NEW ZEALAND,Beef Trim,65,0-15 Days,East Coast,,,USD/cwt,FOB/TIS,https://esmis.nal.usda.gov/sites/default/release-files/c821gj77m/8w32rs227/mk61s402w/NW_LS421.TXT
2020-06-12,URUGUAY,Beef Trim,85,0-15 Days,,,,USD/cwt,FOB/TIS,https://esmis.nal.usda.gov/sites/default/release-files/c821gj77m/8w32rs227/mk61s402w/NW_LS421.TXT
2020-06-12,URUGUAY,Beef Trim,80,0-15 Days,,,,USD/cwt,FOB/TIS,https://esmis.nal.usda.gov/sites/default/release-files/c821gj77m/8w32rs227/mk61s402w/NW_LS421.TXT
2020-06-12,URUGUAY,Beef Trim,75,0-15 Days,,,,USD/cwt,FOB/TIS,https://esmis.nal.usda.gov/sites/default/release-files/c821gj77m/8w32rs227/mk61s402w/NW_LS421.TXT
2020-06-17,AUSTRALIA AND NEW ZEALAND,Beef Trim,85,0-15 Days,East Coast,229.00,232.00,USD/cwt,FOB/TIS,https://esmis.nal.usda.gov/sites/default/release-files/c821gj77m/4t64h7485/g445d1667/NW_LS421.TXT
2020-06-17,AUSTRALIA AND NEW ZEALAND,Beef Trim,80,0-15 Days,East Coast,216.00,218.00,USD/cwt,FOB/TIS,https://esmis.nal.usda.gov/sites/default/release-files/c821gj77m/4t64h7485/g445d1667/NW_LS421.TXT
2020-06-17,AUSTRALIA AND NEW ZEALAND,Beef Trim,75,0-15 Days,East Coast,206.00,206.00,USD/cwt,FOB/TIS,https://esmis.nal.usda.gov/sites/default/release-files/c821gj77m/4t64h7485/g445d1667/NW_LS421.TXT
2020-06-17,AUSTRALIA AND NEW ZEALAND,Beef Trim,70,0-15 Days,East Coast,,,USD/cwt,FOB/TIS,https://esmis.nal.usda.gov/sites/default/release-files/c821gj77m/4t64h7485/g445d1667/NW_LS421.TXT
2020-06-17,AUSTRALIA AND NEW ZEALAND,Beef Trim,65,0-15 Days,East Coast,,,USD/cwt,FOB/TIS,https://esmis.nal.usda.gov/sites/default/release-files/c821gj77m/4t64h7485/g445d1667/NW_LS421.TXT
2020-06-17,URUGUAY,Beef Trim,85,0-15 Days,,,,USD/cwt,FOB/TIS,https://esmis.nal.usda.gov/sites/default/release-files/c821gj77m/4t64h7485/g445d1667/NW_LS421.TXT
2020-06-17,URUGUAY,Beef Trim,80,0-15 Days,,,,USD/cwt,FOB/TIS,https://esmis.nal.usda.gov/sites/default/release-files/c821gj77m/4t64h7485/g445d1667/NW_LS421.TXT
2020-06-17,URUGUAY,Beef Trim,75,0-15 Days,,,,USD/cwt,FOB/TIS,https://esmis.nal.usda.gov/sites/default/release-files/c821gj77m/4t64h7485/g445d1667/NW_LS421.TXT
2020-06-19,AUSTRALIA AND NEW ZEALAND,Beef Trim,85,0-15 Days,East Coast,229.00,232.00,USD/cwt,FOB/TIS,https://esmis.nal.usda.gov/sites/default/release-files/c821gj77m/td96kp72q/08613858w/NW_LS421.TXT
2020-06-19,AUSTRALIA AND NEW ZEALAND,Beef Trim,80,0-15 Days,East Coast,216.00,218.00,USD/cwt,FOB/TIS,https://esmis.nal.usda.gov/sites/default/release-files/c821gj77m/td96kp72q/08613858w/NW_LS421.TXT
2020-06-19,AUSTRALIA AND NEW ZEALAND,Beef Trim,75,0-15 Days,East Coast,206.00,206.00,USD/cwt,FOB/TIS,https://esmis.nal.usda.gov/sites/default/release-files/c821gj77m/td96kp72q/08613858w/NW_LS421.TXT
2020-06-19,AUSTRALIA AND NEW ZEALAND,Beef Trim,70,0-15 Days,East Coast,,,USD/cwt,FOB/TIS,https://esmis.nal.usda.gov/sites/default/release-files/c821gj77m/td96kp72q/08613858w/NW_LS421.TXT
2020-06-19,AUSTRALIA AND NEW ZEALAND,Beef Trim,65,0-15 Days,East Coast,,,USD/cwt,FOB/TIS,https://esmis.nal.usda.gov/sites/default/release-files/c821gj77m/td96kp72q/08613858w/NW_LS421.TXT
2020-06-19,URUGUAY,Beef Trim,85,0-15 Days,,,,USD/cwt,FOB/TIS,https://esmis.nal.usda.gov/sites/default/release-files/c821gj77m/td96kp72q/08613858w/NW_LS421.TXT
2020-06-19,URUGUAY,Beef Trim,80,0-15 Days,,,,USD/cwt,FOB/TIS,https://esmis.nal.usda.gov/sites/default/release-files/c821gj77m/td96kp72q/08613858w/NW_LS421.TXT
2020-06-19,URUGUAY,Beef Trim,75,0-15 Days,,,,USD/cwt,FOB/TIS,https://esmis.nal.usda.gov/sites/default/release-files/c821gj77m/td96kp72q/08613858w/NW_LS421.TXT
2020-06-24,AUSTRALIA AND NEW ZEALAND,Beef Trim,85,0-15 Days,East Coast,,,USD/cwt,FOB/TIS,https://esmis.nal.usda.gov/sites/default/release-files/c821gj77m/tm70nh17b/ft849b32c/NW_LS421.TXT
2020-06-24,AUSTRALIA AND NEW ZEALAND,Beef Trim,80,0-15 Days,East Coast,,,USD/cwt,FOB/TIS,https://esmis.nal.usda.gov/sites/default/release-files/c821gj77m/tm70nh17b/ft849b32c/NW_LS421.TXT
2020-06-24,AUSTRALIA AND NEW ZEALAND,Beef Trim,75,0-15 Days,East Coast,,,USD/cwt,FOB/TIS,https://esmis.nal.usda.gov/sites/default/release-files/c821gj77m/tm70nh17b/ft849b32c/NW_LS421.TXT
2020-06-24,AUSTRALIA AND NEW ZEALAND,Beef Trim,70,0-15 Days,East Coast,,,USD/cwt,FOB/TIS,https://esmis.nal.usda.gov/sites/default/release-files/c821gj77m/tm70nh17b/ft849b32c/NW_LS421.TXT
2020-06-24,AUSTRALIA AND NEW ZEALAND,Beef Trim,65,0-15 Days,East Coast,,,USD/cwt,FOB/TIS,https://esmis.nal.usda.gov/sites/default/release-files/c821gj77m/tm70nh17b/ft849b32c/NW_LS421.TXT
2020-06-24,URUGUAY,Beef Trim,85,0-15 Days,,,,USD/cwt,FOB/TIS,https://esmis.nal.usda.gov/sites/default/release-files/c821gj77m/tm70nh17b/ft849b32c/NW_LS421.TXT
2020-06-24,URUGUAY,Beef Trim,80,0-15 Days,,,,USD/cwt,FOB/TIS,https://esmis.nal.usda.gov/sites/default/release-files/c821gj77m/tm70nh17b/ft849b32c/NW_LS421.TXT
2020-06-24,URUGUAY,Beef Trim,75,0-15 Days,,,,USD/cwt,FOB/TIS,https://esmis.nal.usda.gov/sites/default/release-files/c821gj77m/tm70nh17b/ft849b32c/NW_LS421.TXT
2020-06-26,AUSTRALIA AND NEW ZEALAND,Beef Trim,85,0-15 Days,East Coast,,,USD/cwt,FOB/TIS,https://esmis.nal.usda.gov/sites/default/release-files/c821gj77m/qn59qr352/k3569r19z/NW_LS421.TXT
2020-06-26,AUSTRALIA AND NEW ZEALAND,Beef Trim,80,0-15 Days,East Coast,,,USD/cwt,FOB/TIS,https://esmis.nal.usda.gov/sites/default/release-files/c821gj77m/qn59qr352/k3569r19z/NW_LS421.TXT
2020-06-26,AUSTRALIA AND NEW ZEALAND,Beef Trim,75,0-15 Days,East Coast,,,USD/cwt,FOB/TIS,https://esmis.nal.usda.gov/sites/default/release-files/c821gj77m/qn59qr352/k3569r19z/NW_LS421.TXT
2020-06-26,AUSTRALIA AND NEW ZEALAND,Beef Trim,70,0-15 Days,East Coast,,,USD/cwt,FOB/TIS,https://esmis.nal.usda.gov/sites/default/release-files/c821gj77m/qn59qr352/k3569r19z/NW_LS421.TXT
2020-06-26,AUSTRALIA AND NEW ZEALAND,Beef Trim,65,0-15 Days,East Coast,,,USD/cwt,FOB/TIS,https://esmis.nal.usda.gov/sites/default/release-files/c821gj77m/qn59qr352/k3569r19z/NW_LS421.TXT
2020-06-26,URUGUAY,Beef Trim,85,0-15 Days,,,,USD/cwt,FOB/TIS,https://esmis.nal.usda.gov/sites/default/release-files/c821gj77m/qn59qr352/k3569r19z/NW_LS421.TXT
2020-06-26,URUGUAY,Beef Trim,80,0-15 Days,,,,USD/cwt,FOB/TIS,https://esmis.nal.usda.gov/sites/default/release-files/c821gj77m/qn59qr352/k3569r19z/NW_LS421.TXT
2020-06-26,URUGUAY,Beef Trim,75,0-15 Days,,,,USD/cwt,FOB/TIS,https://esmis.nal.usda.gov/sites/default/release-files/c821gj77m/qn59qr352/k3569r19z/NW_LS421.TXT
2020-07-01,AUSTRALIA AND NEW ZEALAND,Beef Trim,85,0-15 Days,East Coast,,,USD/cwt,FOB/TIS,https://esmis.nal.usda.gov/sites/default/release-files/c821gj77m/r781x3616/pc28b516d/NW_LS421.TXT
2020-07-01,AUSTRALIA AND NEW ZEALAND,Beef Trim,80,0-15 Days,East Coast,,,USD/cwt,FOB/TIS,https://esmis.nal.usda.gov/sites/default/release-files/c821gj77m/r781x3616/pc28b516d/NW_LS421.TXT
2020-07-01,AUSTRALIA AND NEW ZEALAND,Beef Trim,75,0-15 Days,East Coast,,,USD/cwt,FOB/TIS,https://esmis.nal.usda.gov/sites/default/release-files/c821gj77m/r781x3616/pc28b516d/NW_LS421.TXT
2020-07-01,AUSTRALIA AND NEW ZEALAND,Beef Trim,70,0-15 Days,East Coast,,,USD/cwt,FOB/TIS,https://esmis.nal.usda.gov/sites/default/release-files/c821gj77m/r781x3616/pc28b516d/NW_LS421.TXT
2020-07-01,AUSTRALIA AND NEW ZEALAND,Beef Trim,65,0-15 Days,East Coast,,,USD/cwt,FOB/TIS,https://esmis.nal.usda.gov/sites/default/release-files/c821gj77m/r781x3616/pc28b516d/NW_LS421.TXT
2020-07-01,URUGUAY,Beef Trim,85,0-15 Days,,,,USD/cwt,FOB/TIS,https://esmis.nal.usda.gov/sites/default/release-files/c821gj77m/r781x3616/pc28b516d/NW_LS421.TXT
2020-07-01,URUGUAY,Beef Trim,80,0-15 Days,,,,USD/cwt,FOB/TIS,https://esmis.nal.usda.gov/sites/default/release-files/c821gj77m/r781x3616/pc28b516d/NW_LS421.TXT
2020-07-01,URUGUAY,Beef Trim,75,0-15 Days,,,,USD/cwt,FOB/TIS,https://esmis.nal.usda.gov/sites/default/release-files/c821gj77m/r781x3616/pc28b516d/NW_LS421.TXT
2020-07-08,AUSTRALIA AND NEW ZEALAND,Beef Trim,85,0-15 Days,East Coast,217.00,219.00,USD/cwt,FOB/TIS,https://esmis.nal.usda.gov/sites/default/release-files/c821gj77m/7p88d4195/zg64v733d/NW_LS421.TXT
2020-07-08,AUSTRALIA AND NEW ZEALAND,Beef Trim,80,0-15 Days,East Coast,203.00,205.00,USD/cwt,FOB/TIS,https://esmis.nal.usda.gov/sites/default/release-files/c821gj77m/7p88d4195/zg64v733d/NW_LS421.TXT
2020-07-08,AUSTRALIA AND NEW ZEALAND,Beef Trim,75,0-15 Days,East Coast,193.00,195.00,USD/cwt,FOB/TIS,https://esmis.nal.usda.gov/sites/default/release-files/c821gj77m/7p88d4195/zg64v733d/NW_LS421.TXT
2020-07-08,AUSTRALIA AND NEW ZEALAND,Beef Trim,70,0-15 Days,East Coast,,,USD/cwt,FOB/TIS,https://esmis.nal.usda.gov/sites/default/release-files/c821gj77m/7p88d4195/zg64v733d/NW_LS421.TXT
2020-07-08,AUSTRALIA AND NEW ZEALAND,Beef Trim,65,0-15 Days,East Coast,155.00,160.00,USD/cwt,FOB/TIS,https://esmis.nal.usda.gov/sites/default/release-files/c821gj77m/7p88d4195/zg64v733d/NW_LS421.TXT
2020-07-08,URUGUAY,Beef Trim,85,0-15 Days,,,,USD/cwt,FOB/TIS,https://esmis.nal.usda.gov/sites/default/release-files/c821gj77m/7p88d4195/zg64v733d/NW_LS421.TXT
2020-07-08,URUGUAY,Beef Trim,80,0-15 Days,,,,USD/cwt,FOB/TIS,https://esmis.nal.usda.gov/sites/default/release-files/c821gj77m/7p88d4195/zg64v733d/NW_LS421.TXT
2020-07-08,URUGUAY,Beef Trim,75,0-15 Days,,,,USD/cwt,FOB/TIS,https://esmis.nal.usda.gov/sites/default/release-files/c821gj77m/7p88d4195/zg64v733d/NW_LS421.TXT
2020-07-10,AUSTRALIA AND NEW ZEALAND,Beef Trim,85,0-15 Days,East Coast,217.00,219.00,USD/cwt,FOB/TIS,https://esmis.nal.usda.gov/sites/default/release-files/c821gj77m/pg15c2118/0v838n36n/NW_LS421.TXT
2020-07-10,AUSTRALIA AND NEW ZEALAND,Beef Trim,80,0-15 Days,East Coast,203.00,205.00,USD/cwt,FOB/TIS,https://esmis.nal.usda.gov/sites/default/release-files/c821gj77m/pg15c2118/0v838n36n/NW_LS421.TXT
2020-07-10,AUSTRALIA AND NEW ZEALAND,Beef Trim,75,0-15 Days,East Coast,193.00,195.00,USD/cwt,FOB/TIS,https://esmis.nal.usda.gov/sites/default/release-files/c821gj77m/pg15c2118/0v838n36n/NW_LS421.TXT
2020-07-10,AUSTRALIA AND NEW ZEALAND,Beef Trim,70,0-15 Days,East Coast,,,USD/cwt,FOB/TIS,https://esmis.nal.usda.gov/sites/default/release-files/c821gj77m/pg15c2118/0v838n36n/NW_LS421.TXT
2020-07-10,AUSTRALIA AND NEW ZEALAND,Beef Trim,65,0-15 Days,East Coast,155.00,160.00,USD/cwt,FOB/TIS,https://esmis.nal.usda.gov/sites/default/release-files/c821gj77m/pg15c2118/0v838n36n/NW_LS421.TXT
2020-07-10,URUGUAY,Beef Trim,85,0-15 Days,,,,USD/cwt,FOB/TIS,https://esmis.nal.usda.gov/sites/default/release-files/c821gj77m/pg15c2118/0v838n36n/NW_LS421.TXT
2020-07-10,URUGUAY,Beef Trim,80,0-15 Days,,,,USD/cwt,FOB/TIS,https://esmis.nal.usda.gov/sites/default/release-files/c821gj77m/pg15c2118/0v838n36n/NW_LS421.TXT
2020-07-10,URUGUAY,Beef Trim,75,0-15 Days,,,,USD/cwt,FOB/TIS,https://esmis.nal.usda.gov/sites/default/release-files/c821gj77m/pg15c2118/0v838n36n/NW_LS421.TXT
2020-07-15,AUSTRALIA AND NEW ZEALAND,Beef Trim,85,0-15 Days,East Coast,211.00,213.00,USD/cwt,FOB/TIS,https://esmis.nal.usda.gov/sites/default/release-files/c821gj77m/tt44q874h/fj236q14w/NW_LS421.TXT
2020-07-15,AUSTRALIA AND NEW ZEALAND,Beef Trim,80,0-15 Days,East Coast,203.00,205.00,USD/cwt,FOB/TIS,https://esmis.nal.usda.gov/sites/default/release-files/c821gj77m/tt44q874h/fj236q14w/NW_LS421.TXT
2020-07-15,AUSTRALIA AND NEW ZEALAND,Beef Trim,75,0-15 Days,East Coast,193.00,195.00,USD/cwt,FOB/TIS,https://esmis.nal.usda.gov/sites/default/release-files/c821gj77m/tt44q874h/fj236q14w/NW_LS421.TXT
2020-07-15,AUSTRALIA AND NEW ZEALAND,Beef Trim,70,0-15 Days,East Coast,,,USD/cwt,FOB/TIS,https://esmis.nal.usda.gov/sites/default/release-files/c821gj77m/tt44q874h/fj236q14w/NW_LS421.TXT
2020-07-15,AUSTRALIA AND NEW ZEALAND,Beef Trim,65,0-15 Days,East Coast,,,USD/cwt,FOB/TIS,https://esmis.nal.usda.gov/sites/default/release-files/c821gj77m/tt44q874h/fj236q14w/NW_LS421.TXT
2020-07-15,URUGUAY,Beef Trim,85,0-15 Days,,,,USD/cwt,FOB/TIS,https://esmis.nal.usda.gov/sites/default/release-files/c821gj77m/tt44q874h/fj236q14w/NW_LS421.TXT
2020-07-15,URUGUAY,Beef Trim,80,0-15 Days,,,,USD/cwt,FOB/TIS,https://esmis.nal.usda.gov/sites/default/release-files/c821gj77m/tt44q874h/fj236q14w/NW_LS421.TXT
2020-07-15,URUGUAY,Beef Trim,75,0-15 Days,,,,USD/cwt,FOB/TIS,https://esmis.nal.usda.gov/sites/default/release-files/c821gj77m/tt44q874h/fj236q14w/NW_LS421.TXT
2020-07-17,AUSTRALIA AND NEW ZEALAND,Beef Trim,85,0-15 Days,East Coast,211.00,213.00,USD/cwt,FOB/TIS,https://esmis.nal.usda.gov/sites/default/release-files/c821gj77m/js957366p/ng452577q/NW_LS421.TXT
2020-07-17,AUSTRALIA AND NEW ZEALAND,Beef Trim,80,0-15 Days,East Coast,203.00,205.00,USD/cwt,FOB/TIS,https://esmis.nal.usda.gov/sites/default/release-files/c821gj77m/js957366p/ng452577q/NW_LS421.TXT
2020-07-17,AUSTRALIA AND NEW ZEALAND,Beef Trim,75,0-15 Days,East Coast,193.00,195.00,USD/cwt,FOB/TIS,https://esmis.nal.usda.gov/sites/default/release-files/c821gj77m/js957366p/ng452577q/NW_LS421.TXT
2020-07-17,AUSTRALIA AND NEW ZEALAND,Beef Trim,70,0-15 Days,East Coast,,,USD/cwt,FOB/TIS,https://esmis.nal.usda.gov/sites/default/release-files/c821gj77m/js957366p/ng452577q/NW_LS421.TXT
2020-07-17,AUSTRALIA AND NEW ZEALAND,Beef Trim,65,0-15 Days,East Coast,,,USD/cwt,FOB/TIS,https://esmis.nal.usda.gov/sites/default/release-files/c821gj77m/js957366p/ng452577q/NW_LS421.TXT
2020-07-17,URUGUAY,Beef Trim,85,0-15 Days,,,,USD/cwt,FOB/TIS,https://esmis.nal.usda.gov/sites/default/release-files/c821gj77m/js957366p/ng452577q/NW_LS421.TXT
2020-07-17,URUGUAY,Beef Trim,80,0-15 Days,,,,USD/cwt,FOB/TIS,https://esmis.nal.usda.gov/sites/default/release-files/c821gj77m/js957366p/ng452577q/NW_LS421.TXT
2020-07-17,URUGUAY,Beef Trim,75,0-15 Days,,,,USD/cwt,FOB/TIS,https://esmis.nal.usda.gov/sites/default/release-files/c821gj77m/js957366p/ng452577q/NW_LS421.TXT
2020-07-22,AUSTRALIA AND NEW ZEALAND,Beef Trim,85,0-15 Days,East Coast,,,USD/cwt,FOB/TIS,https://esmis.nal.usda.gov/sites/default/release-files/c821gj77m/8p58q154d/rj430s69c/NW_LS421.TXT
2020-07-22,AUSTRALIA AND NEW ZEALAND,Beef Trim,80,0-15 Days,East Coast,,,USD/cwt,FOB/TIS,https://esmis.nal.usda.gov/sites/default/release-files/c821gj77m/8p58q154d/rj430s69c/NW_LS421.TXT
2020-07-22,AUSTRALIA AND NEW ZEALAND,Beef Trim,75,0-15 Days,East Coast,,,USD/cwt,FOB/TIS,https://esmis.nal.usda.gov/sites/default/release-files/c821gj77m/8p58q154d/rj430s69c/NW_LS421.TXT
2020-07-22,AUSTRALIA AND NEW ZEALAND,Beef Trim,70,0-15 Days,East Coast,,,USD/cwt,FOB/TIS,https://esmis.nal.usda.gov/sites/default/release-files/c821gj77m/8p58q154d/rj430s69c/NW_LS421.TXT
2020-07-22,AUSTRALIA AND NEW ZEALAND,Beef Trim,65,0-15 Days,East Coast,,,USD/cwt,FOB/TIS,https://esmis.nal.usda.gov/sites/default/release-files/c821gj77m/8p58q154d/rj430s69c/NW_LS421.TXT
2020-07-22,URUGUAY,Beef Trim,85,0-15 Days,,,,USD/cwt,FOB/TIS,https://esmis.nal.usda.gov/sites/default/release-files/c821gj77m/8p58q154d/rj430s69c/NW_LS421.TXT
2020-07-22,URUGUAY,Beef Trim,80,0-15 Days,,,,USD/cwt,FOB/TIS,https://esmis.nal.usda.gov/sites/default/release-files/c821gj77m/8p58q154d/rj430s69c/NW_LS421.TXT
2020-07-22,URUGUAY,Beef Trim,75,0-15 Days,,,,USD/cwt,FOB/TIS,https://esmis.nal.usda.gov/sites/default/release-files/c821gj77m/8p58q154d/rj430s69c/NW_LS421.TXT
2020-07-24,AUSTRALIA AND NEW ZEALAND,Beef Trim,85,0-15 Days,East Coast,,,USD/cwt,FOB/TIS,https://esmis.nal.usda.gov/sites/default/release-files/c821gj77m/2r36vk600/0r967r54b/NW_LS421.TXT
2020-07-24,AUSTRALIA AND NEW ZEALAND,Beef Trim,80,0-15 Days,East Coast,,,USD/cwt,FOB/TIS,https://esmis.nal.usda.gov/sites/default/release-files/c821gj77m/2r36vk600/0r967r54b/NW_LS421.TXT
2020-07-24,AUSTRALIA AND NEW ZEALAND,Beef Trim,75,0-15 Days,East Coast,,,USD/cwt,FOB/TIS,https://esmis.nal.usda.gov/sites/default/release-files/c821gj77m/2r36vk600/0r967r54b/NW_LS421.TXT
2020-07-24,AUSTRALIA AND NEW ZEALAND,Beef Trim,70,0-15 Days,East Coast,,,USD/cwt,FOB/TIS,https://esmis.nal.usda.gov/sites/default/release-files/c821gj77m/2r36vk600/0r967r54b/NW_LS421.TXT
2020-07-24,AUSTRALIA AND NEW ZEALAND,Beef Trim,65,0-15 Days,East Coast,,,USD/cwt,FOB/TIS,https://esmis.nal.usda.gov/sites/default/release-files/c821gj77m/2r36vk600/0r967r54b/NW_LS421.TXT
2020-07-24,URUGUAY,Beef Trim,85,0-15 Days,,,,USD/cwt,FOB/TIS,https://esmis.nal.usda.gov/sites/default/release-files/c821gj77m/2r36vk600/0r967r54b/NW_LS421.TXT
2020-07-24,URUGUAY,Beef Trim,80,0-15 Days,,,,USD/cwt,FOB/TIS,https://esmis.nal.usda.gov/sites/default/release-files/c821gj77m/2r36vk600/0r967r54b/NW_LS421.TXT
2020-07-24,URUGUAY,Beef Trim,75,0-15 Days,,,,USD/cwt,FOB/TIS,https://esmis.nal.usda.gov/sites/default/release-files/c821gj77m/2r36vk600/0r967r54b/NW_LS421.TXT
2020-07-29,AUSTRALIA AND NEW ZEALAND,Beef Trim,85,0-15 Days,East Coast,210.00,212.00,USD/cwt,FOB/TIS,https://esmis.nal.usda.gov/sites/default/release-files/c821gj77m/w9505p14c/f1882739f/NW_LS421.TXT
2020-07-29,AUSTRALIA AND NEW ZEALAND,Beef Trim,80,0-15 Days,East Coast,206.00,208.00,USD/cwt,FOB/TIS,https://esmis.nal.usda.gov/sites/default/release-files/c821gj77m/w9505p14c/f1882739f/NW_LS421.TXT
2020-07-29,AUSTRALIA AND NEW ZEALAND,Beef Trim,75,0-15 Days,East Coast,192.00,193.00,USD/cwt,FOB/TIS,https://esmis.nal.usda.gov/sites/default/release-files/c821gj77m/w9505p14c/f1882739f/NW_LS421.TXT
2020-07-29,AUSTRALIA AND NEW ZEALAND,Beef Trim,70,0-15 Days,East Coast,,,USD/cwt,FOB/TIS,https://esmis.nal.usda.gov/sites/default/release-files/c821gj77m/w9505p14c/f1882739f/NW_LS421.TXT
2020-07-29,AUSTRALIA AND NEW ZEALAND,Beef Trim,65,0-15 Days,East Coast,,,USD/cwt,FOB/TIS,https://esmis.nal.usda.gov/sites/default/release-files/c821gj77m/w9505p14c/f1882739f/NW_LS421.TXT
2020-07-29,URUGUAY,Beef Trim,85,0-15 Days,,,,USD/cwt,FOB/TIS,https://esmis.nal.usda.gov/sites/default/release-files/c821gj77m/w9505p14c/f1882739f/NW_LS421.TXT
2020-07-29,URUGUAY,Beef Trim,80,0-15 Days,,,,USD/cwt,FOB/TIS,https://esmis.nal.usda.gov/sites/default/release-files/c821gj77m/w9505p14c/f1882739f/NW_LS421.TXT
2020-07-29,URUGUAY,Beef Trim,75,0-15 Days,,,,USD/cwt,FOB/TIS,https://esmis.nal.usda.gov/sites/default/release-files/c821gj77m/w9505p14c/f1882739f/NW_LS421.TXT
2020-07-31,AUSTRALIA AND NEW ZEALAND,Beef Trim,85,0-15 Days,East Coast,210.00,212.00,USD/cwt,FOB/TIS,https://esmis.nal.usda.gov/sites/default/release-files/c821gj77m/tm70nj168/s7527089p/NW_LS421.TXT
2020-07-31,AUSTRALIA AND NEW ZEALAND,Beef Trim,80,0-15 Days,East Coast,206.00,208.00,USD/cwt,FOB/TIS,https://esmis.nal.usda.gov/sites/default/release-files/c821gj77m/tm70nj168/s7527089p/NW_LS421.TXT
2020-07-31,AUSTRALIA AND NEW ZEALAND,Beef Trim,75,0-15 Days,East Coast,192.00,193.00,USD/cwt,FOB/TIS,https://esmis.nal.usda.gov/sites/default/release-files/c821gj77m/tm70nj168/s7527089p/NW_LS421.TXT
2020-07-31,AUSTRALIA AND NEW ZEALAND,Beef Trim,70,0-15 Days,East Coast,,,USD/cwt,FOB/TIS,https://esmis.nal.usda.gov/sites/default/release-files/c821gj77m/tm70nj168/s7527089p/NW_LS421.TXT
2020-07-31,AUSTRALIA AND NEW ZEALAND,Beef Trim,65,0-15 Days,East Coast,,,USD/cwt,FOB/TIS,https://esmis.nal.usda.gov/sites/default/release-files/c821gj77m/tm70nj168/s7527089p/NW_LS421.TXT
2020-07-31,URUGUAY,Beef Trim,85,0-15 Days,,,,USD/cwt,FOB/TIS,https://esmis.nal.usda.gov/sites/default/release-files/c821gj77m/tm70nj168/s7527089p/NW_LS421.TXT
2020-07-31,URUGUAY,Beef Trim,80,0-15 Days,,,,USD/cwt,FOB/TIS,https://esmis.nal.usda.gov/sites/default/release-files/c821gj77m/tm70nj168/s7527089p/NW_LS421.TXT
2020-07-31,URUGUAY,Beef Trim,75,0-15 Days,,,,USD/cwt,FOB/TIS,https://esmis.nal.usda.gov/sites/default/release-files/c821gj77m/tm70nj168/s7527089p/NW_LS421.TXT
2020-08-05,AUSTRALIA AND NEW ZEALAND,Beef Trim,85,0-15 Days,East Coast,211.00,212.00,USD/cwt,FOB/TIS,https://esmis.nal.usda.gov/sites/default/release-files/c821gj77m/9c67x951n/6w9250177/NW_LS421.TXT
2020-08-05,AUSTRALIA AND NEW ZEALAND,Beef Trim,80,0-15 Days,East Coast,206.00,207.00,USD/cwt,FOB/TIS,https://esmis.nal.usda.gov/sites/default/release-files/c821gj77m/9c67x951n/6w9250177/NW_LS421.TXT
2020-08-05,AUSTRALIA AND NEW ZEALAND,Beef Trim,75,0-15 Days,East Coast,172.00,173.00,USD/cwt,FOB/TIS,https://esmis.nal.usda.gov/sites/default/release-files/c821gj77m/9c67x951n/6w9250177/NW_LS421.TXT
2020-08-05,AUSTRALIA AND NEW ZEALAND,Beef Trim,70,0-15 Days,East Coast,,,USD/cwt,FOB/TIS,https://esmis.nal.usda.gov/sites/default/release-files/c821gj77m/9c67x951n/6w9250177/NW_LS421.TXT
2020-08-05,AUSTRALIA AND NEW ZEALAND,Beef Trim,65,0-15 Days,East Coast,,,USD/cwt,FOB/TIS,https://esmis.nal.usda.gov/sites/default/release-files/c821gj77m/9c67x951n/6w9250177/NW_LS421.TXT
2020-08-05,URUGUAY,Beef Trim,85,0-15 Days,,,,USD/cwt,FOB/TIS,https://esmis.nal.usda.gov/sites/default/release-files/c821gj77m/9c67x951n/6w9250177/NW_LS421.TXT
2020-08-05,URUGUAY,Beef Trim,80,0-15 Days,,,,USD/cwt,FOB/TIS,https://esmis.nal.usda.gov/sites/default/release-files/c821gj77m/9c67x951n/6w9250177/NW_LS421.TXT
2020-08-05,URUGUAY,Beef Trim,75,0-15 Days,,,,USD/cwt,FOB/TIS,https://esmis.nal.usda.gov/sites/default/release-files/c821gj77m/9c67x951n/6w9250177/NW_LS421.TXT
2020-08-07,AUSTRALIA AND NEW ZEALAND,Beef Trim,85,0-15 Days,East Coast,211.00,212.00,USD/cwt,FOB/TIS,https://esmis.nal.usda.gov/sites/default/release-files/c821gj77m/6t054492s/7s75f183f/NW_LS421.TXT
2020-08-07,AUSTRALIA AND NEW ZEALAND,Beef Trim,80,0-15 Days,East Coast,206.00,207.00,USD/cwt,FOB/TIS,https://esmis.nal.usda.gov/sites/default/release-files/c821gj77m/6t054492s/7s75f183f/NW_LS421.TXT
2020-08-07,AUSTRALIA AND NEW ZEALAND,Beef Trim,75,0-15 Days,East Coast,172.00,173.00,USD/cwt,FOB/TIS,https://esmis.nal.usda.gov/sites/default/release-files/c821gj77m/6t054492s/7s75f183f/NW_LS421.TXT
2020-08-07,AUSTRALIA AND NEW ZEALAND,Beef Trim,70,0-15 Days,East Coast,,,USD/cwt,FOB/TIS,https://esmis.nal.usda.gov/sites/default/release-files/c821gj77m/6t054492s/7s75f183f/NW_LS421.TXT
2020-08-07,AUSTRALIA AND NEW ZEALAND,Beef Trim,65,0-15 Days,East Coast,,,USD/cwt,FOB/TIS,https://esmis.nal.usda.gov/sites/default/release-files/c821gj77m/6t054492s/7s75f183f/NW_LS421.TXT
2020-08-07,URUGUAY,Beef Trim,85,0-15 Days,,,,USD/cwt,FOB/TIS,https://esmis.nal.usda.gov/sites/default/release-files/c821gj77m/6t054492s/7s75f183f/NW_LS421.TXT
2020-08-07,URUGUAY,Beef Trim,80,0-15 Days,,,,USD/cwt,FOB/TIS,https://esmis.nal.usda.gov/sites/default/release-files/c821gj77m/6t054492s/7s75f183f/NW_LS421.TXT
2020-08-07,URUGUAY,Beef Trim,75,0-15 Days,,,,USD/cwt,FOB/TIS,https://esmis.nal.usda.gov/sites/default/release-files/c821gj77m/6t054492s/7s75f183f/NW_LS421.TXT
2020-08-12,AUSTRALIA AND NEW ZEALAND,Beef Trim,85,0-15 Days,East Coast,210.00,211.00,USD/cwt,FOB/TIS,https://esmis.nal.usda.gov/sites/default/release-files/c821gj77m/p2677h851/sb397x96n/NW_LS421.TXT
2020-08-12,AUSTRALIA AND NEW ZEALAND,Beef Trim,80,0-15 Days,East Coast,205.00,206.00,USD/cwt,FOB/TIS,https://esmis.nal.usda.gov/sites/default/release-files/c821gj77m/p2677h851/sb397x96n/NW_LS421.TXT
2020-08-12,AUSTRALIA AND NEW ZEALAND,Beef Trim,75,0-15 Days,East Coast,188.00,190.00,USD/cwt,FOB/TIS,https://esmis.nal.usda.gov/sites/default/release-files/c821gj77m/p2677h851/sb397x96n/NW_LS421.TXT
2020-08-12,AUSTRALIA AND NEW ZEALAND,Beef Trim,70,0-15 Days,East Coast,,,USD/cwt,FOB/TIS,https://esmis.nal.usda.gov/sites/default/release-files/c821gj77m/p2677h851/sb397x96n/NW_LS421.TXT
2020-08-12,AUSTRALIA AND NEW ZEALAND,Beef Trim,65,0-15 Days,East Coast,,,USD/cwt,FOB/TIS,https://esmis.nal.usda.gov/sites/default/release-files/c821gj77m/p2677h851/sb397x96n/NW_LS421.TXT
2020-08-12,URUGUAY,Beef Trim,85,0-15 Days,,,,USD/cwt,FOB/TIS,https://esmis.nal.usda.gov/sites/default/release-files/c821gj77m/p2677h851/sb397x96n/NW_LS421.TXT
2020-08-12,URUGUAY,Beef Trim,80,0-15 Days,,,,USD/cwt,FOB/TIS,https://esmis.nal.usda.gov/sites/default/release-files/c821gj77m/p2677h851/sb397x96n/NW_LS421.TXT
2020-08-12,URUGUAY,Beef Trim,75,0-15 Days,,,,USD/cwt,FOB/TIS,https://esmis.nal.usda.gov/sites/default/release-files/c821gj77m/p2677h851/sb397x96n/NW_LS421.TXT
2020-08-14,AUSTRALIA AND NEW ZEALAND,Beef Trim,85,0-15 Days,East Coast,210.00,211.00,USD/cwt,FOB/TIS,https://esmis.nal.usda.gov/sites/default/release-files/c821gj77m/sx61f820s/377211815/NW_LS421.TXT
2020-08-14,AUSTRALIA AND NEW ZEALAND,Beef Trim,80,0-15 Days,East Coast,205.00,206.00,USD/cwt,FOB/TIS,https://esmis.nal.usda.gov/sites/default/release-files/c821gj77m/sx61f820s/377211815/NW_LS421.TXT
2020-08-14,AUSTRALIA AND NEW ZEALAND,Beef Trim,75,0-15 Days,East Coast,188.00,190.00,USD/cwt,FOB/TIS,https://esmis.nal.usda.gov/sites/default/release-files/c821gj77m/sx61f820s/377211815/NW_LS421.TXT
2020-08-14,AUSTRALIA AND NEW ZEALAND,Beef Trim,70,0-15 Days,East Coast,,,USD/cwt,FOB/TIS,https://esmis.nal.usda.gov/sites/default/release-files/c821gj77m/sx61f820s/377211815/NW_LS421.TXT
2020-08-14,AUSTRALIA AND NEW ZEALAND,Beef Trim,65,0-15 Days,East Coast,,,USD/cwt,FOB/TIS,https://esmis.nal.usda.gov/sites/default/release-files/c821gj77m/sx61f820s/377211815/NW_LS421.TXT
2020-08-14,URUGUAY,Beef Trim,85,0-15 Days,,,,USD/cwt,FOB/TIS,https://esmis.nal.usda.gov/sites/default/release-files/c821gj77m/sx61f820s/377211815/NW_LS421.TXT
2020-08-14,URUGUAY,Beef Trim,80,0-15 Days,,,,USD/cwt,FOB/TIS,https://esmis.nal.usda.gov/sites/default/release-files/c821gj77m/sx61f820s/377211815/NW_LS421.TXT
2020-08-14,URUGUAY,Beef Trim,75,0-15 Days,,,,USD/cwt,FOB/TIS,https://esmis.nal.usda.gov/sites/default/release-files/c821gj77m/sx61f820s/377211815/NW_LS421.TXT
2020-08-19,AUSTRALIA AND NEW ZEALAND,Beef Trim,85,0-15 Days,East Coast,,,USD/cwt,FOB/TIS,https://esmis.nal.usda.gov/sites/default/release-files/c821gj77m/dz011c77j/z603rm301/NW_LS421.TXT
2020-08-19,AUSTRALIA AND NEW ZEALAND,Beef Trim,80,0-15 Days,East Coast,,,USD/cwt,FOB/TIS,https://esmis.nal.usda.gov/sites/default/release-files/c821gj77m/dz011c77j/z603rm301/NW_LS421.TXT
2020-08-19,AUSTRALIA AND NEW ZEALAND,Beef Trim,75,0-15 Days,East Coast,,,USD/cwt,FOB/TIS,https://esmis.nal.usda.gov/sites/default/release-files/c821gj77m/dz011c77j/z603rm301/NW_LS421.TXT
2020-08-19,AUSTRALIA AND NEW ZEALAND,Beef Trim,70,0-15 Days,East Coast,,,USD/cwt,FOB/TIS,https://esmis.nal.usda.gov/sites/default/release-files/c821gj77m/dz011c77j/z603rm301/NW_LS421.TXT
2020-08-19,AUSTRALIA AND NEW ZEALAND,Beef Trim,65,0-15 Days,East Coast,,,USD/cwt,FOB/TIS,https://esmis.nal.usda.gov/sites/default/release-files/c821gj77m/dz011c77j/z603rm301/NW_LS421.TXT
2020-08-19,URUGUAY,Beef Trim,85,0-15 Days,,,,USD/cwt,FOB/TIS,https://esmis.nal.usda.gov/sites/default/release-files/c821gj77m/dz011c77j/z603rm301/NW_LS421.TXT
2020-08-19,URUGUAY,Beef Trim,80,0-15 Days,,,,USD/cwt,FOB/TIS,https://esmis.nal.usda.gov/sites/default/release-files/c821gj77m/dz011c77j/z603rm301/NW_LS421.TXT
2020-08-19,URUGUAY,Beef Trim,75,0-15 Days,,,,USD/cwt,FOB/TIS,https://esmis.nal.usda.gov/sites/default/release-files/c821gj77m/dz011c77j/z603rm301/NW_LS421.TXT
2020-08-21,AUSTRALIA AND NEW ZEALAND,Beef Trim,85,0-15 Days,East Coast,,,USD/cwt,FOB/TIS,https://esmis.nal.usda.gov/sites/default/release-files/c821gj77m/9c67x9889/2n49tq685/NW_LS421.TXT
2020-08-21,AUSTRALIA AND NEW ZEALAND,Beef Trim,80,0-15 Days,East Coast,,,USD/cwt,FOB/TIS,https://esmis.nal.usda.gov/sites/default/release-files/c821gj77m/9c67x9889/2n49tq685/NW_LS421.TXT
2020-08-21,AUSTRALIA AND NEW ZEALAND,Beef Trim,75,0-15 Days,East Coast,,,USD/cwt,FOB/TIS,https://esmis.nal.usda.gov/sites/default/release-files/c821gj77m/9c67x9889/2n49tq685/NW_LS421.TXT
2020-08-21,AUSTRALIA AND NEW ZEALAND,Beef Trim,70,0-15 Days,East Coast,,,USD/cwt,FOB/TIS,https://esmis.nal.usda.gov/sites/default/release-files/c821gj77m/9c67x9889/2n49tq685/NW_LS421.TXT
2020-08-21,AUSTRALIA AND NEW ZEALAND,Beef Trim,65,0-15 Days,East Coast,,,USD/cwt,FOB/TIS,https://esmis.nal.usda.gov/sites/default/release-files/c821gj77m/9c67x9889/2n49tq685/NW_LS421.TXT
2020-08-21,URUGUAY,Beef Trim,85,0-15 Days,,,,USD/cwt,FOB/TIS,https://esmis.nal.usda.gov/sites/default/release-files/c821gj77m/9c67x9889/2n49tq685/NW_LS421.TXT
2020-08-21,URUGUAY,Beef Trim,80,0-15 Days,,,,USD/cwt,FOB/TIS,https://esmis.nal.usda.gov/sites/default/release-files/c821gj77m/9c67x9889/2n49tq685/NW_LS421.TXT
2020-08-21,URUGUAY,Beef Trim,75,0-15 Days,,,,USD/cwt,FOB/TIS,https://esmis.nal.usda.gov/sites/default/release-files/c821gj77m/9c67x9889/2n49tq685/NW_LS421.TXT
2020-08-26,AUSTRALIA AND NEW ZEALAND,Beef Trim,85,0-15 Days,East Coast,,,USD/cwt,FOB/TIS,https://esmis.nal.usda.gov/sites/default/release-files/c821gj77m/sx61f8522/wm118c20h/NW_LS421.TXT
2020-08-26,AUSTRALIA AND NEW ZEALAND,Beef Trim,80,0-15 Days,East Coast,,,USD/cwt,FOB/TIS,https://esmis.nal.usda.gov/sites/default/release-files/c821gj77m/sx61f8522/wm118c20h/NW_LS421.TXT
2020-08-26,AUSTRALIA AND NEW ZEALAND,Beef Trim,75,0-15 Days,East Coast,,,USD/cwt,FOB/TIS,https://esmis.nal.usda.gov/sites/default/release-files/c821gj77m/sx61f8522/wm118c20h/NW_LS421.TXT
2020-08-26,AUSTRALIA AND NEW ZEALAND,Beef Trim,70,0-15 Days,East Coast,,,USD/cwt,FOB/TIS,https://esmis.nal.usda.gov/sites/default/release-files/c821gj77m/sx61f8522/wm118c20h/NW_LS421.TXT
2020-08-26,AUSTRALIA AND NEW ZEALAND,Beef Trim,65,0-15 Days,East Coast,,,USD/cwt,FOB/TIS,https://esmis.nal.usda.gov/sites/default/release-files/c821gj77m/sx61f8522/wm118c20h/NW_LS421.TXT
2020-08-26,URUGUAY,Beef Trim,85,0-15 Days,,,,USD/cwt,FOB/TIS,https://esmis.nal.usda.gov/sites/default/release-files/c821gj77m/sx61f8522/wm118c20h/NW_LS421.TXT
2020-08-26,URUGUAY,Beef Trim,80,0-15 Days,,,,USD/cwt,FOB/TIS,https://esmis.nal.usda.gov/sites/default/release-files/c821gj77m/sx61f8522/wm118c20h/NW_LS421.TXT
2020-08-26,URUGUAY,Beef Trim,75,0-15 Days,,,,USD/cwt,FOB/TIS,https://esmis.nal.usda.gov/sites/default/release-files/c821gj77m/sx61f8522/wm118c20h/NW_LS421.TXT
2020-08-28,AUSTRALIA AND NEW ZEALAND,Beef Trim,85,0-15 Days,East Coast,,,USD/cwt,FOB/TIS,https://esmis.nal.usda.gov/sites/default/release-files/c821gj77m/8910kg986/6108w1690/NW_LS421.TXT
2020-08-28,AUSTRALIA AND NEW ZEALAND,Beef Trim,80,0-15 Days,East Coast,,,USD/cwt,FOB/TIS,https://esmis.nal.usda.gov/sites/default/release-files/c821gj77m/8910kg986/6108w1690/NW_LS421.TXT
2020-08-28,AUSTRALIA AND NEW ZEALAND,Beef Trim,75,0-15 Days,East Coast,,,USD/cwt,FOB/TIS,https://esmis.nal.usda.gov/sites/default/release-files/c821gj77m/8910kg986/6108w1690/NW_LS421.TXT
2020-08-28,AUSTRALIA AND NEW ZEALAND,Beef Trim,70,0-15 Days,East Coast,,,USD/cwt,FOB/TIS,https://esmis.nal.usda.gov/sites/default/release-files/c821gj77m/8910kg986/6108w1690/NW_LS421.TXT
2020-08-28,AUSTRALIA AND NEW ZEALAND,Beef Trim,65,0-15 Days,East Coast,,,USD/cwt,FOB/TIS,https://esmis.nal.usda.gov/sites/default/release-files/c821gj77m/8910kg986/6108w1690/NW_LS421.TXT
2020-08-28,URUGUAY,Beef Trim,85,0-15 Days,,,,USD/cwt,FOB/TIS,https://esmis.nal.usda.gov/sites/default/release-files/c821gj77m/8910kg986/6108w1690/NW_LS421.TXT
2020-08-28,URUGUAY,Beef Trim,80,0-15 Days,,,,USD/cwt,FOB/TIS,https://esmis.nal.usda.gov/sites/default/release-files/c821gj77m/8910kg986/6108w1690/NW_LS421.TXT
2020-08-28,URUGUAY,Beef Trim,75,0-15 Days,,,,USD/cwt,FOB/TIS,https://esmis.nal.usda.gov/sites/default/release-files/c821gj77m/8910kg986/6108w1690/NW_LS421.TXT
2020-09-02,AUSTRALIA AND NEW ZEALAND,Beef Trim,85,0-15 Days,East Coast,,,USD/cwt,FOB/TIS,https://esmis.nal.usda.gov/sites/default/release-files/c821gj77m/1z40mg699/q524kb480/NW_LS421.TXT
2020-09-02,AUSTRALIA AND NEW ZEALAND,Beef Trim,80,0-15 Days,East Coast,,,USD/cwt,FOB/TIS,https://esmis.nal.usda.gov/sites/default/release-files/c821gj77m/1z40mg699/q524kb480/NW_LS421.TXT
2020-09-02,AUSTRALIA AND NEW ZEALAND,Beef Trim,75,0-15 Days,East Coast,,,USD/cwt,FOB/TIS,https://esmis.nal.usda.gov/sites/default/release-files/c821gj77m/1z40mg699/q524kb480/NW_LS421.TXT
2020-09-02,AUSTRALIA AND NEW ZEALAND,Beef Trim,70,0-15 Days,East Coast,,,USD/cwt,FOB/TIS,https://esmis.nal.usda.gov/sites/default/release-files/c821gj77m/1z40mg699/q524kb480/NW_LS421.TXT
2020-09-02,AUSTRALIA AND NEW ZEALAND,Beef Trim,65,0-15 Days,East Coast,,,USD/cwt,FOB/TIS,https://esmis.nal.usda.gov/sites/default/release-files/c821gj77m/1z40mg699/q524kb480/NW_LS421.TXT
2020-09-02,URUGUAY,Beef Trim,85,0-15 Days,,,,USD/cwt,FOB/TIS,https://esmis.nal.usda.gov/sites/default/release-files/c821gj77m/1z40mg699/q524kb480/NW_LS421.TXT
2020-09-02,URUGUAY,Beef Trim,80,0-15 Days,,,,USD/cwt,FOB/TIS,https://esmis.nal.usda.gov/sites/default/release-files/c821gj77m/1z40mg699/q524kb480/NW_LS421.TXT
2020-09-02,URUGUAY,Beef Trim,75,0-15 Days,,,,USD/cwt,FOB/TIS,https://esmis.nal.usda.gov/sites/default/release-files/c821gj77m/1z40mg699/q524kb480/NW_LS421.TXT
2020-09-04,AUSTRALIA AND NEW ZEALAND,Beef Trim,85,0-15 Days,East Coast,,,USD/cwt,FOB/TIS,https://esmis.nal.usda.gov/sites/default/release-files/c821gj77m/np193z868/r494w8671/NW_LS421.TXT
2020-09-04,AUSTRALIA AND NEW ZEALAND,Beef Trim,80,0-15 Days,East Coast,,,USD/cwt,FOB/TIS,https://esmis.nal.usda.gov/sites/default/release-files/c821gj77m/np193z868/r494w8671/NW_LS421.TXT
2020-09-04,AUSTRALIA AND NEW ZEALAND,Beef Trim,75,0-15 Days,East Coast,,,USD/cwt,FOB/TIS,https://esmis.nal.usda.gov/sites/default/release-files/c821gj77m/np193z868/r494w8671/NW_LS421.TXT
2020-09-04,AUSTRALIA AND NEW ZEALAND,Beef Trim,70,0-15 Days,East Coast,,,USD/cwt,FOB/TIS,https://esmis.nal.usda.gov/sites/default/release-files/c821gj77m/np193z868/r494w8671/NW_LS421.TXT
2020-09-04,AUSTRALIA AND NEW ZEALAND,Beef Trim,65,0-15 Days,East Coast,,,USD/cwt,FOB/TIS,https://esmis.nal.usda.gov/sites/default/release-files/c821gj77m/np193z868/r494w8671/NW_LS421.TXT
2020-09-04,URUGUAY,Beef Trim,85,0-15 Days,,,,USD/cwt,FOB/TIS,https://esmis.nal.usda.gov/sites/default/release-files/c821gj77m/np193z868/r494w8671/NW_LS421.TXT
2020-09-04,URUGUAY,Beef Trim,80,0-15 Days,,,,USD/cwt,FOB/TIS,https://esmis.nal.usda.gov/sites/default/release-files/c821gj77m/np193z868/r494w8671/NW_LS421.TXT
2020-09-04,URUGUAY,Beef Trim,75,0-15 Days,,,,USD/cwt,FOB/TIS,https://esmis.nal.usda.gov/sites/default/release-files/c821gj77m/np193z868/r494w8671/NW_LS421.TXT
2020-09-09,AUSTRALIA AND NEW ZEALAND,Beef Trim,85,0-15 Days,East Coast,,,USD/cwt,FOB/TIS,https://esmis.nal.usda.gov/sites/default/release-files/c821gj77m/h702qw58p/pz50hk35b/NW_LS421.TXT
2020-09-09,AUSTRALIA AND NEW ZEALAND,Beef Trim,80,0-15 Days,East Coast,,,USD/cwt,FOB/TIS,https://esmis.nal.usda.gov/sites/default/release-files/c821gj77m/h702qw58p/pz50hk35b/NW_LS421.TXT
2020-09-09,AUSTRALIA AND NEW ZEALAND,Beef Trim,75,0-15 Days,East Coast,,,USD/cwt,FOB/TIS,https://esmis.nal.usda.gov/sites/default/release-files/c821gj77m/h702qw58p/pz50hk35b/NW_LS421.TXT
2020-09-09,AUSTRALIA AND NEW ZEALAND,Beef Trim,70,0-15 Days,East Coast,,,USD/cwt,FOB/TIS,https://esmis.nal.usda.gov/sites/default/release-files/c821gj77m/h702qw58p/pz50hk35b/NW_LS421.TXT
2020-09-09,AUSTRALIA AND NEW ZEALAND,Beef Trim,65,0-15 Days,East Coast,,,USD/cwt,FOB/TIS,https://esmis.nal.usda.gov/sites/default/release-files/c821gj77m/h702qw58p/pz50hk35b/NW_LS421.TXT
2020-09-09,URUGUAY,Beef Trim,85,0-15 Days,,,,USD/cwt,FOB/TIS,https://esmis.nal.usda.gov/sites/default/release-files/c821gj77m/h702qw58p/pz50hk35b/NW_LS421.TXT
2020-09-09,URUGUAY,Beef Trim,80,0-15 Days,,,,USD/cwt,FOB/TIS,https://esmis.nal.usda.gov/sites/default/release-files/c821gj77m/h702qw58p/pz50hk35b/NW_LS421.TXT
2020-09-09,URUGUAY,Beef Trim,75,0-15 Days,,,,USD/cwt,FOB/TIS,https://esmis.nal.usda.gov/sites/default/release-files/c821gj77m/h702qw58p/pz50hk35b/NW_LS421.TXT
2020-09-11,AUSTRALIA AND NEW ZEALAND,Beef Trim,85,0-15 Days,East Coast,,,USD/cwt,FOB/TIS,https://esmis.nal.usda.gov/sites/default/release-files/c821gj77m/bg2583669/kd17dh493/NW_LS421.TXT
2020-09-11,AUSTRALIA AND NEW ZEALAND,Beef Trim,80,0-15 Days,East Coast,,,USD/cwt,FOB/TIS,https://esmis.nal.usda.gov/sites/default/release-files/c821gj77m/bg2583669/kd17dh493/NW_LS421.TXT
2020-09-11,AUSTRALIA AND NEW ZEALAND,Beef Trim,75,0-15 Days,East Coast,,,USD/cwt,FOB/TIS,https://esmis.nal.usda.gov/sites/default/release-files/c821gj77m/bg2583669/kd17dh493/NW_LS421.TXT
2020-09-11,AUSTRALIA AND NEW ZEALAND,Beef Trim,70,0-15 Days,East Coast,,,USD/cwt,FOB/TIS,https://esmis.nal.usda.gov/sites/default/release-files/c821gj77m/bg2583669/kd17dh493/NW_LS421.TXT
2020-09-11,AUSTRALIA AND NEW ZEALAND,Beef Trim,65,0-15 Days,East Coast,,,USD/cwt,FOB/TIS,https://esmis.nal.usda.gov/sites/default/release-files/c821gj77m/bg2583669/kd17dh493/NW_LS421.TXT
2020-09-11,URUGUAY,Beef Trim,85,0-15 Days,,,,USD/cwt,FOB/TIS,https://esmis.nal.usda.gov/sites/default/release-files/c821gj77m/bg2583669/kd17dh493/NW_LS421.TXT
2020-09-11,URUGUAY,Beef Trim,80,0-15 Days,,,,USD/cwt,FOB/TIS,https://esmis.nal.usda.gov/sites/default/release-files/c821gj77m/bg2583669/kd17dh493/NW_LS421.TXT
2020-09-11,URUGUAY,Beef Trim,75,0-15 Days,,,,USD/cwt,FOB/TIS,https://esmis.nal.usda.gov/sites/default/release-files/c821gj77m/bg2583669/kd17dh493/NW_LS421.TXT
2020-09-16,AUSTRALIA AND NEW ZEALAND,Beef Trim,85,0-15 Days,East Coast,208.00,209.00,USD/cwt,FOB/TIS,https://esmis.nal.usda.gov/sites/default/release-files/c821gj77m/qb98n469g/02871k14z/NW_LS421.TXT
2020-09-16,AUSTRALIA AND NEW ZEALAND,Beef Trim,80,0-15 Days,East Coast,205.00,205.00,USD/cwt,FOB/TIS,https://esmis.nal.usda.gov/sites/default/release-files/c821gj77m/qb98n469g/02871k14z/NW_LS421.TXT
2020-09-16,AUSTRALIA AND NEW ZEALAND,Beef Trim,75,0-15 Days,East Coast,184.00,184.00,USD/cwt,FOB/TIS,https://esmis.nal.usda.gov/sites/default/release-files/c821gj77m/qb98n469g/02871k14z/NW_LS421.TXT
2020-09-16,AUSTRALIA AND NEW ZEALAND,Beef Trim,70,0-15 Days,East Coast,,,USD/cwt,FOB/TIS,https://esmis.nal.usda.gov/sites/default/release-files/c821gj77m/qb98n469g/02871k14z/NW_LS421.TXT
2020-09-16,AUSTRALIA AND NEW ZEALAND,Beef Trim,65,0-15 Days,East Coast,,,USD/cwt,FOB/TIS,https://esmis.nal.usda.gov/sites/default/release-files/c821gj77m/qb98n469g/02871k14z/NW_LS421.TXT
2020-09-16,URUGUAY,Beef Trim,85,0-15 Days,,,,USD/cwt,FOB/TIS,https://esmis.nal.usda.gov/sites/default/release-files/c821gj77m/qb98n469g/02871k14z/NW_LS421.TXT
2020-09-16,URUGUAY,Beef Trim,80,0-15 Days,,,,USD/cwt,FOB/TIS,https://esmis.nal.usda.gov/sites/default/release-files/c821gj77m/qb98n469g/02871k14z/NW_LS421.TXT
2020-09-16,URUGUAY,Beef Trim,75,0-15 Days,,,,USD/cwt,FOB/TIS,https://esmis.nal.usda.gov/sites/default/release-files/c821gj77m/qb98n469g/02871k14z/NW_LS421.TXT
2020-09-18,AUSTRALIA AND NEW ZEALAND,Beef Trim,85,0-15 Days,East Coast,208.00,209.00,USD/cwt,FOB/TIS,https://esmis.nal.usda.gov/sites/default/release-files/c821gj77m/n296xn46r/nk323365c/NW_LS421.TXT
2020-09-18,AUSTRALIA AND NEW ZEALAND,Beef Trim,80,0-15 Days,East Coast,205.00,205.00,USD/cwt,FOB/TIS,https://esmis.nal.usda.gov/sites/default/release-files/c821gj77m/n296xn46r/nk323365c/NW_LS421.TXT
2020-09-18,AUSTRALIA AND NEW ZEALAND,Beef Trim,75,0-15 Days,East Coast,184.00,184.00,USD/cwt,FOB/TIS,https://esmis.nal.usda.gov/sites/default/release-files/c821gj77m/n296xn46r/nk323365c/NW_LS421.TXT
2020-09-18,AUSTRALIA AND NEW ZEALAND,Beef Trim,70,0-15 Days,East Coast,,,USD/cwt,FOB/TIS,https://esmis.nal.usda.gov/sites/default/release-files/c821gj77m/n296xn46r/nk323365c/NW_LS421.TXT
2020-09-18,AUSTRALIA AND NEW ZEALAND,Beef Trim,65,0-15 Days,East Coast,,,USD/cwt,FOB/TIS,https://esmis.nal.usda.gov/sites/default/release-files/c821gj77m/n296xn46r/nk323365c/NW_LS421.TXT
2020-09-18,URUGUAY,Beef Trim,85,0-15 Days,,,,USD/cwt,FOB/TIS,https://esmis.nal.usda.gov/sites/default/release-files/c821gj77m/n296xn46r/nk323365c/NW_LS421.TXT
2020-09-18,URUGUAY,Beef Trim,80,0-15 Days,,,,USD/cwt,FOB/TIS,https://esmis.nal.usda.gov/sites/default/release-files/c821gj77m/n296xn46r/nk323365c/NW_LS421.TXT
2020-09-18,URUGUAY,Beef Trim,75,0-15 Days,,,,USD/cwt,FOB/TIS,https://esmis.nal.usda.gov/sites/default/release-files/c821gj77m/n296xn46r/nk323365c/NW_LS421.TXT
2020-09-23,AUSTRALIA AND NEW ZEALAND,Beef Trim,85,0-15 Days,East Coast,,,USD/cwt,FOB/TIS,https://esmis.nal.usda.gov/sites/default/release-files/c821gj77m/t722j023v/qj72px53w/NW_LS421.TXT
2020-09-23,AUSTRALIA AND NEW ZEALAND,Beef Trim,80,0-15 Days,East Coast,,,USD/cwt,FOB/TIS,https://esmis.nal.usda.gov/sites/default/release-files/c821gj77m/t722j023v/qj72px53w/NW_LS421.TXT
2020-09-23,AUSTRALIA AND NEW ZEALAND,Beef Trim,75,0-15 Days,East Coast,,,USD/cwt,FOB/TIS,https://esmis.nal.usda.gov/sites/default/release-files/c821gj77m/t722j023v/qj72px53w/NW_LS421.TXT
2020-09-23,AUSTRALIA AND NEW ZEALAND,Beef Trim,70,0-15 Days,East Coast,,,USD/cwt,FOB/TIS,https://esmis.nal.usda.gov/sites/default/release-files/c821gj77m/t722j023v/qj72px53w/NW_LS421.TXT
2020-09-23,AUSTRALIA AND NEW ZEALAND,Beef Trim,65,0-15 Days,East Coast,,,USD/cwt,FOB/TIS,https://esmis.nal.usda.gov/sites/default/release-files/c821gj77m/t722j023v/qj72px53w/NW_LS421.TXT
2020-09-23,URUGUAY,Beef Trim,85,0-15 Days,,,,USD/cwt,FOB/TIS,https://esmis.nal.usda.gov/sites/default/release-files/c821gj77m/t722j023v/qj72px53w/NW_LS421.TXT
2020-09-23,URUGUAY,Beef Trim,80,0-15 Days,,,,USD/cwt,FOB/TIS,https://esmis.nal.usda.gov/sites/default/release-files/c821gj77m/t722j023v/qj72px53w/NW_LS421.TXT
2020-09-23,URUGUAY,Beef Trim,75,0-15 Days,,,,USD/cwt,FOB/TIS,https://esmis.nal.usda.gov/sites/default/release-files/c821gj77m/t722j023v/qj72px53w/NW_LS421.TXT
2020-09-25,AUSTRALIA AND NEW ZEALAND,Beef Trim,85,0-15 Days,East Coast,,,USD/cwt,FOB/TIS,https://esmis.nal.usda.gov/sites/default/release-files/c821gj77m/c534gb92s/x346dt36s/NW_LS421.TXT
2020-09-25,AUSTRALIA AND NEW ZEALAND,Beef Trim,80,0-15 Days,East Coast,,,USD/cwt,FOB/TIS,https://esmis.nal.usda.gov/sites/default/release-files/c821gj77m/c534gb92s/x346dt36s/NW_LS421.TXT
2020-09-25,AUSTRALIA AND NEW ZEALAND,Beef Trim,75,0-15 Days,East Coast,,,USD/cwt,FOB/TIS,https://esmis.nal.usda.gov/sites/default/release-files/c821gj77m/c534gb92s/x346dt36s/NW_LS421.TXT
2020-09-25,AUSTRALIA AND NEW ZEALAND,Beef Trim,70,0-15 Days,East Coast,,,USD/cwt,FOB/TIS,https://esmis.nal.usda.gov/sites/default/release-files/c821gj77m/c534gb92s/x346dt36s/NW_LS421.TXT
2020-09-25,AUSTRALIA AND NEW ZEALAND,Beef Trim,65,0-15 Days,East Coast,,,USD/cwt,FOB/TIS,https://esmis.nal.usda.gov/sites/default/release-files/c821gj77m/c534gb92s/x346dt36s/NW_LS421.TXT
2020-09-25,URUGUAY,Beef Trim,85,0-15 Days,,,,USD/cwt,FOB/TIS,https://esmis.nal.usda.gov/sites/default/release-files/c821gj77m/c534gb92s/x346dt36s/NW_LS421.TXT
2020-09-25,URUGUAY,Beef Trim,80,0-15 Days,,,,USD/cwt,FOB/TIS,https://esmis.nal.usda.gov/sites/default/release-files/c821gj77m/c534gb92s/x346dt36s/NW_LS421.TXT
2020-09-25,URUGUAY,Beef Trim,75,0-15 Days,,,,USD/cwt,FOB/TIS,https://esmis.nal.usda.gov/sites/default/release-files/c821gj77m/c534gb92s/x346dt36s/NW_LS421.TXT
2020-09-30,AUSTRALIA AND NEW ZEALAND,Beef Trim,85,0-15 Days,East Coast,205.00,206.00,USD/cwt,FOB/TIS,https://esmis.nal.usda.gov/sites/default/release-files/c821gj77m/9z903q18g/sx61f948p/NW_LS421.TXT
2020-09-30,AUSTRALIA AND NEW ZEALAND,Beef Trim,80,0-15 Days,East Coast,199.00,200.00,USD/cwt,FOB/TIS,https://esmis.nal.usda.gov/sites/default/release-files/c821gj77m/9z903q18g/sx61f948p/NW_LS421.TXT
2020-09-30,AUSTRALIA AND NEW ZEALAND,Beef Trim,75,0-15 Days,East Coast,180.00,182.00,USD/cwt,FOB/TIS,https://esmis.nal.usda.gov/sites/default/release-files/c821gj77m/9z903q18g/sx61f948p/NW_LS421.TXT
2020-09-30,AUSTRALIA AND NEW ZEALAND,Beef Trim,70,0-15 Days,East Coast,,,USD/cwt,FOB/TIS,https://esmis.nal.usda.gov/sites/default/release-files/c821gj77m/9z903q18g/sx61f948p/NW_LS421.TXT
2020-09-30,AUSTRALIA AND NEW ZEALAND,Beef Trim,65,0-15 Days,East Coast,,,USD/cwt,FOB/TIS,https://esmis.nal.usda.gov/sites/default/release-files/c821gj77m/9z903q18g/sx61f948p/NW_LS421.TXT
2020-09-30,URUGUAY,Beef Trim,85,0-15 Days,,,,USD/cwt,FOB/TIS,https://esmis.nal.usda.gov/sites/default/release-files/c821gj77m/9z903q18g/sx61f948p/NW_LS421.TXT
2020-09-30,URUGUAY,Beef Trim,80,0-15 Days,,,,USD/cwt,FOB/TIS,https://esmis.nal.usda.gov/sites/default/release-files/c821gj77m/9z903q18g/sx61f948p/NW_LS421.TXT
2020-09-30,URUGUAY,Beef Trim,75,0-15 Days,,,,USD/cwt,FOB/TIS,https://esmis.nal.usda.gov/sites/default/release-files/c821gj77m/9z903q18g/sx61f948p/NW_LS421.TXT
2020-10-02,AUSTRALIA AND NEW ZEALAND,Beef Trim,85,0-15 Days,East Coast,205.00,206.00,USD/cwt,FOB/TIS,https://esmis.nal.usda.gov/sites/default/release-files/c821gj77m/34850618k/fb495035r/NW_LS421.TXT
2020-10-02,AUSTRALIA AND NEW ZEALAND,Beef Trim,80,0-15 Days,East Coast,199.00,200.00,USD/cwt,FOB/TIS,https://esmis.nal.usda.gov/sites/default/release-files/c821gj77m/34850618k/fb495035r/NW_LS421.TXT
2020-10-02,AUSTRALIA AND NEW ZEALAND,Beef Trim,75,0-15 Days,East Coast,180.00,182.00,USD/cwt,FOB/TIS,https://esmis.nal.usda.gov/sites/default/release-files/c821gj77m/34850618k/fb495035r/NW_LS421.TXT
2020-10-02,AUSTRALIA AND NEW ZEALAND,Beef Trim,70,0-15 Days,East Coast,,,USD/cwt,FOB/TIS,https://esmis.nal.usda.gov/sites/default/release-files/c821gj77m/34850618k/fb495035r/NW_LS421.TXT
2020-10-02,AUSTRALIA AND NEW ZEALAND,Beef Trim,65,0-15 Days,East Coast,,,USD/cwt,FOB/TIS,https://esmis.nal.usda.gov/sites/default/release-files/c821gj77m/34850618k/fb495035r/NW_LS421.TXT
2020-10-02,URUGUAY,Beef Trim,85,0-15 Days,,,,USD/cwt,FOB/TIS,https://esmis.nal.usda.gov/sites/default/release-files/c821gj77m/34850618k/fb495035r/NW_LS421.TXT
2020-10-02,URUGUAY,Beef Trim,80,0-15 Days,,,,USD/cwt,FOB/TIS,https://esmis.nal.usda.gov/sites/default/release-files/c821gj77m/34850618k/fb495035r/NW_LS421.TXT
2020-10-02,URUGUAY,Beef Trim,75,0-15 Days,,,,USD/cwt,FOB/TIS,https://esmis.nal.usda.gov/sites/default/release-files/c821gj77m/34850618k/fb495035r/NW_LS421.TXT
2020-10-07,AUSTRALIA AND NEW ZEALAND,Beef Trim,85,0-15 Days,East Coast,202.00,204.00,USD/cwt,FOB/TIS,https://esmis.nal.usda.gov/sites/default/release-files/c821gj77m/ht24x827n/xw42p042c/NW_LS421.TXT
2020-10-07,AUSTRALIA AND NEW ZEALAND,Beef Trim,80,0-15 Days,East Coast,198.00,200.00,USD/cwt,FOB/TIS,https://esmis.nal.usda.gov/sites/default/release-files/c821gj77m/ht24x827n/xw42p042c/NW_LS421.TXT
2020-10-07,AUSTRALIA AND NEW ZEALAND,Beef Trim,75,0-15 Days,East Coast,,,USD/cwt,FOB/TIS,https://esmis.nal.usda.gov/sites/default/release-files/c821gj77m/ht24x827n/xw42p042c/NW_LS421.TXT
2020-10-07,AUSTRALIA AND NEW ZEALAND,Beef Trim,70,0-15 Days,East Coast,,,USD/cwt,FOB/TIS,https://esmis.nal.usda.gov/sites/default/release-files/c821gj77m/ht24x827n/xw42p042c/NW_LS421.TXT
2020-10-07,AUSTRALIA AND NEW ZEALAND,Beef Trim,65,0-15 Days,East Coast,,,USD/cwt,FOB/TIS,https://esmis.nal.usda.gov/sites/default/release-files/c821gj77m/ht24x827n/xw42p042c/NW_LS421.TXT
2020-10-07,URUGUAY,Beef Trim,85,0-15 Days,,,,USD/cwt,FOB/TIS,https://esmis.nal.usda.gov/sites/default/release-files/c821gj77m/ht24x827n/xw42p042c/NW_LS421.TXT
2020-10-07,URUGUAY,Beef Trim,80,0-15 Days,,,,USD/cwt,FOB/TIS,https://esmis.nal.usda.gov/sites/default/release-files/c821gj77m/ht24x827n/xw42p042c/NW_LS421.TXT
2020-10-07,URUGUAY,Beef Trim,75,0-15 Days,,,,USD/cwt,FOB/TIS,https://esmis.nal.usda.gov/sites/default/release-files/c821gj77m/ht24x827n/xw42p042c/NW_LS421.TXT
2020-10-09,AUSTRALIA AND NEW ZEALAND,Beef Trim,85,0-15 Days,East Coast,202.00,204.00,USD/cwt,FOB/TIS,https://esmis.nal.usda.gov/sites/default/release-files/c821gj77m/r207vc40d/p5548g81k/NW_LS421.TXT
2020-10-09,AUSTRALIA AND NEW ZEALAND,Beef Trim,80,0-15 Days,East Coast,198.00,200.00,USD/cwt,FOB/TIS,https://esmis.nal.usda.gov/sites/default/release-files/c821gj77m/r207vc40d/p5548g81k/NW_LS421.TXT
2020-10-09,AUSTRALIA AND NEW ZEALAND,Beef Trim,75,0-15 Days,East Coast,,,USD/cwt,FOB/TIS,https://esmis.nal.usda.gov/sites/default/release-files/c821gj77m/r207vc40d/p5548g81k/NW_LS421.TXT
2020-10-09,AUSTRALIA AND NEW ZEALAND,Beef Trim,70,0-15 Days,East Coast,,,USD/cwt,FOB/TIS,https://esmis.nal.usda.gov/sites/default/release-files/c821gj77m/r207vc40d/p5548g81k/NW_LS421.TXT
2020-10-09,AUSTRALIA AND NEW ZEALAND,Beef Trim,65,0-15 Days,East Coast,,,USD/cwt,FOB/TIS,https://esmis.nal.usda.gov/sites/default/release-files/c821gj77m/r207vc40d/p5548g81k/NW_LS421.TXT
2020-10-09,URUGUAY,Beef Trim,85,0-15 Days,,,,USD/cwt,FOB/TIS,https://esmis.nal.usda.gov/sites/default/release-files/c821gj77m/r207vc40d/p5548g81k/NW_LS421.TXT
2020-10-09,URUGUAY,Beef Trim,80,0-15 Days,,,,USD/cwt,FOB/TIS,https://esmis.nal.usda.gov/sites/default/release-files/c821gj77m/r207vc40d/p5548g81k/NW_LS421.TXT
2020-10-09,URUGUAY,Beef Trim,75,0-15 Days,,,,USD/cwt,FOB/TIS,https://esmis.nal.usda.gov/sites/default/release-files/c821gj77m/r207vc40d/p5548g81k/NW_LS421.TXT
2020-10-14,AUSTRALIA AND NEW ZEALAND,Beef Trim,85,0-15 Days,East Coast,,,USD/cwt,FOB/TIS,https://esmis.nal.usda.gov/sites/default/release-files/c821gj77m/qf85p3049/kk91g9798/NW_LS421.TXT
2020-10-14,AUSTRALIA AND NEW ZEALAND,Beef Trim,80,0-15 Days,East Coast,,,USD/cwt,FOB/TIS,https://esmis.nal.usda.gov/sites/default/release-files/c821gj77m/qf85p3049/kk91g9798/NW_LS421.TXT
2020-10-14,AUSTRALIA AND NEW ZEALAND,Beef Trim,75,0-15 Days,East Coast,,,USD/cwt,FOB/TIS,https://esmis.nal.usda.gov/sites/default/release-files/c821gj77m/qf85p3049/kk91g9798/NW_LS421.TXT
2020-10-14,AUSTRALIA AND NEW ZEALAND,Beef Trim,70,0-15 Days,East Coast,,,USD/cwt,FOB/TIS,https://esmis.nal.usda.gov/sites/default/release-files/c821gj77m/qf85p3049/kk91g9798/NW_LS421.TXT
2020-10-14,AUSTRALIA AND NEW ZEALAND,Beef Trim,65,0-15 Days,East Coast,,,USD/cwt,FOB/TIS,https://esmis.nal.usda.gov/sites/default/release-files/c821gj77m/qf85p3049/kk91g9798/NW_LS421.TXT
2020-10-14,URUGUAY,Beef Trim,85,0-15 Days,,,,USD/cwt,FOB/TIS,https://esmis.nal.usda.gov/sites/default/release-files/c821gj77m/qf85p3049/kk91g9798/NW_LS421.TXT
2020-10-14,URUGUAY,Beef Trim,80,0-15 Days,,,,USD/cwt,FOB/TIS,https://esmis.nal.usda.gov/sites/default/release-files/c821gj77m/qf85p3049/kk91g9798/NW_LS421.TXT
2020-10-14,URUGUAY,Beef Trim,75,0-15 Days,,,,USD/cwt,FOB/TIS,https://esmis.nal.usda.gov/sites/default/release-files/c821gj77m/qf85p3049/kk91g9798/NW_LS421.TXT
2020-10-16,AUSTRALIA AND NEW ZEALAND,Beef Trim,85,0-15 Days,East Coast,,,USD/cwt,FOB/TIS,https://esmis.nal.usda.gov/sites/default/release-files/c821gj77m/0g355530k/r781x614f/NW_LS421.TXT
2020-10-16,AUSTRALIA AND NEW ZEALAND,Beef Trim,80,0-15 Days,East Coast,,,USD/cwt,FOB/TIS,https://esmis.nal.usda.gov/sites/default/release-files/c821gj77m/0g355530k/r781x614f/NW_LS421.TXT
2020-10-16,AUSTRALIA AND NEW ZEALAND,Beef Trim,75,0-15 Days,East Coast,,,USD/cwt,FOB/TIS,https://esmis.nal.usda.gov/sites/default/release-files/c821gj77m/0g355530k/r781x614f/NW_LS421.TXT
2020-10-16,AUSTRALIA AND NEW ZEALAND,Beef Trim,70,0-15 Days,East Coast,,,USD/cwt,FOB/TIS,https://esmis.nal.usda.gov/sites/default/release-files/c821gj77m/0g355530k/r781x614f/NW_LS421.TXT
2020-10-16,AUSTRALIA AND NEW ZEALAND,Beef Trim,65,0-15 Days,East Coast,,,USD/cwt,FOB/TIS,https://esmis.nal.usda.gov/sites/default/release-files/c821gj77m/0g355530k/r781x614f/NW_LS421.TXT
2020-10-16,URUGUAY,Beef Trim,85,0-15 Days,,,,USD/cwt,FOB/TIS,https://esmis.nal.usda.gov/sites/default/release-files/c821gj77m/0g355530k/r781x614f/NW_LS421.TXT
2020-10-16,URUGUAY,Beef Trim,80,0-15 Days,,,,USD/cwt,FOB/TIS,https://esmis.nal.usda.gov/sites/default/release-files/c821gj77m/0g355530k/r781x614f/NW_LS421.TXT
2020-10-16,URUGUAY,Beef Trim,75,0-15 Days,,,,USD/cwt,FOB/TIS,https://esmis.nal.usda.gov/sites/default/release-files/c821gj77m/0g355530k/r781x614f/NW_LS421.TXT
2020-10-21,AUSTRALIA AND NEW ZEALAND,Beef Trim,85,0-15 Days,East Coast,198.00,200.00,USD/cwt,FOB/TIS,https://esmis.nal.usda.gov/sites/default/release-files/c821gj77m/5m60rh24h/df65vz79w/NW_LS421.TXT
2020-10-21,AUSTRALIA AND NEW ZEALAND,Beef Trim,80,0-15 Days,East Coast,188.00,190.00,USD/cwt,FOB/TIS,https://esmis.nal.usda.gov/sites/default/release-files/c821gj77m/5m60rh24h/df65vz79w/NW_LS421.TXT
2020-10-21,AUSTRALIA AND NEW ZEALAND,Beef Trim,75,0-15 Days,East Coast,178.00,178.00,USD/cwt,FOB/TIS,https://esmis.nal.usda.gov/sites/default/release-files/c821gj77m/5m60rh24h/df65vz79w/NW_LS421.TXT
2020-10-21,AUSTRALIA AND NEW ZEALAND,Beef Trim,70,0-15 Days,East Coast,,,USD/cwt,FOB/TIS,https://esmis.nal.usda.gov/sites/default/release-files/c821gj77m/5m60rh24h/df65vz79w/NW_LS421.TXT
2020-10-21,AUSTRALIA AND NEW ZEALAND,Beef Trim,65,0-15 Days,East Coast,,,USD/cwt,FOB/TIS,https://esmis.nal.usda.gov/sites/default/release-files/c821gj77m/5m60rh24h/df65vz79w/NW_LS421.TXT
2020-10-21,URUGUAY,Beef Trim,85,0-15 Days,,,,USD/cwt,FOB/TIS,https://esmis.nal.usda.gov/sites/default/release-files/c821gj77m/5m60rh24h/df65vz79w/NW_LS421.TXT
2020-10-21,URUGUAY,Beef Trim,80,0-15 Days,,,,USD/cwt,FOB/TIS,https://esmis.nal.usda.gov/sites/default/release-files/c821gj77m/5m60rh24h/df65vz79w/NW_LS421.TXT
2020-10-21,URUGUAY,Beef Trim,75,0-15 Days,,,,USD/cwt,FOB/TIS,https://esmis.nal.usda.gov/sites/default/release-files/c821gj77m/5m60rh24h/df65vz79w/NW_LS421.TXT
2020-10-23,AUSTRALIA AND NEW ZEALAND,Beef Trim,85,0-15 Days,East Coast,198.00,200.00,USD/cwt,FOB/TIS,https://esmis.nal.usda.gov/sites/default/release-files/c821gj77m/b8516d18h/sx61f998w/NW_LS421.TXT
2020-10-23,AUSTRALIA AND NEW ZEALAND,Beef Trim,80,0-15 Days,East Coast,188.00,190.00,USD/cwt,FOB/TIS,https://esmis.nal.usda.gov/sites/default/release-files/c821gj77m/b8516d18h/sx61f998w/NW_LS421.TXT
2020-10-23,AUSTRALIA AND NEW ZEALAND,Beef Trim,75,0-15 Days,East Coast,178.00,178.00,USD/cwt,FOB/TIS,https://esmis.nal.usda.gov/sites/default/release-files/c821gj77m/b8516d18h/sx61f998w/NW_LS421.TXT
2020-10-23,AUSTRALIA AND NEW ZEALAND,Beef Trim,70,0-15 Days,East Coast,,,USD/cwt,FOB/TIS,https://esmis.nal.usda.gov/sites/default/release-files/c821gj77m/b8516d18h/sx61f998w/NW_LS421.TXT
2020-10-23,AUSTRALIA AND NEW ZEALAND,Beef Trim,65,0-15 Days,East Coast,,,USD/cwt,FOB/TIS,https://esmis.nal.usda.gov/sites/default/release-files/c821gj77m/b8516d18h/sx61f998w/NW_LS421.TXT
2020-10-23,URUGUAY,Beef Trim,85,0-15 Days,,,,USD/cwt,FOB/TIS,https://esmis.nal.usda.gov/sites/default/release-files/c821gj77m/b8516d18h/sx61f998w/NW_LS421.TXT
2020-10-23,URUGUAY,Beef Trim,80,0-15 Days,,,,USD/cwt,FOB/TIS,https://esmis.nal.usda.gov/sites/default/release-files/c821gj77m/b8516d18h/sx61f998w/NW_LS421.TXT
2020-10-23,URUGUAY,Beef Trim,75,0-15 Days,,,,USD/cwt,FOB/TIS,https://esmis.nal.usda.gov/sites/default/release-files/c821gj77m/b8516d18h/sx61f998w/NW_LS421.TXT
2020-10-28,AUSTRALIA AND NEW ZEALAND,Beef Trim,85,0-15 Days,East Coast,197.00,199.00,USD/cwt,FOB/TIS,https://esmis.nal.usda.gov/sites/default/release-files/c821gj77m/5425m234p/jm215d81p/NW_LS421.TXT
2020-10-28,AUSTRALIA AND NEW ZEALAND,Beef Trim,80,0-15 Days,East Coast,188.00,190.00,USD/cwt,FOB/TIS,https://esmis.nal.usda.gov/sites/default/release-files/c821gj77m/5425m234p/jm215d81p/NW_LS421.TXT
2020-10-28,AUSTRALIA AND NEW ZEALAND,Beef Trim,75,0-15 Days,East Coast,176.00,178.00,USD/cwt,FOB/TIS,https://esmis.nal.usda.gov/sites/default/release-files/c821gj77m/5425m234p/jm215d81p/NW_LS421.TXT
2020-10-28,AUSTRALIA AND NEW ZEALAND,Beef Trim,70,0-15 Days,East Coast,,,USD/cwt,FOB/TIS,https://esmis.nal.usda.gov/sites/default/release-files/c821gj77m/5425m234p/jm215d81p/NW_LS421.TXT
2020-10-28,AUSTRALIA AND NEW ZEALAND,Beef Trim,65,0-15 Days,East Coast,,,USD/cwt,FOB/TIS,https://esmis.nal.usda.gov/sites/default/release-files/c821gj77m/5425m234p/jm215d81p/NW_LS421.TXT
2020-10-28,URUGUAY,Beef Trim,85,0-15 Days,,,,USD/cwt,FOB/TIS,https://esmis.nal.usda.gov/sites/default/release-files/c821gj77m/5425m234p/jm215d81p/NW_LS421.TXT
2020-10-28,URUGUAY,Beef Trim,80,0-15 Days,,,,USD/cwt,FOB/TIS,https://esmis.nal.usda.gov/sites/default/release-files/c821gj77m/5425m234p/jm215d81p/NW_LS421.TXT
2020-10-28,URUGUAY,Beef Trim,75,0-15 Days,,,,USD/cwt,FOB/TIS,https://esmis.nal.usda.gov/sites/default/release-files/c821gj77m/5425m234p/jm215d81p/NW_LS421.TXT
2020-10-30,AUSTRALIA AND NEW ZEALAND,Beef Trim,85,0-15 Days,East Coast,197.00,199.00,USD/cwt,FOB/TIS,https://esmis.nal.usda.gov/sites/default/release-files/c821gj77m/2j62sv783/qr46rq90s/NW_LS421.TXT
2020-10-30,AUSTRALIA AND NEW ZEALAND,Beef Trim,80,0-15 Days,East Coast,188.00,190.00,USD/cwt,FOB/TIS,https://esmis.nal.usda.gov/sites/default/release-files/c821gj77m/2j62sv783/qr46rq90s/NW_LS421.TXT
2020-10-30,AUSTRALIA AND NEW ZEALAND,Beef Trim,75,0-15 Days,East Coast,176.00,178.00,USD/cwt,FOB/TIS,https://esmis.nal.usda.gov/sites/default/release-files/c821gj77m/2j62sv783/qr46rq90s/NW_LS421.TXT
2020-10-30,AUSTRALIA AND NEW ZEALAND,Beef Trim,70,0-15 Days,East Coast,,,USD/cwt,FOB/TIS,https://esmis.nal.usda.gov/sites/default/release-files/c821gj77m/2j62sv783/qr46rq90s/NW_LS421.TXT
2020-10-30,AUSTRALIA AND NEW ZEALAND,Beef Trim,65,0-15 Days,East Coast,,,USD/cwt,FOB/TIS,https://esmis.nal.usda.gov/sites/default/release-files/c821gj77m/2j62sv783/qr46rq90s/NW_LS421.TXT
2020-10-30,URUGUAY,Beef Trim,85,0-15 Days,,,,USD/cwt,FOB/TIS,https://esmis.nal.usda.gov/sites/default/release-files/c821gj77m/2j62sv783/qr46rq90s/NW_LS421.TXT
2020-10-30,URUGUAY,Beef Trim,80,0-15 Days,,,,USD/cwt,FOB/TIS,https://esmis.nal.usda.gov/sites/default/release-files/c821gj77m/2j62sv783/qr46rq90s/NW_LS421.TXT
2020-10-30,URUGUAY,Beef Trim,75,0-15 Days,,,,USD/cwt,FOB/TIS,https://esmis.nal.usda.gov/sites/default/release-files/c821gj77m/2j62sv783/qr46rq90s/NW_LS421.TXT
2020-11-04,AUSTRALIA AND NEW ZEALAND,Beef Trim,85,0-15 Days,East Coast,,,USD/cwt,FOB/TIS,https://esmis.nal.usda.gov/sites/default/release-files/c821gj77m/1544cd77b/pc28b7989/NW_LS421.TXT
2020-11-04,AUSTRALIA AND NEW ZEALAND,Beef Trim,80,0-15 Days,East Coast,,,USD/cwt,FOB/TIS,https://esmis.nal.usda.gov/sites/default/release-files/c821gj77m/1544cd77b/pc28b7989/NW_LS421.TXT
2020-11-04,AUSTRALIA AND NEW ZEALAND,Beef Trim,75,0-15 Days,East Coast,,,USD/cwt,FOB/TIS,https://esmis.nal.usda.gov/sites/default/release-files/c821gj77m/1544cd77b/pc28b7989/NW_LS421.TXT
2020-11-04,AUSTRALIA AND NEW ZEALAND,Beef Trim,70,0-15 Days,East Coast,,,USD/cwt,FOB/TIS,https://esmis.nal.usda.gov/sites/default/release-files/c821gj77m/1544cd77b/pc28b7989/NW_LS421.TXT
2020-11-04,AUSTRALIA AND NEW ZEALAND,Beef Trim,65,0-15 Days,East Coast,,,USD/cwt,FOB/TIS,https://esmis.nal.usda.gov/sites/default/release-files/c821gj77m/1544cd77b/pc28b7989/NW_LS421.TXT
2020-11-04,URUGUAY,Beef Trim,85,0-15 Days,,,,USD/cwt,FOB/TIS,https://esmis.nal.usda.gov/sites/default/release-files/c821gj77m/1544cd77b/pc28b7989/NW_LS421.TXT
2020-11-04,URUGUAY,Beef Trim,80,0-15 Days,,,,USD/cwt,FOB/TIS,https://esmis.nal.usda.gov/sites/default/release-files/c821gj77m/1544cd77b/pc28b7989/NW_LS421.TXT
2020-11-04,URUGUAY,Beef Trim,75,0-15 Days,,,,USD/cwt,FOB/TIS,https://esmis.nal.usda.gov/sites/default/release-files/c821gj77m/1544cd77b/pc28b7989/NW_LS421.TXT
2020-11-06,AUSTRALIA AND NEW ZEALAND,Beef Trim,85,0-15 Days,East Coast,,,USD/cwt,FOB/TIS,https://esmis.nal.usda.gov/sites/default/release-files/c821gj77m/w6634t80x/9z903q96v/NW_LS421.TXT
2020-11-06,AUSTRALIA AND NEW ZEALAND,Beef Trim,80,0-15 Days,East Coast,,,USD/cwt,FOB/TIS,https://esmis.nal.usda.gov/sites/default/release-files/c821gj77m/w6634t80x/9z903q96v/NW_LS421.TXT
2020-11-06,AUSTRALIA AND NEW ZEALAND,Beef Trim,75,0-15 Days,East Coast,,,USD/cwt,FOB/TIS,https://esmis.nal.usda.gov/sites/default/release-files/c821gj77m/w6634t80x/9z903q96v/NW_LS421.TXT
2020-11-06,AUSTRALIA AND NEW ZEALAND,Beef Trim,70,0-15 Days,East Coast,,,USD/cwt,FOB/TIS,https://esmis.nal.usda.gov/sites/default/release-files/c821gj77m/w6634t80x/9z903q96v/NW_LS421.TXT
2020-11-06,AUSTRALIA AND NEW ZEALAND,Beef Trim,65,0-15 Days,East Coast,,,USD/cwt,FOB/TIS,https://esmis.nal.usda.gov/sites/default/release-files/c821gj77m/w6634t80x/9z903q96v/NW_LS421.TXT
2020-11-06,URUGUAY,Beef Trim,85,0-15 Days,,,,USD/cwt,FOB/TIS,https://esmis.nal.usda.gov/sites/default/release-files/c821gj77m/w6634t80x/9z903q96v/NW_LS421.TXT
2020-11-06,URUGUAY,Beef Trim,80,0-15 Days,,,,USD/cwt,FOB/TIS,https://esmis.nal.usda.gov/sites/default/release-files/c821gj77m/w6634t80x/9z903q96v/NW_LS421.TXT
2020-11-06,URUGUAY,Beef Trim,75,0-15 Days,,,,USD/cwt,FOB/TIS,https://esmis.nal.usda.gov/sites/default/release-files/c821gj77m/w6634t80x/9z903q96v/NW_LS421.TXT
2020-11-11,AUSTRALIA AND NEW ZEALAND,Beef Trim,85,0-15 Days,East Coast,,,USD/cwt,FOB/TIS,https://esmis.nal.usda.gov/sites/default/release-files/c821gj77m/br86bv32p/rr172p12m/NW_LS421.TXT
2020-11-11,AUSTRALIA AND NEW ZEALAND,Beef Trim,80,0-15 Days,East Coast,,,USD/cwt,FOB/TIS,https://esmis.nal.usda.gov/sites/default/release-files/c821gj77m/br86bv32p/rr172p12m/NW_LS421.TXT
2020-11-11,AUSTRALIA AND NEW ZEALAND,Beef Trim,75,0-15 Days,East Coast,,,USD/cwt,FOB/TIS,https://esmis.nal.usda.gov/sites/default/release-files/c821gj77m/br86bv32p/rr172p12m/NW_LS421.TXT
2020-11-11,AUSTRALIA AND NEW ZEALAND,Beef Trim,70,0-15 Days,East Coast,,,USD/cwt,FOB/TIS,https://esmis.nal.usda.gov/sites/default/release-files/c821gj77m/br86bv32p/rr172p12m/NW_LS421.TXT
2020-11-11,AUSTRALIA AND NEW ZEALAND,Beef Trim,65,0-15 Days,East Coast,,,USD/cwt,FOB/TIS,https://esmis.nal.usda.gov/sites/default/release-files/c821gj77m/br86bv32p/rr172p12m/NW_LS421.TXT
2020-11-11,URUGUAY,Beef Trim,85,0-15 Days,,,,USD/cwt,FOB/TIS,https://esmis.nal.usda.gov/sites/default/release-files/c821gj77m/br86bv32p/rr172p12m/NW_LS421.TXT
2020-11-11,URUGUAY,Beef Trim,80,0-15 Days,,,,USD/cwt,FOB/TIS,https://esmis.nal.usda.gov/sites/default/release-files/c821gj77m/br86bv32p/rr172p12m/NW_LS421.TXT
2020-11-11,URUGUAY,Beef Trim,75,0-15 Days,,,,USD/cwt,FOB/TIS,https://esmis.nal.usda.gov/sites/default/release-files/c821gj77m/br86bv32p/rr172p12m/NW_LS421.TXT
2020-11-13,AUSTRALIA AND NEW ZEALAND,Beef Trim,85,0-15 Days,East Coast,,,USD/cwt,FOB/TIS,https://esmis.nal.usda.gov/sites/default/release-files/c821gj77m/2z10xf23r/g158c7927/NW_LS421.TXT
2020-11-13,AUSTRALIA AND NEW ZEALAND,Beef Trim,80,0-15 Days,East Coast,,,USD/cwt,FOB/TIS,https://esmis.nal.usda.gov/sites/default/release-files/c821gj77m/2z10xf23r/g158c7927/NW_LS421.TXT
2020-11-13,AUSTRALIA AND NEW ZEALAND,Beef Trim,75,0-15 Days,East Coast,,,USD/cwt,FOB/TIS,https://esmis.nal.usda.gov/sites/default/release-files/c821gj77m/2z10xf23r/g158c7927/NW_LS421.TXT
2020-11-13,AUSTRALIA AND NEW ZEALAND,Beef Trim,70,0-15 Days,East Coast,,,USD/cwt,FOB/TIS,https://esmis.nal.usda.gov/sites/default/release-files/c821gj77m/2z10xf23r/g158c7927/NW_LS421.TXT
2020-11-13,AUSTRALIA AND NEW ZEALAND,Beef Trim,65,0-15 Days,East Coast,,,USD/cwt,FOB/TIS,https://esmis.nal.usda.gov/sites/default/release-files/c821gj77m/2z10xf23r/g158c7927/NW_LS421.TXT
2020-11-13,URUGUAY,Beef Trim,85,0-15 Days,,,,USD/cwt,FOB/TIS,https://esmis.nal.usda.gov/sites/default/release-files/c821gj77m/2z10xf23r/g158c7927/NW_LS421.TXT
2020-11-13,URUGUAY,Beef Trim,80,0-15 Days,,,,USD/cwt,FOB/TIS,https://esmis.nal.usda.gov/sites/default/release-files/c821gj77m/2z10xf23r/g158c7927/NW_LS421.TXT
2020-11-13,URUGUAY,Beef Trim,75,0-15 Days,,,,USD/cwt,FOB/TIS,https://esmis.nal.usda.gov/sites/default/release-files/c821gj77m/2z10xf23r/g158c7927/NW_LS421.TXT
2020-11-18,AUSTRALIA AND NEW ZEALAND,Beef Trim,85,0-15 Days,East Coast,199.00,202.00,USD/cwt,FOB/TIS,https://esmis.nal.usda.gov/sites/default/release-files/c821gj77m/n8710f852/dv140j63c/NW_LS421.TXT
2020-11-18,AUSTRALIA AND NEW ZEALAND,Beef Trim,80,0-15 Days,East Coast,188.00,189.00,USD/cwt,FOB/TIS,https://esmis.nal.usda.gov/sites/default/release-files/c821gj77m/n8710f852/dv140j63c/NW_LS421.TXT
2020-11-18,AUSTRALIA AND NEW ZEALAND,Beef Trim,75,0-15 Days,East Coast,175.00,176.00,USD/cwt,FOB/TIS,https://esmis.nal.usda.gov/sites/default/release-files/c821gj77m/n8710f852/dv140j63c/NW_LS421.TXT
2020-11-18,AUSTRALIA AND NEW ZEALAND,Beef Trim,70,0-15 Days,East Coast,,,USD/cwt,FOB/TIS,https://esmis.nal.usda.gov/sites/default/release-files/c821gj77m/n8710f852/dv140j63c/NW_LS421.TXT
2020-11-18,AUSTRALIA AND NEW ZEALAND,Beef Trim,65,0-15 Days,East Coast,,,USD/cwt,FOB/TIS,https://esmis.nal.usda.gov/sites/default/release-files/c821gj77m/n8710f852/dv140j63c/NW_LS421.TXT
2020-11-18,URUGUAY,Beef Trim,85,0-15 Days,,,,USD/cwt,FOB/TIS,https://esmis.nal.usda.gov/sites/default/release-files/c821gj77m/n8710f852/dv140j63c/NW_LS421.TXT
2020-11-18,URUGUAY,Beef Trim,80,0-15 Days,,,,USD/cwt,FOB/TIS,https://esmis.nal.usda.gov/sites/default/release-files/c821gj77m/n8710f852/dv140j63c/NW_LS421.TXT
2020-11-18,URUGUAY,Beef Trim,75,0-15 Days,,,,USD/cwt,FOB/TIS,https://esmis.nal.usda.gov/sites/default/release-files/c821gj77m/n8710f852/dv140j63c/NW_LS421.TXT
2020-11-20,AUSTRALIA AND NEW ZEALAND,Beef Trim,85,0-15 Days,East Coast,199.00,202.00,USD/cwt,FOB/TIS,https://esmis.nal.usda.gov/sites/default/release-files/c821gj77m/h702qz13r/6d570p85z/NW_LS421.TXT
2020-11-20,AUSTRALIA AND NEW ZEALAND,Beef Trim,80,0-15 Days,East Coast,188.00,189.00,USD/cwt,FOB/TIS,https://esmis.nal.usda.gov/sites/default/release-files/c821gj77m/h702qz13r/6d570p85z/NW_LS421.TXT
2020-11-20,AUSTRALIA AND NEW ZEALAND,Beef Trim,75,0-15 Days,East Coast,175.00,176.00,USD/cwt,FOB/TIS,https://esmis.nal.usda.gov/sites/default/release-files/c821gj77m/h702qz13r/6d570p85z/NW_LS421.TXT
2020-11-20,AUSTRALIA AND NEW ZEALAND,Beef Trim,70,0-15 Days,East Coast,,,USD/cwt,FOB/TIS,https://esmis.nal.usda.gov/sites/default/release-files/c821gj77m/h702qz13r/6d570p85z/NW_LS421.TXT
2020-11-20,AUSTRALIA AND NEW ZEALAND,Beef Trim,65,0-15 Days,East Coast,,,USD/cwt,FOB/TIS,https://esmis.nal.usda.gov/sites/default/release-files/c821gj77m/h702qz13r/6d570p85z/NW_LS421.TXT
2020-11-20,URUGUAY,Beef Trim,85,0-15 Days,,,,USD/cwt,FOB/TIS,https://esmis.nal.usda.gov/sites/default/release-files/c821gj77m/h702qz13r/6d570p85z/NW_LS421.TXT
2020-11-20,URUGUAY,Beef Trim,80,0-15 Days,,,,USD/cwt,FOB/TIS,https://esmis.nal.usda.gov/sites/default/release-files/c821gj77m/h702qz13r/6d570p85z/NW_LS421.TXT
2020-11-20,URUGUAY,Beef Trim,75,0-15 Days,,,,USD/cwt,FOB/TIS,https://esmis.nal.usda.gov/sites/default/release-files/c821gj77m/h702qz13r/6d570p85z/NW_LS421.TXT
2020-11-25,AUSTRALIA AND NEW ZEALAND,Beef Trim,85,0-15 Days,East Coast,,,USD/cwt,FOB/TIS,https://esmis.nal.usda.gov/sites/default/release-files/c821gj77m/m039kx205/9593vm044/NW_LS421.TXT
2020-11-25,AUSTRALIA AND NEW ZEALAND,Beef Trim,80,0-15 Days,East Coast,,,USD/cwt,FOB/TIS,https://esmis.nal.usda.gov/sites/default/release-files/c821gj77m/m039kx205/9593vm044/NW_LS421.TXT
2020-11-25,AUSTRALIA AND NEW ZEALAND,Beef Trim,75,0-15 Days,East Coast,,,USD/cwt,FOB/TIS,https://esmis.nal.usda.gov/sites/default/release-files/c821gj77m/m039kx205/9593vm044/NW_LS421.TXT
2020-11-25,AUSTRALIA AND NEW ZEALAND,Beef Trim,70,0-15 Days,East Coast,,,USD/cwt,FOB/TIS,https://esmis.nal.usda.gov/sites/default/release-files/c821gj77m/m039kx205/9593vm044/NW_LS421.TXT
2020-11-25,AUSTRALIA AND NEW ZEALAND,Beef Trim,65,0-15 Days,East Coast,,,USD/cwt,FOB/TIS,https://esmis.nal.usda.gov/sites/default/release-files/c821gj77m/m039kx205/9593vm044/NW_LS421.TXT
2020-11-25,URUGUAY,Beef Trim,85,0-15 Days,,,,USD/cwt,FOB/TIS,https://esmis.nal.usda.gov/sites/default/release-files/c821gj77m/m039kx205/9593vm044/NW_LS421.TXT
2020-11-25,URUGUAY,Beef Trim,80,0-15 Days,,,,USD/cwt,FOB/TIS,https://esmis.nal.usda.gov/sites/default/release-files/c821gj77m/m039kx205/9593vm044/NW_LS421.TXT
2020-11-25,URUGUAY,Beef Trim,75,0-15 Days,,,,USD/cwt,FOB/TIS,https://esmis.nal.usda.gov/sites/default/release-files/c821gj77m/m039kx205/9593vm044/NW_LS421.TXT
2020-11-27,AUSTRALIA AND NEW ZEALAND,Beef Trim,85,0-15 Days,East Coast,,,USD/cwt,FOB/TIS,https://esmis.nal.usda.gov/sites/default/release-files/c821gj77m/c821hb173/cr56nr92s/NW_LS421.TXT
2020-11-27,AUSTRALIA AND NEW ZEALAND,Beef Trim,80,0-15 Days,East Coast,,,USD/cwt,FOB/TIS,https://esmis.nal.usda.gov/sites/default/release-files/c821gj77m/c821hb173/cr56nr92s/NW_LS421.TXT
2020-11-27,AUSTRALIA AND NEW ZEALAND,Beef Trim,75,0-15 Days,East Coast,,,USD/cwt,FOB/TIS,https://esmis.nal.usda.gov/sites/default/release-files/c821gj77m/c821hb173/cr56nr92s/NW_LS421.TXT
2020-11-27,AUSTRALIA AND NEW ZEALAND,Beef Trim,70,0-15 Days,East Coast,,,USD/cwt,FOB/TIS,https://esmis.nal.usda.gov/sites/default/release-files/c821gj77m/c821hb173/cr56nr92s/NW_LS421.TXT
2020-11-27,AUSTRALIA AND NEW ZEALAND,Beef Trim,65,0-15 Days,East Coast,,,USD/cwt,FOB/TIS,https://esmis.nal.usda.gov/sites/default/release-files/c821gj77m/c821hb173/cr56nr92s/NW_LS421.TXT
2020-11-27,URUGUAY,Beef Trim,85,0-15 Days,,,,USD/cwt,FOB/TIS,https://esmis.nal.usda.gov/sites/default/release-files/c821gj77m/c821hb173/cr56nr92s/NW_LS421.TXT
2020-11-27,URUGUAY,Beef Trim,80,0-15 Days,,,,USD/cwt,FOB/TIS,https://esmis.nal.usda.gov/sites/default/release-files/c821gj77m/c821hb173/cr56nr92s/NW_LS421.TXT
2020-11-27,URUGUAY,Beef Trim,75,0-15 Days,,,,USD/cwt,FOB/TIS,https://esmis.nal.usda.gov/sites/default/release-files/c821gj77m/c821hb173/cr56nr92s/NW_LS421.TXT
2020-12-02,AUSTRALIA AND NEW ZEALAND,Beef Trim,85,0-15 Days,East Coast,,,USD/cwt,FOB/TIS,https://esmis.nal.usda.gov/sites/default/release-files/c821gj77m/k643bs24w/bc387971j/NW_LS421.TXT
2020-12-02,AUSTRALIA AND NEW ZEALAND,Beef Trim,80,0-15 Days,East Coast,,,USD/cwt,FOB/TIS,https://esmis.nal.usda.gov/sites/default/release-files/c821gj77m/k643bs24w/bc387971j/NW_LS421.TXT
2020-12-02,AUSTRALIA AND NEW ZEALAND,Beef Trim,75,0-15 Days,East Coast,,,USD/cwt,FOB/TIS,https://esmis.nal.usda.gov/sites/default/release-files/c821gj77m/k643bs24w/bc387971j/NW_LS421.TXT
2020-12-02,AUSTRALIA AND NEW ZEALAND,Beef Trim,70,0-15 Days,East Coast,,,USD/cwt,FOB/TIS,https://esmis.nal.usda.gov/sites/default/release-files/c821gj77m/k643bs24w/bc387971j/NW_LS421.TXT
2020-12-02,AUSTRALIA AND NEW ZEALAND,Beef Trim,65,0-15 Days,East Coast,,,USD/cwt,FOB/TIS,https://esmis.nal.usda.gov/sites/default/release-files/c821gj77m/k643bs24w/bc387971j/NW_LS421.TXT
2020-12-02,URUGUAY,Beef Trim,85,0-15 Days,,,,USD/cwt,FOB/TIS,https://esmis.nal.usda.gov/sites/default/release-files/c821gj77m/k643bs24w/bc387971j/NW_LS421.TXT
2020-12-02,URUGUAY,Beef Trim,80,0-15 Days,,,,USD/cwt,FOB/TIS,https://esmis.nal.usda.gov/sites/default/release-files/c821gj77m/k643bs24w/bc387971j/NW_LS421.TXT
2020-12-02,URUGUAY,Beef Trim,75,0-15 Days,,,,USD/cwt,FOB/TIS,https://esmis.nal.usda.gov/sites/default/release-files/c821gj77m/k643bs24w/bc387971j/NW_LS421.TXT
2020-12-04,AUSTRALIA AND NEW ZEALAND,Beef Trim,85,0-15 Days,East Coast,,,USD/cwt,FOB/TIS,https://esmis.nal.usda.gov/sites/default/release-files/c821gj77m/cz30qj864/cc08j6385/NW_LS421.TXT
2020-12-04,AUSTRALIA AND NEW ZEALAND,Beef Trim,80,0-15 Days,East Coast,,,USD/cwt,FOB/TIS,https://esmis.nal.usda.gov/sites/default/release-files/c821gj77m/cz30qj864/cc08j6385/NW_LS421.TXT
2020-12-04,AUSTRALIA AND NEW ZEALAND,Beef Trim,75,0-15 Days,East Coast,,,USD/cwt,FOB/TIS,https://esmis.nal.usda.gov/sites/default/release-files/c821gj77m/cz30qj864/cc08j6385/NW_LS421.TXT
2020-12-04,AUSTRALIA AND NEW ZEALAND,Beef Trim,70,0-15 Days,East Coast,,,USD/cwt,FOB/TIS,https://esmis.nal.usda.gov/sites/default/release-files/c821gj77m/cz30qj864/cc08j6385/NW_LS421.TXT
2020-12-04,AUSTRALIA AND NEW ZEALAND,Beef Trim,65,0-15 Days,East Coast,,,USD/cwt,FOB/TIS,https://esmis.nal.usda.gov/sites/default/release-files/c821gj77m/cz30qj864/cc08j6385/NW_LS421.TXT
2020-12-04,URUGUAY,Beef Trim,85,0-15 Days,,,,USD/cwt,FOB/TIS,https://esmis.nal.usda.gov/sites/default/release-files/c821gj77m/cz30qj864/cc08j6385/NW_LS421.TXT
2020-12-04,URUGUAY,Beef Trim,80,0-15 Days,,,,USD/cwt,FOB/TIS,https://esmis.nal.usda.gov/sites/default/release-files/c821gj77m/cz30qj864/cc08j6385/NW_LS421.TXT
2020-12-04,URUGUAY,Beef Trim,75,0-15 Days,,,,USD/cwt,FOB/TIS,https://esmis.nal.usda.gov/sites/default/release-files/c821gj77m/cz30qj864/cc08j6385/NW_LS421.TXT
2020-12-09,AUSTRALIA AND NEW ZEALAND,Beef Trim,85,0-15 Days,East Coast,200.00,200.00,USD/cwt,FOB/TIS,https://esmis.nal.usda.gov/sites/default/release-files/c821gj77m/s46566824/pn89dz53z/NW_LS421.TXT
2020-12-09,AUSTRALIA AND NEW ZEALAND,Beef Trim,80,0-15 Days,East Coast,183.00,185.00,USD/cwt,FOB/TIS,https://esmis.nal.usda.gov/sites/default/release-files/c821gj77m/s46566824/pn89dz53z/NW_LS421.TXT
2020-12-09,AUSTRALIA AND NEW ZEALAND,Beef Trim,75,0-15 Days,East Coast,175.00,175.00,USD/cwt,FOB/TIS,https://esmis.nal.usda.gov/sites/default/release-files/c821gj77m/s46566824/pn89dz53z/NW_LS421.TXT
2020-12-09,AUSTRALIA AND NEW ZEALAND,Beef Trim,70,0-15 Days,East Coast,,,USD/cwt,FOB/TIS,https://esmis.nal.usda.gov/sites/default/release-files/c821gj77m/s46566824/pn89dz53z/NW_LS421.TXT
2020-12-09,AUSTRALIA AND NEW ZEALAND,Beef Trim,65,0-15 Days,East Coast,,,USD/cwt,FOB/TIS,https://esmis.nal.usda.gov/sites/default/release-files/c821gj77m/s46566824/pn89dz53z/NW_LS421.TXT
2020-12-09,URUGUAY,Beef Trim,85,0-15 Days,,,,USD/cwt,FOB/TIS,https://esmis.nal.usda.gov/sites/default/release-files/c821gj77m/s46566824/pn89dz53z/NW_LS421.TXT
2020-12-09,URUGUAY,Beef Trim,80,0-15 Days,,,,USD/cwt,FOB/TIS,https://esmis.nal.usda.gov/sites/default/release-files/c821gj77m/s46566824/pn89dz53z/NW_LS421.TXT
2020-12-09,URUGUAY,Beef Trim,75,0-15 Days,,,,USD/cwt,FOB/TIS,https://esmis.nal.usda.gov/sites/default/release-files/c821gj77m/s46566824/pn89dz53z/NW_LS421.TXT
2020-12-11,AUSTRALIA AND NEW ZEALAND,Beef Trim,85,0-15 Days,East Coast,200.00,200.00,USD/cwt,FOB/TIS,https://esmis.nal.usda.gov/sites/default/release-files/c821gj77m/m326mt09d/1j92h105h/NW_LS421.TXT
2020-12-11,AUSTRALIA AND NEW ZEALAND,Beef Trim,80,0-15 Days,East Coast,183.00,185.00,USD/cwt,FOB/TIS,https://esmis.nal.usda.gov/sites/default/release-files/c821gj77m/m326mt09d/1j92h105h/NW_LS421.TXT
2020-12-11,AUSTRALIA AND NEW ZEALAND,Beef Trim,75,0-15 Days,East Coast,175.00,175.00,USD/cwt,FOB/TIS,https://esmis.nal.usda.gov/sites/default/release-files/c821gj77m/m326mt09d/1j92h105h/NW_LS421.TXT
2020-12-11,AUSTRALIA AND NEW ZEALAND,Beef Trim,70,0-15 Days,East Coast,,,USD/cwt,FOB/TIS,https://esmis.nal.usda.gov/sites/default/release-files/c821gj77m/m326mt09d/1j92h105h/NW_LS421.TXT
2020-12-11,AUSTRALIA AND NEW ZEALAND,Beef Trim,65,0-15 Days,East Coast,,,USD/cwt,FOB/TIS,https://esmis.nal.usda.gov/sites/default/release-files/c821gj77m/m326mt09d/1j92h105h/NW_LS421.TXT
2020-12-11,URUGUAY,Beef Trim,85,0-15 Days,,,,USD/cwt,FOB/TIS,https://esmis.nal.usda.gov/sites/default/release-files/c821gj77m/m326mt09d/1j92h105h/NW_LS421.TXT
2020-12-11,URUGUAY,Beef Trim,80,0-15 Days,,,,USD/cwt,FOB/TIS,https://esmis.nal.usda.gov/sites/default/release-files/c821gj77m/m326mt09d/1j92h105h/NW_LS421.TXT
2020-12-11,URUGUAY,Beef Trim,75,0-15 Days,,,,USD/cwt,FOB/TIS,https://esmis.nal.usda.gov/sites/default/release-files/c821gj77m/m326mt09d/1j92h105h/NW_LS421.TXT
2020-12-16,AUSTRALIA AND NEW ZEALAND,Beef Trim,85,0-15 Days,East Coast,200.00,200.00,USD/cwt,FOB/TIS,https://esmis.nal.usda.gov/sites/default/release-files/c821gj77m/05742j02t/c534gd80d/NW_LS421.TXT
2020-12-16,AUSTRALIA AND NEW ZEALAND,Beef Trim,80,0-15 Days,East Coast,183.00,185.00,USD/cwt,FOB/TIS,https://esmis.nal.usda.gov/sites/default/release-files/c821gj77m/05742j02t/c534gd80d/NW_LS421.TXT
2020-12-16,AUSTRALIA AND NEW ZEALAND,Beef Trim,75,0-15 Days,East Coast,175.00,175.00,USD/cwt,FOB/TIS,https://esmis.nal.usda.gov/sites/default/release-files/c821gj77m/05742j02t/c534gd80d/NW_LS421.TXT
2020-12-16,AUSTRALIA AND NEW ZEALAND,Beef Trim,70,0-15 Days,East Coast,,,USD/cwt,FOB/TIS,https://esmis.nal.usda.gov/sites/default/release-files/c821gj77m/05742j02t/c534gd80d/NW_LS421.TXT
2020-12-16,AUSTRALIA AND NEW ZEALAND,Beef Trim,65,0-15 Days,East Coast,,,USD/cwt,FOB/TIS,https://esmis.nal.usda.gov/sites/default/release-files/c821gj77m/05742j02t/c534gd80d/NW_LS421.TXT
2020-12-16,URUGUAY,Beef Trim,85,0-15 Days,,,,USD/cwt,FOB/TIS,https://esmis.nal.usda.gov/sites/default/release-files/c821gj77m/05742j02t/c534gd80d/NW_LS421.TXT
2020-12-16,URUGUAY,Beef Trim,80,0-15 Days,,,,USD/cwt,FOB/TIS,https://esmis.nal.usda.gov/sites/default/release-files/c821gj77m/05742j02t/c534gd80d/NW_LS421.TXT
2020-12-16,URUGUAY,Beef Trim,75,0-15 Days,,,,USD/cwt,FOB/TIS,https://esmis.nal.usda.gov/sites/default/release-files/c821gj77m/05742j02t/c534gd80d/NW_LS421.TXT
2020-12-18,AUSTRALIA AND NEW ZEALAND,Beef Trim,85,0-15 Days,East Coast,200.00,200.00,USD/cwt,FOB/TIS,https://esmis.nal.usda.gov/sites/default/release-files/c821gj77m/1544cf92n/xs55n4943/NW_LS421.TXT
2020-12-18,AUSTRALIA AND NEW ZEALAND,Beef Trim,80,0-15 Days,East Coast,183.00,185.00,USD/cwt,FOB/TIS,https://esmis.nal.usda.gov/sites/default/release-files/c821gj77m/1544cf92n/xs55n4943/NW_LS421.TXT
2020-12-18,AUSTRALIA AND NEW ZEALAND,Beef Trim,75,0-15 Days,East Coast,175.00,175.00,USD/cwt,FOB/TIS,https://esmis.nal.usda.gov/sites/default/release-files/c821gj77m/1544cf92n/xs55n4943/NW_LS421.TXT
2020-12-18,AUSTRALIA AND NEW ZEALAND,Beef Trim,70,0-15 Days,East Coast,,,USD/cwt,FOB/TIS,https://esmis.nal.usda.gov/sites/default/release-files/c821gj77m/1544cf92n/xs55n4943/NW_LS421.TXT
2020-12-18,AUSTRALIA AND NEW ZEALAND,Beef Trim,65,0-15 Days,East Coast,,,USD/cwt,FOB/TIS,https://esmis.nal.usda.gov/sites/default/release-files/c821gj77m/1544cf92n/xs55n4943/NW_LS421.TXT
2020-12-18,URUGUAY,Beef Trim,85,0-15 Days,,,,USD/cwt,FOB/TIS,https://esmis.nal.usda.gov/sites/default/release-files/c821gj77m/1544cf92n/xs55n4943/NW_LS421.TXT
2020-12-18,URUGUAY,Beef Trim,80,0-15 Days,,,,USD/cwt,FOB/TIS,https://esmis.nal.usda.gov/sites/default/release-files/c821gj77m/1544cf92n/xs55n4943/NW_LS421.TXT
2020-12-18,URUGUAY,Beef Trim,75,0-15 Days,,,,USD/cwt,FOB/TIS,https://esmis.nal.usda.gov/sites/default/release-files/c821gj77m/1544cf92n/xs55n4943/NW_LS421.TXT
2020-12-23,AUSTRALIA AND NEW ZEALAND,Beef Trim,85,0-15 Days,East Coast,,,USD/cwt,FOB/TIS,https://esmis.nal.usda.gov/sites/default/release-files/c821gj77m/fx71bd20v/mk61s886r/NW_LS421.TXT
2020-12-23,AUSTRALIA AND NEW ZEALAND,Beef Trim,80,0-15 Days,East Coast,,,USD/cwt,FOB/TIS,https://esmis.nal.usda.gov/sites/default/release-files/c821gj77m/fx71bd20v/mk61s886r/NW_LS421.TXT
2020-12-23,AUSTRALIA AND NEW ZEALAND,Beef Trim,75,0-15 Days,East Coast,,,USD/cwt,FOB/TIS,https://esmis.nal.usda.gov/sites/default/release-files/c821gj77m/fx71bd20v/mk61s886r/NW_LS421.TXT
2020-12-23,AUSTRALIA AND NEW ZEALAND,Beef Trim,70,0-15 Days,East Coast,,,USD/cwt,FOB/TIS,https://esmis.nal.usda.gov/sites/default/release-files/c821gj77m/fx71bd20v/mk61s886r/NW_LS421.TXT
2020-12-23,AUSTRALIA AND NEW ZEALAND,Beef Trim,65,0-15 Days,East Coast,,,USD/cwt,FOB/TIS,https://esmis.nal.usda.gov/sites/default/release-files/c821gj77m/fx71bd20v/mk61s886r/NW_LS421.TXT
2020-12-23,URUGUAY,Beef Trim,85,0-15 Days,,,,USD/cwt,FOB/TIS,https://esmis.nal.usda.gov/sites/default/release-files/c821gj77m/fx71bd20v/mk61s886r/NW_LS421.TXT
2020-12-23,URUGUAY,Beef Trim,80,0-15 Days,,,,USD/cwt,FOB/TIS,https://esmis.nal.usda.gov/sites/default/release-files/c821gj77m/fx71bd20v/mk61s886r/NW_LS421.TXT
2020-12-23,URUGUAY,Beef Trim,75,0-15 Days,,,,USD/cwt,FOB/TIS,https://esmis.nal.usda.gov/sites/default/release-files/c821gj77m/fx71bd20v/mk61s886r/NW_LS421.TXT
2020-12-30,AUSTRALIA AND NEW ZEALAND,Beef Trim,85,0-15 Days,East Coast,,,USD/cwt,FOB/TIS,https://esmis.nal.usda.gov/sites/default/release-files/c821gj77m/w6634v77t/05742j17f/NW_LS421.TXT
2020-12-30,AUSTRALIA AND NEW ZEALAND,Beef Trim,80,0-15 Days,East Coast,,,USD/cwt,FOB/TIS,https://esmis.nal.usda.gov/sites/default/release-files/c821gj77m/w6634v77t/05742j17f/NW_LS421.TXT
2020-12-30,AUSTRALIA AND NEW ZEALAND,Beef Trim,75,0-15 Days,East Coast,,,USD/cwt,FOB/TIS,https://esmis.nal.usda.gov/sites/default/release-files/c821gj77m/w6634v77t/05742j17f/NW_LS421.TXT
2020-12-30,AUSTRALIA AND NEW ZEALAND,Beef Trim,70,0-15 Days,East Coast,,,USD/cwt,FOB/TIS,https://esmis.nal.usda.gov/sites/default/release-files/c821gj77m/w6634v77t/05742j17f/NW_LS421.TXT
2020-12-30,AUSTRALIA AND NEW ZEALAND,Beef Trim,65,0-15 Days,East Coast,,,USD/cwt,FOB/TIS,https://esmis.nal.usda.gov/sites/default/release-files/c821gj77m/w6634v77t/05742j17f/NW_LS421.TXT
2020-12-30,URUGUAY,Beef Trim,85,0-15 Days,,,,USD/cwt,FOB/TIS,https://esmis.nal.usda.gov/sites/default/release-files/c821gj77m/w6634v77t/05742j17f/NW_LS421.TXT
2020-12-30,URUGUAY,Beef Trim,80,0-15 Days,,,,USD/cwt,FOB/TIS,https://esmis.nal.usda.gov/sites/default/release-files/c821gj77m/w6634v77t/05742j17f/NW_LS421.TXT
2020-12-30,URUGUAY,Beef Trim,75,0-15 Days,,,,USD/cwt,FOB/TIS,https://esmis.nal.usda.gov/sites/default/release-files/c821gj77m/w6634v77t/05742j17f/NW_LS421.TXT
2020-12-31,AUSTRALIA AND NEW ZEALAND,Beef Trim,85,0-15 Days,East Coast,,,USD/cwt,FOB/TIS,https://esmis.nal.usda.gov/sites/default/release-files/c821gj77m/nc581d94z/8910kk879/NW_LS421.TXT
2020-12-31,AUSTRALIA AND NEW ZEALAND,Beef Trim,80,0-15 Days,East Coast,,,USD/cwt,FOB/TIS,https://esmis.nal.usda.gov/sites/default/release-files/c821gj77m/nc581d94z/8910kk879/NW_LS421.TXT
2020-12-31,AUSTRALIA AND NEW ZEALAND,Beef Trim,75,0-15 Days,East Coast,,,USD/cwt,FOB/TIS,https://esmis.nal.usda.gov/sites/default/release-files/c821gj77m/nc581d94z/8910kk879/NW_LS421.TXT
2020-12-31,AUSTRALIA AND NEW ZEALAND,Beef Trim,70,0-15 Days,East Coast,,,USD/cwt,FOB/TIS,https://esmis.nal.usda.gov/sites/default/release-files/c821gj77m/nc581d94z/8910kk879/NW_LS421.TXT
2020-12-31,AUSTRALIA AND NEW ZEALAND,Beef Trim,65,0-15 Days,East Coast,,,USD/cwt,FOB/TIS,https://esmis.nal.usda.gov/sites/default/release-files/c821gj77m/nc581d94z/8910kk879/NW_LS421.TXT
2020-12-31,URUGUAY,Beef Trim,85,0-15 Days,,,,USD/cwt,FOB/TIS,https://esmis.nal.usda.gov/sites/default/release-files/c821gj77m/nc581d94z/8910kk879/NW_LS421.TXT
2020-12-31,URUGUAY,Beef Trim,80,0-15 Days,,,,USD/cwt,FOB/TIS,https://esmis.nal.usda.gov/sites/default/release-files/c821gj77m/nc581d94z/8910kk879/NW_LS421.TXT
2020-12-31,URUGUAY,Beef Trim,75,0-15 Days,,,,USD/cwt,FOB/TIS,https://esmis.nal.usda.gov/sites/default/release-files/c821gj77m/nc581d94z/8910kk879/NW_LS421.TXT
2021-01-06,AUSTRALIA AND NEW ZEALAND,Beef Trim,85,0-15 Days,East Coast,198.00,200.00,USD/cwt,FOB/TIS,https://esmis.nal.usda.gov/sites/default/release-files/c821gj77m/pg15c6377/7w62g250z/NW_LS421.TXT
2021-01-06,AUSTRALIA AND NEW ZEALAND,Beef Trim,80,0-15 Days,East Coast,173.00,175.00,USD/cwt,FOB/TIS,https://esmis.nal.usda.gov/sites/default/release-files/c821gj77m/pg15c6377/7w62g250z/NW_LS421.TXT
2021-01-06,AUSTRALIA AND NEW ZEALAND,Beef Trim,75,0-15 Days,East Coast,,,USD/cwt,FOB/TIS,https://esmis.nal.usda.gov/sites/default/release-files/c821gj77m/pg15c6377/7w62g250z/NW_LS421.TXT
2021-01-06,AUSTRALIA AND NEW ZEALAND,Beef Trim,70,0-15 Days,East Coast,,,USD/cwt,FOB/TIS,https://esmis.nal.usda.gov/sites/default/release-files/c821gj77m/pg15c6377/7w62g250z/NW_LS421.TXT
2021-01-06,AUSTRALIA AND NEW ZEALAND,Beef Trim,65,0-15 Days,East Coast,,,USD/cwt,FOB/TIS,https://esmis.nal.usda.gov/sites/default/release-files/c821gj77m/pg15c6377/7w62g250z/NW_LS421.TXT
2021-01-06,URUGUAY,Beef Trim,85,0-15 Days,,,,USD/cwt,FOB/TIS,https://esmis.nal.usda.gov/sites/default/release-files/c821gj77m/pg15c6377/7w62g250z/NW_LS421.TXT
2021-01-06,URUGUAY,Beef Trim,80,0-15 Days,,,,USD/cwt,FOB/TIS,https://esmis.nal.usda.gov/sites/default/release-files/c821gj77m/pg15c6377/7w62g250z/NW_LS421.TXT
2021-01-06,URUGUAY,Beef Trim,75,0-15 Days,,,,USD/cwt,FOB/TIS,https://esmis.nal.usda.gov/sites/default/release-files/c821gj77m/pg15c6377/7w62g250z/NW_LS421.TXT
2021-01-08,AUSTRALIA AND NEW ZEALAND,Beef Trim,85,0-15 Days,East Coast,198.00,200.00,USD/cwt,FOB/TIS,https://esmis.nal.usda.gov/sites/default/release-files/c821gj77m/fn107q29c/79408p86c/NW_LS421.TXT
2021-01-08,AUSTRALIA AND NEW ZEALAND,Beef Trim,80,0-15 Days,East Coast,173.00,175.00,USD/cwt,FOB/TIS,https://esmis.nal.usda.gov/sites/default/release-files/c821gj77m/fn107q29c/79408p86c/NW_LS421.TXT
2021-01-08,AUSTRALIA AND NEW ZEALAND,Beef Trim,75,0-15 Days,East Coast,,,USD/cwt,FOB/TIS,https://esmis.nal.usda.gov/sites/default/release-files/c821gj77m/fn107q29c/79408p86c/NW_LS421.TXT
2021-01-08,AUSTRALIA AND NEW ZEALAND,Beef Trim,70,0-15 Days,East Coast,,,USD/cwt,FOB/TIS,https://esmis.nal.usda.gov/sites/default/release-files/c821gj77m/fn107q29c/79408p86c/NW_LS421.TXT
2021-01-08,AUSTRALIA AND NEW ZEALAND,Beef Trim,65,0-15 Days,East Coast,,,USD/cwt,FOB/TIS,https://esmis.nal.usda.gov/sites/default/release-files/c821gj77m/fn107q29c/79408p86c/NW_LS421.TXT
2021-01-08,URUGUAY,Beef Trim,85,0-15 Days,,,,USD/cwt,FOB/TIS,https://esmis.nal.usda.gov/sites/default/release-files/c821gj77m/fn107q29c/79408p86c/NW_LS421.TXT
2021-01-08,URUGUAY,Beef Trim,80,0-15 Days,,,,USD/cwt,FOB/TIS,https://esmis.nal.usda.gov/sites/default/release-files/c821gj77m/fn107q29c/79408p86c/NW_LS421.TXT
2021-01-08,URUGUAY,Beef Trim,75,0-15 Days,,,,USD/cwt,FOB/TIS,https://esmis.nal.usda.gov/sites/default/release-files/c821gj77m/fn107q29c/79408p86c/NW_LS421.TXT
2021-01-13,AUSTRALIA AND NEW ZEALAND,Beef Trim,85,0-15 Days,East Coast,200.00,200.00,USD/cwt,FOB/TIS,https://esmis.nal.usda.gov/sites/default/release-files/c821gj77m/b2774n38q/4q77gh86c/NW_LS421.TXT
2021-01-13,AUSTRALIA AND NEW ZEALAND,Beef Trim,80,0-15 Days,East Coast,,,USD/cwt,FOB/TIS,https://esmis.nal.usda.gov/sites/default/release-files/c821gj77m/b2774n38q/4q77gh86c/NW_LS421.TXT
2021-01-13,AUSTRALIA AND NEW ZEALAND,Beef Trim,75,0-15 Days,East Coast,,,USD/cwt,FOB/TIS,https://esmis.nal.usda.gov/sites/default/release-files/c821gj77m/b2774n38q/4q77gh86c/NW_LS421.TXT
2021-01-13,AUSTRALIA AND NEW ZEALAND,Beef Trim,70,0-15 Days,East Coast,,,USD/cwt,FOB/TIS,https://esmis.nal.usda.gov/sites/default/release-files/c821gj77m/b2774n38q/4q77gh86c/NW_LS421.TXT
2021-01-13,AUSTRALIA AND NEW ZEALAND,Beef Trim,65,0-15 Days,East Coast,,,USD/cwt,FOB/TIS,https://esmis.nal.usda.gov/sites/default/release-files/c821gj77m/b2774n38q/4q77gh86c/NW_LS421.TXT
2021-01-13,URUGUAY,Beef Trim,85,0-15 Days,,,,USD/cwt,FOB/TIS,https://esmis.nal.usda.gov/sites/default/release-files/c821gj77m/b2774n38q/4q77gh86c/NW_LS421.TXT
2021-01-13,URUGUAY,Beef Trim,80,0-15 Days,,,,USD/cwt,FOB/TIS,https://esmis.nal.usda.gov/sites/default/release-files/c821gj77m/b2774n38q/4q77gh86c/NW_LS421.TXT
2021-01-13,URUGUAY,Beef Trim,75,0-15 Days,,,,USD/cwt,FOB/TIS,https://esmis.nal.usda.gov/sites/default/release-files/c821gj77m/b2774n38q/4q77gh86c/NW_LS421.TXT
2021-01-15,AUSTRALIA AND NEW ZEALAND,Beef Trim,85,0-15 Days,East Coast,200.00,200.00,USD/cwt,FOB/TIS,https://esmis.nal.usda.gov/sites/default/release-files/c821gj77m/xp68m8675/fj236v567/NW_LS421.TXT
2021-01-15,AUSTRALIA AND NEW ZEALAND,Beef Trim,80,0-15 Days,East Coast,,,USD/cwt,FOB/TIS,https://esmis.nal.usda.gov/sites/default/release-files/c821gj77m/xp68m8675/fj236v567/NW_LS421.TXT
2021-01-15,AUSTRALIA AND NEW ZEALAND,Beef Trim,75,0-15 Days,East Coast,,,USD/cwt,FOB/TIS,https://esmis.nal.usda.gov/sites/default/release-files/c821gj77m/xp68m8675/fj236v567/NW_LS421.TXT
2021-01-15,AUSTRALIA AND NEW ZEALAND,Beef Trim,70,0-15 Days,East Coast,,,USD/cwt,FOB/TIS,https://esmis.nal.usda.gov/sites/default/release-files/c821gj77m/xp68m8675/fj236v567/NW_LS421.TXT
2021-01-15,AUSTRALIA AND NEW ZEALAND,Beef Trim,65,0-15 Days,East Coast,,,USD/cwt,FOB/TIS,https://esmis.nal.usda.gov/sites/default/release-files/c821gj77m/xp68m8675/fj236v567/NW_LS421.TXT
2021-01-15,URUGUAY,Beef Trim,85,0-15 Days,,,,USD/cwt,FOB/TIS,https://esmis.nal.usda.gov/sites/default/release-files/c821gj77m/xp68m8675/fj236v567/NW_LS421.TXT
2021-01-15,URUGUAY,Beef Trim,80,0-15 Days,,,,USD/cwt,FOB/TIS,https://esmis.nal.usda.gov/sites/default/release-files/c821gj77m/xp68m8675/fj236v567/NW_LS421.TXT
2021-01-15,URUGUAY,Beef Trim,75,0-15 Days,,,,USD/cwt,FOB/TIS,https://esmis.nal.usda.gov/sites/default/release-files/c821gj77m/xp68m8675/fj236v567/NW_LS421.TXT
2021-01-20,AUSTRALIA AND NEW ZEALAND,Beef Trim,85,0-15 Days,East Coast,203.00,205.00,USD/cwt,FOB/TIS,https://esmis.nal.usda.gov/sites/default/release-files/c821gj77m/6682xx03s/1257bk40v/NW_LS421.TXT
2021-01-20,AUSTRALIA AND NEW ZEALAND,Beef Trim,80,0-15 Days,East Coast,176.00,178.00,USD/cwt,FOB/TIS,https://esmis.nal.usda.gov/sites/default/release-files/c821gj77m/6682xx03s/1257bk40v/NW_LS421.TXT
2021-01-20,AUSTRALIA AND NEW ZEALAND,Beef Trim,75,0-15 Days,East Coast,,,USD/cwt,FOB/TIS,https://esmis.nal.usda.gov/sites/default/release-files/c821gj77m/6682xx03s/1257bk40v/NW_LS421.TXT
2021-01-20,AUSTRALIA AND NEW ZEALAND,Beef Trim,70,0-15 Days,East Coast,,,USD/cwt,FOB/TIS,https://esmis.nal.usda.gov/sites/default/release-files/c821gj77m/6682xx03s/1257bk40v/NW_LS421.TXT
2021-01-20,AUSTRALIA AND NEW ZEALAND,Beef Trim,65,0-15 Days,East Coast,,,USD/cwt,FOB/TIS,https://esmis.nal.usda.gov/sites/default/release-files/c821gj77m/6682xx03s/1257bk40v/NW_LS421.TXT
2021-01-20,URUGUAY,Beef Trim,85,0-15 Days,,,,USD/cwt,FOB/TIS,https://esmis.nal.usda.gov/sites/default/release-files/c821gj77m/6682xx03s/1257bk40v/NW_LS421.TXT
2021-01-20,URUGUAY,Beef Trim,80,0-15 Days,,,,USD/cwt,FOB/TIS,https://esmis.nal.usda.gov/sites/default/release-files/c821gj77m/6682xx03s/1257bk40v/NW_LS421.TXT
2021-01-20,URUGUAY,Beef Trim,75,0-15 Days,,,,USD/cwt,FOB/TIS,https://esmis.nal.usda.gov/sites/default/release-files/c821gj77m/6682xx03s/1257bk40v/NW_LS421.TXT
2021-01-22,AUSTRALIA AND NEW ZEALAND,Beef Trim,85,0-15 Days,East Coast,203.00,205.00,USD/cwt,FOB/TIS,https://esmis.nal.usda.gov/sites/default/release-files/c821gj77m/n8710h383/kp78h880z/NW_LS421.TXT
2021-01-22,AUSTRALIA AND NEW ZEALAND,Beef Trim,80,0-15 Days,East Coast,176.00,178.00,USD/cwt,FOB/TIS,https://esmis.nal.usda.gov/sites/default/release-files/c821gj77m/n8710h383/kp78h880z/NW_LS421.TXT
2021-01-22,AUSTRALIA AND NEW ZEALAND,Beef Trim,75,0-15 Days,East Coast,,,USD/cwt,FOB/TIS,https://esmis.nal.usda.gov/sites/default/release-files/c821gj77m/n8710h383/kp78h880z/NW_LS421.TXT
2021-01-22,AUSTRALIA AND NEW ZEALAND,Beef Trim,70,0-15 Days,East Coast,,,USD/cwt,FOB/TIS,https://esmis.nal.usda.gov/sites/default/release-files/c821gj77m/n8710h383/kp78h880z/NW_LS421.TXT
2021-01-22,AUSTRALIA AND NEW ZEALAND,Beef Trim,65,0-15 Days,East Coast,,,USD/cwt,FOB/TIS,https://esmis.nal.usda.gov/sites/default/release-files/c821gj77m/n8710h383/kp78h880z/NW_LS421.TXT
2021-01-22,URUGUAY,Beef Trim,85,0-15 Days,,,,USD/cwt,FOB/TIS,https://esmis.nal.usda.gov/sites/default/release-files/c821gj77m/n8710h383/kp78h880z/NW_LS421.TXT
2021-01-22,URUGUAY,Beef Trim,80,0-15 Days,,,,USD/cwt,FOB/TIS,https://esmis.nal.usda.gov/sites/default/release-files/c821gj77m/n8710h383/kp78h880z/NW_LS421.TXT
2021-01-22,URUGUAY,Beef Trim,75,0-15 Days,,,,USD/cwt,FOB/TIS,https://esmis.nal.usda.gov/sites/default/release-files/c821gj77m/n8710h383/kp78h880z/NW_LS421.TXT
2021-01-27,AUSTRALIA AND NEW ZEALAND,Beef Trim,85,0-15 Days,East Coast,,,USD/cwt,FOB/TIS,https://esmis.nal.usda.gov/sites/default/release-files/c821gj77m/0k2264439/k930cp80g/NW_LS421.TXT
2021-01-27,AUSTRALIA AND NEW ZEALAND,Beef Trim,80,0-15 Days,East Coast,,,USD/cwt,FOB/TIS,https://esmis.nal.usda.gov/sites/default/release-files/c821gj77m/0k2264439/k930cp80g/NW_LS421.TXT
2021-01-27,AUSTRALIA AND NEW ZEALAND,Beef Trim,75,0-15 Days,East Coast,,,USD/cwt,FOB/TIS,https://esmis.nal.usda.gov/sites/default/release-files/c821gj77m/0k2264439/k930cp80g/NW_LS421.TXT
2021-01-27,AUSTRALIA AND NEW ZEALAND,Beef Trim,70,0-15 Days,East Coast,,,USD/cwt,FOB/TIS,https://esmis.nal.usda.gov/sites/default/release-files/c821gj77m/0k2264439/k930cp80g/NW_LS421.TXT
2021-01-27,AUSTRALIA AND NEW ZEALAND,Beef Trim,65,0-15 Days,East Coast,,,USD/cwt,FOB/TIS,https://esmis.nal.usda.gov/sites/default/release-files/c821gj77m/0k2264439/k930cp80g/NW_LS421.TXT
2021-01-27,URUGUAY,Beef Trim,85,0-15 Days,,,,USD/cwt,FOB/TIS,https://esmis.nal.usda.gov/sites/default/release-files/c821gj77m/0k2264439/k930cp80g/NW_LS421.TXT
2021-01-27,URUGUAY,Beef Trim,80,0-15 Days,,,,USD/cwt,FOB/TIS,https://esmis.nal.usda.gov/sites/default/release-files/c821gj77m/0k2264439/k930cp80g/NW_LS421.TXT
2021-01-27,URUGUAY,Beef Trim,75,0-15 Days,,,,USD/cwt,FOB/TIS,https://esmis.nal.usda.gov/sites/default/release-files/c821gj77m/0k2264439/k930cp80g/NW_LS421.TXT
2021-01-29,AUSTRALIA AND NEW ZEALAND,Beef Trim,85,0-15 Days,East Coast,,,USD/cwt,FOB/TIS,https://esmis.nal.usda.gov/sites/default/release-files/c821gj77m/x920gq57n/p2677n996/NW_LS421.TXT
2021-01-29,AUSTRALIA AND NEW ZEALAND,Beef Trim,80,0-15 Days,East Coast,,,USD/cwt,FOB/TIS,https://esmis.nal.usda.gov/sites/default/release-files/c821gj77m/x920gq57n/p2677n996/NW_LS421.TXT
2021-01-29,AUSTRALIA AND NEW ZEALAND,Beef Trim,75,0-15 Days,East Coast,,,USD/cwt,FOB/TIS,https://esmis.nal.usda.gov/sites/default/release-files/c821gj77m/x920gq57n/p2677n996/NW_LS421.TXT
2021-01-29,AUSTRALIA AND NEW ZEALAND,Beef Trim,70,0-15 Days,East Coast,,,USD/cwt,FOB/TIS,https://esmis.nal.usda.gov/sites/default/release-files/c821gj77m/x920gq57n/p2677n996/NW_LS421.TXT
2021-01-29,AUSTRALIA AND NEW ZEALAND,Beef Trim,65,0-15 Days,East Coast,,,USD/cwt,FOB/TIS,https://esmis.nal.usda.gov/sites/default/release-files/c821gj77m/x920gq57n/p2677n996/NW_LS421.TXT
2021-01-29,URUGUAY,Beef Trim,85,0-15 Days,,,,USD/cwt,FOB/TIS,https://esmis.nal.usda.gov/sites/default/release-files/c821gj77m/x920gq57n/p2677n996/NW_LS421.TXT
2021-01-29,URUGUAY,Beef Trim,80,0-15 Days,,,,USD/cwt,FOB/TIS,https://esmis.nal.usda.gov/sites/default/release-files/c821gj77m/x920gq57n/p2677n996/NW_LS421.TXT
2021-01-29,URUGUAY,Beef Trim,75,0-15 Days,,,,USD/cwt,FOB/TIS,https://esmis.nal.usda.gov/sites/default/release-files/c821gj77m/x920gq57n/p2677n996/NW_LS421.TXT
2021-02-03,AUSTRALIA AND NEW ZEALAND,Beef Trim,85,0-15 Days,East Coast,210.00,210.00,USD/cwt,FOB/TIS,https://esmis.nal.usda.gov/sites/default/release-files/c821gj77m/mp48t651c/rf560145j/NW_LS421.TXT
2021-02-03,AUSTRALIA AND NEW ZEALAND,Beef Trim,80,0-15 Days,East Coast,180.00,180.00,USD/cwt,FOB/TIS,https://esmis.nal.usda.gov/sites/default/release-files/c821gj77m/mp48t651c/rf560145j/NW_LS421.TXT
2021-02-03,AUSTRALIA AND NEW ZEALAND,Beef Trim,75,0-15 Days,East Coast,165.00,165.00,USD/cwt,FOB/TIS,https://esmis.nal.usda.gov/sites/default/release-files/c821gj77m/mp48t651c/rf560145j/NW_LS421.TXT
2021-02-03,AUSTRALIA AND NEW ZEALAND,Beef Trim,70,0-15 Days,East Coast,,,USD/cwt,FOB/TIS,https://esmis.nal.usda.gov/sites/default/release-files/c821gj77m/mp48t651c/rf560145j/NW_LS421.TXT
2021-02-03,AUSTRALIA AND NEW ZEALAND,Beef Trim,65,0-15 Days,East Coast,,,USD/cwt,FOB/TIS,https://esmis.nal.usda.gov/sites/default/release-files/c821gj77m/mp48t651c/rf560145j/NW_LS421.TXT
2021-02-03,URUGUAY,Beef Trim,85,0-15 Days,,,,USD/cwt,FOB/TIS,https://esmis.nal.usda.gov/sites/default/release-files/c821gj77m/mp48t651c/rf560145j/NW_LS421.TXT
2021-02-03,URUGUAY,Beef Trim,80,0-15 Days,,,,USD/cwt,FOB/TIS,https://esmis.nal.usda.gov/sites/default/release-files/c821gj77m/mp48t651c/rf560145j/NW_LS421.TXT
2021-02-03,URUGUAY,Beef Trim,75,0-15 Days,,,,USD/cwt,FOB/TIS,https://esmis.nal.usda.gov/sites/default/release-files/c821gj77m/mp48t651c/rf560145j/NW_LS421.TXT
2021-02-05,AUSTRALIA AND NEW ZEALAND,Beef Trim,85,0-15 Days,East Coast,210.00,213.00,USD/cwt,FOB/TIS,https://esmis.nal.usda.gov/sites/default/release-files/c821gj77m/z603rr65z/4b29c108k/NW_LS421.TXT
2021-02-05,AUSTRALIA AND NEW ZEALAND,Beef Trim,80,0-15 Days,East Coast,180.00,180.00,USD/cwt,FOB/TIS,https://esmis.nal.usda.gov/sites/default/release-files/c821gj77m/z603rr65z/4b29c108k/NW_LS421.TXT
2021-02-05,AUSTRALIA AND NEW ZEALAND,Beef Trim,75,0-15 Days,East Coast,165.00,165.00,USD/cwt,FOB/TIS,https://esmis.nal.usda.gov/sites/default/release-files/c821gj77m/z603rr65z/4b29c108k/NW_LS421.TXT
2021-02-05,AUSTRALIA AND NEW ZEALAND,Beef Trim,70,0-15 Days,East Coast,,,USD/cwt,FOB/TIS,https://esmis.nal.usda.gov/sites/default/release-files/c821gj77m/z603rr65z/4b29c108k/NW_LS421.TXT
2021-02-05,AUSTRALIA AND NEW ZEALAND,Beef Trim,65,0-15 Days,East Coast,,,USD/cwt,FOB/TIS,https://esmis.nal.usda.gov/sites/default/release-files/c821gj77m/z603rr65z/4b29c108k/NW_LS421.TXT
2021-02-05,URUGUAY,Beef Trim,85,0-15 Days,,,,USD/cwt,FOB/TIS,https://esmis.nal.usda.gov/sites/default/release-files/c821gj77m/z603rr65z/4b29c108k/NW_LS421.TXT
2021-02-05,URUGUAY,Beef Trim,80,0-15 Days,,,,USD/cwt,FOB/TIS,https://esmis.nal.usda.gov/sites/default/release-files/c821gj77m/z603rr65z/4b29c108k/NW_LS421.TXT
2021-02-05,URUGUAY,Beef Trim,75,0-15 Days,,,,USD/cwt,FOB/TIS,https://esmis.nal.usda.gov/sites/default/release-files/c821gj77m/z603rr65z/4b29c108k/NW_LS421.TXT
2021-02-10,AUSTRALIA AND NEW ZEALAND,Beef Trim,85,0-15 Days,East Coast,210.00,210.00,USD/cwt,FOB/TIS,https://esmis.nal.usda.gov/sites/default/release-files/c821gj77m/7d279k89q/zp38x535j/NW_LS421.TXT
2021-02-10,AUSTRALIA AND NEW ZEALAND,Beef Trim,80,0-15 Days,East Coast,180.00,180.00,USD/cwt,FOB/TIS,https://esmis.nal.usda.gov/sites/default/release-files/c821gj77m/7d279k89q/zp38x535j/NW_LS421.TXT
2021-02-10,AUSTRALIA AND NEW ZEALAND,Beef Trim,75,0-15 Days,East Coast,165.00,165.00,USD/cwt,FOB/TIS,https://esmis.nal.usda.gov/sites/default/release-files/c821gj77m/7d279k89q/zp38x535j/NW_LS421.TXT
2021-02-10,AUSTRALIA AND NEW ZEALAND,Beef Trim,70,0-15 Days,East Coast,,,USD/cwt,FOB/TIS,https://esmis.nal.usda.gov/sites/default/release-files/c821gj77m/7d279k89q/zp38x535j/NW_LS421.TXT
2021-02-10,AUSTRALIA AND NEW ZEALAND,Beef Trim,65,0-15 Days,East Coast,,,USD/cwt,FOB/TIS,https://esmis.nal.usda.gov/sites/default/release-files/c821gj77m/7d279k89q/zp38x535j/NW_LS421.TXT
2021-02-10,URUGUAY,Beef Trim,85,0-15 Days,,,,USD/cwt,FOB/TIS,https://esmis.nal.usda.gov/sites/default/release-files/c821gj77m/7d279k89q/zp38x535j/NW_LS421.TXT
2021-02-10,URUGUAY,Beef Trim,80,0-15 Days,,,,USD/cwt,FOB/TIS,https://esmis.nal.usda.gov/sites/default/release-files/c821gj77m/7d279k89q/zp38x535j/NW_LS421.TXT
2021-02-10,URUGUAY,Beef Trim,75,0-15 Days,,,,USD/cwt,FOB/TIS,https://esmis.nal.usda.gov/sites/default/release-files/c821gj77m/7d279k89q/zp38x535j/NW_LS421.TXT
2021-02-12,AUSTRALIA AND NEW ZEALAND,Beef Trim,85,0-15 Days,East Coast,210.00,210.00,USD/cwt,FOB/TIS,https://esmis.nal.usda.gov/sites/default/release-files/c821gj77m/zk51w941c/hm50vk42m/NW_LS421.TXT
2021-02-12,AUSTRALIA AND NEW ZEALAND,Beef Trim,80,0-15 Days,East Coast,180.00,180.00,USD/cwt,FOB/TIS,https://esmis.nal.usda.gov/sites/default/release-files/c821gj77m/zk51w941c/hm50vk42m/NW_LS421.TXT
2021-02-12,AUSTRALIA AND NEW ZEALAND,Beef Trim,75,0-15 Days,East Coast,165.00,165.00,USD/cwt,FOB/TIS,https://esmis.nal.usda.gov/sites/default/release-files/c821gj77m/zk51w941c/hm50vk42m/NW_LS421.TXT
2021-02-12,AUSTRALIA AND NEW ZEALAND,Beef Trim,70,0-15 Days,East Coast,,,USD/cwt,FOB/TIS,https://esmis.nal.usda.gov/sites/default/release-files/c821gj77m/zk51w941c/hm50vk42m/NW_LS421.TXT
2021-02-12,AUSTRALIA AND NEW ZEALAND,Beef Trim,65,0-15 Days,East Coast,,,USD/cwt,FOB/TIS,https://esmis.nal.usda.gov/sites/default/release-files/c821gj77m/zk51w941c/hm50vk42m/NW_LS421.TXT
2021-02-12,URUGUAY,Beef Trim,85,0-15 Days,,,,USD/cwt,FOB/TIS,https://esmis.nal.usda.gov/sites/default/release-files/c821gj77m/zk51w941c/hm50vk42m/NW_LS421.TXT
2021-02-12,URUGUAY,Beef Trim,80,0-15 Days,,,,USD/cwt,FOB/TIS,https://esmis.nal.usda.gov/sites/default/release-files/c821gj77m/zk51w941c/hm50vk42m/NW_LS421.TXT
2021-02-12,URUGUAY,Beef Trim,75,0-15 Days,,,,USD/cwt,FOB/TIS,https://esmis.nal.usda.gov/sites/default/release-files/c821gj77m/zk51w941c/hm50vk42m/NW_LS421.TXT
2021-02-17,AUSTRALIA AND NEW ZEALAND,Beef Trim,85,0-15 Days,East Coast,,,USD/cwt,FOB/TIS,https://esmis.nal.usda.gov/sites/default/release-files/c821gj77m/q237jk860/qv33sq349/NW_LS421.TXT
2021-02-17,AUSTRALIA AND NEW ZEALAND,Beef Trim,80,0-15 Days,East Coast,,,USD/cwt,FOB/TIS,https://esmis.nal.usda.gov/sites/default/release-files/c821gj77m/q237jk860/qv33sq349/NW_LS421.TXT
2021-02-17,AUSTRALIA AND NEW ZEALAND,Beef Trim,75,0-15 Days,East Coast,,,USD/cwt,FOB/TIS,https://esmis.nal.usda.gov/sites/default/release-files/c821gj77m/q237jk860/qv33sq349/NW_LS421.TXT
2021-02-17,AUSTRALIA AND NEW ZEALAND,Beef Trim,70,0-15 Days,East Coast,,,USD/cwt,FOB/TIS,https://esmis.nal.usda.gov/sites/default/release-files/c821gj77m/q237jk860/qv33sq349/NW_LS421.TXT
2021-02-17,AUSTRALIA AND NEW ZEALAND,Beef Trim,65,0-15 Days,East Coast,,,USD/cwt,FOB/TIS,https://esmis.nal.usda.gov/sites/default/release-files/c821gj77m/q237jk860/qv33sq349/NW_LS421.TXT
2021-02-17,URUGUAY,Beef Trim,85,0-15 Days,,,,USD/cwt,FOB/TIS,https://esmis.nal.usda.gov/sites/default/release-files/c821gj77m/q237jk860/qv33sq349/NW_LS421.TXT
2021-02-17,URUGUAY,Beef Trim,80,0-15 Days,,,,USD/cwt,FOB/TIS,https://esmis.nal.usda.gov/sites/default/release-files/c821gj77m/q237jk860/qv33sq349/NW_LS421.TXT
2021-02-17,URUGUAY,Beef Trim,75,0-15 Days,,,,USD/cwt,FOB/TIS,https://esmis.nal.usda.gov/sites/default/release-files/c821gj77m/q237jk860/qv33sq349/NW_LS421.TXT
2021-02-19,AUSTRALIA AND NEW ZEALAND,Beef Trim,85,0-15 Days,East Coast,,,USD/cwt,FOB/TIS,https://esmis.nal.usda.gov/sites/default/release-files/c821gj77m/9k420757r/xp68m952r/NW_LS421.TXT
2021-02-19,AUSTRALIA AND NEW ZEALAND,Beef Trim,80,0-15 Days,East Coast,,,USD/cwt,FOB/TIS,https://esmis.nal.usda.gov/sites/default/release-files/c821gj77m/9k420757r/xp68m952r/NW_LS421.TXT
2021-02-19,AUSTRALIA AND NEW ZEALAND,Beef Trim,75,0-15 Days,East Coast,,,USD/cwt,FOB/TIS,https://esmis.nal.usda.gov/sites/default/release-files/c821gj77m/9k420757r/xp68m952r/NW_LS421.TXT
2021-02-19,AUSTRALIA AND NEW ZEALAND,Beef Trim,70,0-15 Days,East Coast,,,USD/cwt,FOB/TIS,https://esmis.nal.usda.gov/sites/default/release-files/c821gj77m/9k420757r/xp68m952r/NW_LS421.TXT
2021-02-19,AUSTRALIA AND NEW ZEALAND,Beef Trim,65,0-15 Days,East Coast,,,USD/cwt,FOB/TIS,https://esmis.nal.usda.gov/sites/default/release-files/c821gj77m/9k420757r/xp68m952r/NW_LS421.TXT
2021-02-19,URUGUAY,Beef Trim,85,0-15 Days,,,,USD/cwt,FOB/TIS,https://esmis.nal.usda.gov/sites/default/release-files/c821gj77m/9k420757r/xp68m952r/NW_LS421.TXT
2021-02-19,URUGUAY,Beef Trim,80,0-15 Days,,,,USD/cwt,FOB/TIS,https://esmis.nal.usda.gov/sites/default/release-files/c821gj77m/9k420757r/xp68m952r/NW_LS421.TXT
2021-02-19,URUGUAY,Beef Trim,75,0-15 Days,,,,USD/cwt,FOB/TIS,https://esmis.nal.usda.gov/sites/default/release-files/c821gj77m/9k420757r/xp68m952r/NW_LS421.TXT
2021-02-24,AUSTRALIA AND NEW ZEALAND,Beef Trim,85,0-15 Days,East Coast,213.00,215.00,USD/cwt,FOB/TIS,https://esmis.nal.usda.gov/sites/default/release-files/c821gj77m/34850955b/6t054951k/NW_LS421.TXT
2021-02-24,AUSTRALIA AND NEW ZEALAND,Beef Trim,80,0-15 Days,East Coast,184.00,185.00,USD/cwt,FOB/TIS,https://esmis.nal.usda.gov/sites/default/release-files/c821gj77m/34850955b/6t054951k/NW_LS421.TXT
2021-02-24,AUSTRALIA AND NEW ZEALAND,Beef Trim,75,0-15 Days,East Coast,,,USD/cwt,FOB/TIS,https://esmis.nal.usda.gov/sites/default/release-files/c821gj77m/34850955b/6t054951k/NW_LS421.TXT
2021-02-24,AUSTRALIA AND NEW ZEALAND,Beef Trim,70,0-15 Days,East Coast,,,USD/cwt,FOB/TIS,https://esmis.nal.usda.gov/sites/default/release-files/c821gj77m/34850955b/6t054951k/NW_LS421.TXT
2021-02-24,AUSTRALIA AND NEW ZEALAND,Beef Trim,65,0-15 Days,East Coast,,,USD/cwt,FOB/TIS,https://esmis.nal.usda.gov/sites/default/release-files/c821gj77m/34850955b/6t054951k/NW_LS421.TXT
2021-02-24,URUGUAY,Beef Trim,85,0-15 Days,,,,USD/cwt,FOB/TIS,https://esmis.nal.usda.gov/sites/default/release-files/c821gj77m/34850955b/6t054951k/NW_LS421.TXT
2021-02-24,URUGUAY,Beef Trim,80,0-15 Days,,,,USD/cwt,FOB/TIS,https://esmis.nal.usda.gov/sites/default/release-files/c821gj77m/34850955b/6t054951k/NW_LS421.TXT
2021-02-24,URUGUAY,Beef Trim,75,0-15 Days,,,,USD/cwt,FOB/TIS,https://esmis.nal.usda.gov/sites/default/release-files/c821gj77m/34850955b/6t054951k/NW_LS421.TXT
2021-02-26,AUSTRALIA AND NEW ZEALAND,Beef Trim,85,0-15 Days,East Coast,213.00,215.00,USD/cwt,FOB/TIS,https://esmis.nal.usda.gov/sites/default/release-files/c821gj77m/d791t865k/qz20tk952/NW_LS421.TXT
2021-02-26,AUSTRALIA AND NEW ZEALAND,Beef Trim,80,0-15 Days,East Coast,184.00,185.00,USD/cwt,FOB/TIS,https://esmis.nal.usda.gov/sites/default/release-files/c821gj77m/d791t865k/qz20tk952/NW_LS421.TXT
2021-02-26,AUSTRALIA AND NEW ZEALAND,Beef Trim,75,0-15 Days,East Coast,,,USD/cwt,FOB/TIS,https://esmis.nal.usda.gov/sites/default/release-files/c821gj77m/d791t865k/qz20tk952/NW_LS421.TXT
2021-02-26,AUSTRALIA AND NEW ZEALAND,Beef Trim,70,0-15 Days,East Coast,,,USD/cwt,FOB/TIS,https://esmis.nal.usda.gov/sites/default/release-files/c821gj77m/d791t865k/qz20tk952/NW_LS421.TXT
2021-02-26,AUSTRALIA AND NEW ZEALAND,Beef Trim,65,0-15 Days,East Coast,,,USD/cwt,FOB/TIS,https://esmis.nal.usda.gov/sites/default/release-files/c821gj77m/d791t865k/qz20tk952/NW_LS421.TXT
2021-02-26,URUGUAY,Beef Trim,85,0-15 Days,,,,USD/cwt,FOB/TIS,https://esmis.nal.usda.gov/sites/default/release-files/c821gj77m/d791t865k/qz20tk952/NW_LS421.TXT
2021-02-26,URUGUAY,Beef Trim,80,0-15 Days,,,,USD/cwt,FOB/TIS,https://esmis.nal.usda.gov/sites/default/release-files/c821gj77m/d791t865k/qz20tk952/NW_LS421.TXT
2021-02-26,URUGUAY,Beef Trim,75,0-15 Days,,,,USD/cwt,FOB/TIS,https://esmis.nal.usda.gov/sites/default/release-files/c821gj77m/d791t865k/qz20tk952/NW_LS421.TXT
2021-03-03,AUSTRALIA AND NEW ZEALAND,Beef Trim,85,0-15 Days,East Coast,211.00,212.00,USD/cwt,FOB/TIS,https://esmis.nal.usda.gov/sites/default/release-files/c821gj77m/jh344m13x/9k420793m/NW_LS421.TXT
2021-03-03,AUSTRALIA AND NEW ZEALAND,Beef Trim,80,0-15 Days,East Coast,,,USD/cwt,FOB/TIS,https://esmis.nal.usda.gov/sites/default/release-files/c821gj77m/jh344m13x/9k420793m/NW_LS421.TXT
2021-03-03,AUSTRALIA AND NEW ZEALAND,Beef Trim,75,0-15 Days,East Coast,,,USD/cwt,FOB/TIS,https://esmis.nal.usda.gov/sites/default/release-files/c821gj77m/jh344m13x/9k420793m/NW_LS421.TXT
2021-03-03,AUSTRALIA AND NEW ZEALAND,Beef Trim,70,0-15 Days,East Coast,,,USD/cwt,FOB/TIS,https://esmis.nal.usda.gov/sites/default/release-files/c821gj77m/jh344m13x/9k420793m/NW_LS421.TXT
2021-03-03,AUSTRALIA AND NEW ZEALAND,Beef Trim,65,0-15 Days,East Coast,,,USD/cwt,FOB/TIS,https://esmis.nal.usda.gov/sites/default/release-files/c821gj77m/jh344m13x/9k420793m/NW_LS421.TXT
2021-03-03,URUGUAY,Beef Trim,85,0-15 Days,,,,USD/cwt,FOB/TIS,https://esmis.nal.usda.gov/sites/default/release-files/c821gj77m/jh344m13x/9k420793m/NW_LS421.TXT
2021-03-03,URUGUAY,Beef Trim,80,0-15 Days,,,,USD/cwt,FOB/TIS,https://esmis.nal.usda.gov/sites/default/release-files/c821gj77m/jh344m13x/9k420793m/NW_LS421.TXT
2021-03-03,URUGUAY,Beef Trim,75,0-15 Days,,,,USD/cwt,FOB/TIS,https://esmis.nal.usda.gov/sites/default/release-files/c821gj77m/jh344m13x/9k420793m/NW_LS421.TXT
2021-03-05,AUSTRALIA AND NEW ZEALAND,Beef Trim,85,0-15 Days,East Coast,211.00,212.00,USD/cwt,FOB/TIS,https://esmis.nal.usda.gov/sites/default/release-files/c821gj77m/r207vg67f/1v53kr073/NW_LS421.TXT
2021-03-05,AUSTRALIA AND NEW ZEALAND,Beef Trim,80,0-15 Days,East Coast,,,USD/cwt,FOB/TIS,https://esmis.nal.usda.gov/sites/default/release-files/c821gj77m/r207vg67f/1v53kr073/NW_LS421.TXT
2021-03-05,AUSTRALIA AND NEW ZEALAND,Beef Trim,75,0-15 Days,East Coast,,,USD/cwt,FOB/TIS,https://esmis.nal.usda.gov/sites/default/release-files/c821gj77m/r207vg67f/1v53kr073/NW_LS421.TXT
2021-03-05,AUSTRALIA AND NEW ZEALAND,Beef Trim,70,0-15 Days,East Coast,,,USD/cwt,FOB/TIS,https://esmis.nal.usda.gov/sites/default/release-files/c821gj77m/r207vg67f/1v53kr073/NW_LS421.TXT
2021-03-05,AUSTRALIA AND NEW ZEALAND,Beef Trim,65,0-15 Days,East Coast,,,USD/cwt,FOB/TIS,https://esmis.nal.usda.gov/sites/default/release-files/c821gj77m/r207vg67f/1v53kr073/NW_LS421.TXT
2021-03-05,URUGUAY,Beef Trim,85,0-15 Days,,,,USD/cwt,FOB/TIS,https://esmis.nal.usda.gov/sites/default/release-files/c821gj77m/r207vg67f/1v53kr073/NW_LS421.TXT
2021-03-05,URUGUAY,Beef Trim,80,0-15 Days,,,,USD/cwt,FOB/TIS,https://esmis.nal.usda.gov/sites/default/release-files/c821gj77m/r207vg67f/1v53kr073/NW_LS421.TXT
2021-03-05,URUGUAY,Beef Trim,75,0-15 Days,,,,USD/cwt,FOB/TIS,https://esmis.nal.usda.gov/sites/default/release-files/c821gj77m/r207vg67f/1v53kr073/NW_LS421.TXT
2021-03-10,AUSTRALIA AND NEW ZEALAND,Beef Trim,85,0-15 Days,East Coast,,,USD/cwt,FOB/TIS,https://esmis.nal.usda.gov/sites/default/release-files/c821gj77m/5q47sg53w/8336hv98r/NW_LS421.TXT
2021-03-10,AUSTRALIA AND NEW ZEALAND,Beef Trim,80,0-15 Days,East Coast,,,USD/cwt,FOB/TIS,https://esmis.nal.usda.gov/sites/default/release-files/c821gj77m/5q47sg53w/8336hv98r/NW_LS421.TXT
2021-03-10,AUSTRALIA AND NEW ZEALAND,Beef Trim,75,0-15 Days,East Coast,,,USD/cwt,FOB/TIS,https://esmis.nal.usda.gov/sites/default/release-files/c821gj77m/5q47sg53w/8336hv98r/NW_LS421.TXT
2021-03-10,AUSTRALIA AND NEW ZEALAND,Beef Trim,70,0-15 Days,East Coast,,,USD/cwt,FOB/TIS,https://esmis.nal.usda.gov/sites/default/release-files/c821gj77m/5q47sg53w/8336hv98r/NW_LS421.TXT
2021-03-10,AUSTRALIA AND NEW ZEALAND,Beef Trim,65,0-15 Days,East Coast,,,USD/cwt,FOB/TIS,https://esmis.nal.usda.gov/sites/default/release-files/c821gj77m/5q47sg53w/8336hv98r/NW_LS421.TXT
2021-03-10,URUGUAY,Beef Trim,85,0-15 Days,,,,USD/cwt,FOB/TIS,https://esmis.nal.usda.gov/sites/default/release-files/c821gj77m/5q47sg53w/8336hv98r/NW_LS421.TXT
2021-03-10,URUGUAY,Beef Trim,80,0-15 Days,,,,USD/cwt,FOB/TIS,https://esmis.nal.usda.gov/sites/default/release-files/c821gj77m/5q47sg53w/8336hv98r/NW_LS421.TXT
2021-03-10,URUGUAY,Beef Trim,75,0-15 Days,,,,USD/cwt,FOB/TIS,https://esmis.nal.usda.gov/sites/default/release-files/c821gj77m/5q47sg53w/8336hv98r/NW_LS421.TXT
2021-03-12,AUSTRALIA AND NEW ZEALAND,Beef Trim,85,0-15 Days,East Coast,,,USD/cwt,FOB/TIS,https://esmis.nal.usda.gov/sites/default/release-files/c821gj77m/2v23wn70h/vt151c321/NW_LS421.TXT
2021-03-12,AUSTRALIA AND NEW ZEALAND,Beef Trim,80,0-15 Days,East Coast,,,USD/cwt,FOB/TIS,https://esmis.nal.usda.gov/sites/default/release-files/c821gj77m/2v23wn70h/vt151c321/NW_LS421.TXT
2021-03-12,AUSTRALIA AND NEW ZEALAND,Beef Trim,75,0-15 Days,East Coast,,,USD/cwt,FOB/TIS,https://esmis.nal.usda.gov/sites/default/release-files/c821gj77m/2v23wn70h/vt151c321/NW_LS421.TXT
2021-03-12,AUSTRALIA AND NEW ZEALAND,Beef Trim,70,0-15 Days,East Coast,,,USD/cwt,FOB/TIS,https://esmis.nal.usda.gov/sites/default/release-files/c821gj77m/2v23wn70h/vt151c321/NW_LS421.TXT
2021-03-12,AUSTRALIA AND NEW ZEALAND,Beef Trim,65,0-15 Days,East Coast,,,USD/cwt,FOB/TIS,https://esmis.nal.usda.gov/sites/default/release-files/c821gj77m/2v23wn70h/vt151c321/NW_LS421.TXT
2021-03-12,URUGUAY,Beef Trim,85,0-15 Days,,,,USD/cwt,FOB/TIS,https://esmis.nal.usda.gov/sites/default/release-files/c821gj77m/2v23wn70h/vt151c321/NW_LS421.TXT
2021-03-12,URUGUAY,Beef Trim,80,0-15 Days,,,,USD/cwt,FOB/TIS,https://esmis.nal.usda.gov/sites/default/release-files/c821gj77m/2v23wn70h/vt151c321/NW_LS421.TXT
2021-03-12,URUGUAY,Beef Trim,75,0-15 Days,,,,USD/cwt,FOB/TIS,https://esmis.nal.usda.gov/sites/default/release-files/c821gj77m/2v23wn70h/vt151c321/NW_LS421.TXT
2021-03-17,AUSTRALIA AND NEW ZEALAND,Beef Trim,85,0-15 Days,East Coast,212.00,214.00,USD/cwt,FOB/TIS,https://esmis.nal.usda.gov/sites/default/release-files/c821gj77m/jd473q74d/37721647w/NW_LS421.TXT
2021-03-17,AUSTRALIA AND NEW ZEALAND,Beef Trim,80,0-15 Days,East Coast,180.00,182.00,USD/cwt,FOB/TIS,https://esmis.nal.usda.gov/sites/default/release-files/c821gj77m/jd473q74d/37721647w/NW_LS421.TXT
2021-03-17,AUSTRALIA AND NEW ZEALAND,Beef Trim,75,0-15 Days,East Coast,156.00,158.00,USD/cwt,FOB/TIS,https://esmis.nal.usda.gov/sites/default/release-files/c821gj77m/jd473q74d/37721647w/NW_LS421.TXT
2021-03-17,AUSTRALIA AND NEW ZEALAND,Beef Trim,70,0-15 Days,East Coast,,,USD/cwt,FOB/TIS,https://esmis.nal.usda.gov/sites/default/release-files/c821gj77m/jd473q74d/37721647w/NW_LS421.TXT
2021-03-17,AUSTRALIA AND NEW ZEALAND,Beef Trim,65,0-15 Days,East Coast,,,USD/cwt,FOB/TIS,https://esmis.nal.usda.gov/sites/default/release-files/c821gj77m/jd473q74d/37721647w/NW_LS421.TXT
2021-03-17,URUGUAY,Beef Trim,85,0-15 Days,,,,USD/cwt,FOB/TIS,https://esmis.nal.usda.gov/sites/default/release-files/c821gj77m/jd473q74d/37721647w/NW_LS421.TXT
2021-03-17,URUGUAY,Beef Trim,80,0-15 Days,,,,USD/cwt,FOB/TIS,https://esmis.nal.usda.gov/sites/default/release-files/c821gj77m/jd473q74d/37721647w/NW_LS421.TXT
2021-03-17,URUGUAY,Beef Trim,75,0-15 Days,,,,USD/cwt,FOB/TIS,https://esmis.nal.usda.gov/sites/default/release-files/c821gj77m/jd473q74d/37721647w/NW_LS421.TXT
2021-03-19,AUSTRALIA AND NEW ZEALAND,Beef Trim,85,0-15 Days,East Coast,212.00,214.00,USD/cwt,FOB/TIS,https://esmis.nal.usda.gov/sites/default/release-files/c821gj77m/f7624652h/t435h6483/NW_LS421.TXT
2021-03-19,AUSTRALIA AND NEW ZEALAND,Beef Trim,80,0-15 Days,East Coast,180.00,182.00,USD/cwt,FOB/TIS,https://esmis.nal.usda.gov/sites/default/release-files/c821gj77m/f7624652h/t435h6483/NW_LS421.TXT
2021-03-19,AUSTRALIA AND NEW ZEALAND,Beef Trim,75,0-15 Days,East Coast,156.00,158.00,USD/cwt,FOB/TIS,https://esmis.nal.usda.gov/sites/default/release-files/c821gj77m/f7624652h/t435h6483/NW_LS421.TXT
2021-03-19,AUSTRALIA AND NEW ZEALAND,Beef Trim,70,0-15 Days,East Coast,,,USD/cwt,FOB/TIS,https://esmis.nal.usda.gov/sites/default/release-files/c821gj77m/f7624652h/t435h6483/NW_LS421.TXT
2021-03-19,AUSTRALIA AND NEW ZEALAND,Beef Trim,65,0-15 Days,East Coast,,,USD/cwt,FOB/TIS,https://esmis.nal.usda.gov/sites/default/release-files/c821gj77m/f7624652h/t435h6483/NW_LS421.TXT
2021-03-19,URUGUAY,Beef Trim,85,0-15 Days,,,,USD/cwt,FOB/TIS,https://esmis.nal.usda.gov/sites/default/release-files/c821gj77m/f7624652h/t435h6483/NW_LS421.TXT
2021-03-19,URUGUAY,Beef Trim,80,0-15 Days,,,,USD/cwt,FOB/TIS,https://esmis.nal.usda.gov/sites/default/release-files/c821gj77m/f7624652h/t435h6483/NW_LS421.TXT
2021-03-19,URUGUAY,Beef Trim,75,0-15 Days,,,,USD/cwt,FOB/TIS,https://esmis.nal.usda.gov/sites/default/release-files/c821gj77m/f7624652h/t435h6483/NW_LS421.TXT
2021-03-24,AUSTRALIA AND NEW ZEALAND,Beef Trim,85,0-15 Days,East Coast,,,USD/cwt,FOB/TIS,https://esmis.nal.usda.gov/sites/default/release-files/c821gj77m/4x51jd65q/bn99b1959/NW_LS421.TXT
2021-03-24,AUSTRALIA AND NEW ZEALAND,Beef Trim,80,0-15 Days,East Coast,,,USD/cwt,FOB/TIS,https://esmis.nal.usda.gov/sites/default/release-files/c821gj77m/4x51jd65q/bn99b1959/NW_LS421.TXT
2021-03-24,AUSTRALIA AND NEW ZEALAND,Beef Trim,75,0-15 Days,East Coast,,,USD/cwt,FOB/TIS,https://esmis.nal.usda.gov/sites/default/release-files/c821gj77m/4x51jd65q/bn99b1959/NW_LS421.TXT
2021-03-24,AUSTRALIA AND NEW ZEALAND,Beef Trim,70,0-15 Days,East Coast,,,USD/cwt,FOB/TIS,https://esmis.nal.usda.gov/sites/default/release-files/c821gj77m/4x51jd65q/bn99b1959/NW_LS421.TXT
2021-03-24,AUSTRALIA AND NEW ZEALAND,Beef Trim,65,0-15 Days,East Coast,,,USD/cwt,FOB/TIS,https://esmis.nal.usda.gov/sites/default/release-files/c821gj77m/4x51jd65q/bn99b1959/NW_LS421.TXT
2021-03-24,URUGUAY,Beef Trim,85,0-15 Days,,,,USD/cwt,FOB/TIS,https://esmis.nal.usda.gov/sites/default/release-files/c821gj77m/4x51jd65q/bn99b1959/NW_LS421.TXT
2021-03-24,URUGUAY,Beef Trim,80,0-15 Days,,,,USD/cwt,FOB/TIS,https://esmis.nal.usda.gov/sites/default/release-files/c821gj77m/4x51jd65q/bn99b1959/NW_LS421.TXT
2021-03-24,URUGUAY,Beef Trim,75,0-15 Days,,,,USD/cwt,FOB/TIS,https://esmis.nal.usda.gov/sites/default/release-files/c821gj77m/4x51jd65q/bn99b1959/NW_LS421.TXT
2021-03-26,AUSTRALIA AND NEW ZEALAND,Beef Trim,85,0-15 Days,East Coast,,,USD/cwt,FOB/TIS,https://esmis.nal.usda.gov/sites/default/release-files/c821gj77m/f4753b75s/f1882f07d/NW_LS421.TXT
2021-03-26,AUSTRALIA AND NEW ZEALAND,Beef Trim,80,0-15 Days,East Coast,,,USD/cwt,FOB/TIS,https://esmis.nal.usda.gov/sites/default/release-files/c821gj77m/f4753b75s/f1882f07d/NW_LS421.TXT
2021-03-26,AUSTRALIA AND NEW ZEALAND,Beef Trim,75,0-15 Days,East Coast,,,USD/cwt,FOB/TIS,https://esmis.nal.usda.gov/sites/default/release-files/c821gj77m/f4753b75s/f1882f07d/NW_LS421.TXT
2021-03-26,AUSTRALIA AND NEW ZEALAND,Beef Trim,70,0-15 Days,East Coast,,,USD/cwt,FOB/TIS,https://esmis.nal.usda.gov/sites/default/release-files/c821gj77m/f4753b75s/f1882f07d/NW_LS421.TXT
2021-03-26,AUSTRALIA AND NEW ZEALAND,Beef Trim,65,0-15 Days,East Coast,,,USD/cwt,FOB/TIS,https://esmis.nal.usda.gov/sites/default/release-files/c821gj77m/f4753b75s/f1882f07d/NW_LS421.TXT
2021-03-26,URUGUAY,Beef Trim,85,0-15 Days,,,,USD/cwt,FOB/TIS,https://esmis.nal.usda.gov/sites/default/release-files/c821gj77m/f4753b75s/f1882f07d/NW_LS421.TXT
2021-03-26,URUGUAY,Beef Trim,80,0-15 Days,,,,USD/cwt,FOB/TIS,https://esmis.nal.usda.gov/sites/default/release-files/c821gj77m/f4753b75s/f1882f07d/NW_LS421.TXT
2021-03-26,URUGUAY,Beef Trim,75,0-15 Days,,,,USD/cwt,FOB/TIS,https://esmis.nal.usda.gov/sites/default/release-files/c821gj77m/f4753b75s/f1882f07d/NW_LS421.TXT
2021-03-31,AUSTRALIA AND NEW ZEALAND,Beef Trim,85,0-15 Days,East Coast,222.00,225.00,USD/cwt,FOB/TIS,https://esmis.nal.usda.gov/sites/default/release-files/c821gj77m/2z10xj46p/vx0228638/NW_LS421.TXT
2021-03-31,AUSTRALIA AND NEW ZEALAND,Beef Trim,80,0-15 Days,East Coast,193.00,196.00,USD/cwt,FOB/TIS,https://esmis.nal.usda.gov/sites/default/release-files/c821gj77m/2z10xj46p/vx0228638/NW_LS421.TXT
2021-03-31,AUSTRALIA AND NEW ZEALAND,Beef Trim,75,0-15 Days,East Coast,,,USD/cwt,FOB/TIS,https://esmis.nal.usda.gov/sites/default/release-files/c821gj77m/2z10xj46p/vx0228638/NW_LS421.TXT
2021-03-31,AUSTRALIA AND NEW ZEALAND,Beef Trim,70,0-15 Days,East Coast,,,USD/cwt,FOB/TIS,https://esmis.nal.usda.gov/sites/default/release-files/c821gj77m/2z10xj46p/vx0228638/NW_LS421.TXT
2021-03-31,AUSTRALIA AND NEW ZEALAND,Beef Trim,65,0-15 Days,East Coast,,,USD/cwt,FOB/TIS,https://esmis.nal.usda.gov/sites/default/release-files/c821gj77m/2z10xj46p/vx0228638/NW_LS421.TXT
2021-03-31,URUGUAY,Beef Trim,85,0-15 Days,,,,USD/cwt,FOB/TIS,https://esmis.nal.usda.gov/sites/default/release-files/c821gj77m/2z10xj46p/vx0228638/NW_LS421.TXT
2021-03-31,URUGUAY,Beef Trim,80,0-15 Days,,,,USD/cwt,FOB/TIS,https://esmis.nal.usda.gov/sites/default/release-files/c821gj77m/2z10xj46p/vx0228638/NW_LS421.TXT
2021-03-31,URUGUAY,Beef Trim,75,0-15 Days,,,,USD/cwt,FOB/TIS,https://esmis.nal.usda.gov/sites/default/release-files/c821gj77m/2z10xj46p/vx0228638/NW_LS421.TXT
2021-04-02,AUSTRALIA AND NEW ZEALAND,Beef Trim,85,0-15 Days,East Coast,222.00,225.00,USD/cwt,FOB/TIS,https://esmis.nal.usda.gov/sites/default/release-files/c821gj77m/05742m32z/g445d7770/NW_LS421.TXT
2021-04-02,AUSTRALIA AND NEW ZEALAND,Beef Trim,80,0-15 Days,East Coast,193.00,196.00,USD/cwt,FOB/TIS,https://esmis.nal.usda.gov/sites/default/release-files/c821gj77m/05742m32z/g445d7770/NW_LS421.TXT
2021-04-02,AUSTRALIA AND NEW ZEALAND,Beef Trim,75,0-15 Days,East Coast,,,USD/cwt,FOB/TIS,https://esmis.nal.usda.gov/sites/default/release-files/c821gj77m/05742m32z/g445d7770/NW_LS421.TXT
2021-04-02,AUSTRALIA AND NEW ZEALAND,Beef Trim,70,0-15 Days,East Coast,,,USD/cwt,FOB/TIS,https://esmis.nal.usda.gov/sites/default/release-files/c821gj77m/05742m32z/g445d7770/NW_LS421.TXT
2021-04-02,AUSTRALIA AND NEW ZEALAND,Beef Trim,65,0-15 Days,East Coast,,,USD/cwt,FOB/TIS,https://esmis.nal.usda.gov/sites/default/release-files/c821gj77m/05742m32z/g445d7770/NW_LS421.TXT
2021-04-02,URUGUAY,Beef Trim,85,0-15 Days,,,,USD/cwt,FOB/TIS,https://esmis.nal.usda.gov/sites/default/release-files/c821gj77m/05742m32z/g445d7770/NW_LS421.TXT
2021-04-02,URUGUAY,Beef Trim,80,0-15 Days,,,,USD/cwt,FOB/TIS,https://esmis.nal.usda.gov/sites/default/release-files/c821gj77m/05742m32z/g445d7770/NW_LS421.TXT
2021-04-02,URUGUAY,Beef Trim,75,0-15 Days,,,,USD/cwt,FOB/TIS,https://esmis.nal.usda.gov/sites/default/release-files/c821gj77m/05742m32z/g445d7770/NW_LS421.TXT
2021-04-07,AUSTRALIA AND NEW ZEALAND,Beef Trim,85,0-15 Days,East Coast,229.00,230.00,USD/cwt,FOB/TIS,https://esmis.nal.usda.gov/sites/default/release-files/c821gj77m/v405t428g/1z40mn835/NW_LS421.TXT
2021-04-07,AUSTRALIA AND NEW ZEALAND,Beef Trim,80,0-15 Days,East Coast,200.00,202.00,USD/cwt,FOB/TIS,https://esmis.nal.usda.gov/sites/default/release-files/c821gj77m/v405t428g/1z40mn835/NW_LS421.TXT
2021-04-07,AUSTRALIA AND NEW ZEALAND,Beef Trim,75,0-15 Days,East Coast,,,USD/cwt,FOB/TIS,https://esmis.nal.usda.gov/sites/default/release-files/c821gj77m/v405t428g/1z40mn835/NW_LS421.TXT
2021-04-07,AUSTRALIA AND NEW ZEALAND,Beef Trim,70,0-15 Days,East Coast,,,USD/cwt,FOB/TIS,https://esmis.nal.usda.gov/sites/default/release-files/c821gj77m/v405t428g/1z40mn835/NW_LS421.TXT
2021-04-07,AUSTRALIA AND NEW ZEALAND,Beef Trim,65,0-15 Days,East Coast,,,USD/cwt,FOB/TIS,https://esmis.nal.usda.gov/sites/default/release-files/c821gj77m/v405t428g/1z40mn835/NW_LS421.TXT
2021-04-07,URUGUAY,Beef Trim,85,0-15 Days,,,,USD/cwt,FOB/TIS,https://esmis.nal.usda.gov/sites/default/release-files/c821gj77m/v405t428g/1z40mn835/NW_LS421.TXT
2021-04-07,URUGUAY,Beef Trim,80,0-15 Days,,,,USD/cwt,FOB/TIS,https://esmis.nal.usda.gov/sites/default/release-files/c821gj77m/v405t428g/1z40mn835/NW_LS421.TXT
2021-04-07,URUGUAY,Beef Trim,75,0-15 Days,,,,USD/cwt,FOB/TIS,https://esmis.nal.usda.gov/sites/default/release-files/c821gj77m/v405t428g/1z40mn835/NW_LS421.TXT
2021-04-09,AUSTRALIA AND NEW ZEALAND,Beef Trim,85,0-15 Days,East Coast,229.00,230.00,USD/cwt,FOB/TIS,https://esmis.nal.usda.gov/sites/default/release-files/c821gj77m/1n79hz494/h989rx81s/NW_LS421.TXT
2021-04-09,AUSTRALIA AND NEW ZEALAND,Beef Trim,80,0-15 Days,East Coast,200.00,202.00,USD/cwt,FOB/TIS,https://esmis.nal.usda.gov/sites/default/release-files/c821gj77m/1n79hz494/h989rx81s/NW_LS421.TXT
2021-04-09,AUSTRALIA AND NEW ZEALAND,Beef Trim,75,0-15 Days,East Coast,,,USD/cwt,FOB/TIS,https://esmis.nal.usda.gov/sites/default/release-files/c821gj77m/1n79hz494/h989rx81s/NW_LS421.TXT
2021-04-09,AUSTRALIA AND NEW ZEALAND,Beef Trim,70,0-15 Days,East Coast,,,USD/cwt,FOB/TIS,https://esmis.nal.usda.gov/sites/default/release-files/c821gj77m/1n79hz494/h989rx81s/NW_LS421.TXT
2021-04-09,AUSTRALIA AND NEW ZEALAND,Beef Trim,65,0-15 Days,East Coast,,,USD/cwt,FOB/TIS,https://esmis.nal.usda.gov/sites/default/release-files/c821gj77m/1n79hz494/h989rx81s/NW_LS421.TXT
2021-04-09,URUGUAY,Beef Trim,85,0-15 Days,,,,USD/cwt,FOB/TIS,https://esmis.nal.usda.gov/sites/default/release-files/c821gj77m/1n79hz494/h989rx81s/NW_LS421.TXT
2021-04-09,URUGUAY,Beef Trim,80,0-15 Days,,,,USD/cwt,FOB/TIS,https://esmis.nal.usda.gov/sites/default/release-files/c821gj77m/1n79hz494/h989rx81s/NW_LS421.TXT
2021-04-09,URUGUAY,Beef Trim,75,0-15 Days,,,,USD/cwt,FOB/TIS,https://esmis.nal.usda.gov/sites/default/release-files/c821gj77m/1n79hz494/h989rx81s/NW_LS421.TXT
2021-04-14,AUSTRALIA AND NEW ZEALAND,Beef Trim,85,0-15 Days,East Coast,,,USD/cwt,FOB/TIS,https://esmis.nal.usda.gov/sites/default/release-files/c821gj77m/0z709r81z/1831dd88q/NW_LS421.TXT
2021-04-14,AUSTRALIA AND NEW ZEALAND,Beef Trim,80,0-15 Days,East Coast,,,USD/cwt,FOB/TIS,https://esmis.nal.usda.gov/sites/default/release-files/c821gj77m/0z709r81z/1831dd88q/NW_LS421.TXT
2021-04-14,AUSTRALIA AND NEW ZEALAND,Beef Trim,75,0-15 Days,East Coast,,,USD/cwt,FOB/TIS,https://esmis.nal.usda.gov/sites/default/release-files/c821gj77m/0z709r81z/1831dd88q/NW_LS421.TXT
2021-04-14,AUSTRALIA AND NEW ZEALAND,Beef Trim,70,0-15 Days,East Coast,,,USD/cwt,FOB/TIS,https://esmis.nal.usda.gov/sites/default/release-files/c821gj77m/0z709r81z/1831dd88q/NW_LS421.TXT
2021-04-14,AUSTRALIA AND NEW ZEALAND,Beef Trim,65,0-15 Days,East Coast,,,USD/cwt,FOB/TIS,https://esmis.nal.usda.gov/sites/default/release-files/c821gj77m/0z709r81z/1831dd88q/NW_LS421.TXT
2021-04-14,URUGUAY,Beef Trim,85,0-15 Days,,,,USD/cwt,FOB/TIS,https://esmis.nal.usda.gov/sites/default/release-files/c821gj77m/0z709r81z/1831dd88q/NW_LS421.TXT
2021-04-14,URUGUAY,Beef Trim,80,0-15 Days,,,,USD/cwt,FOB/TIS,https://esmis.nal.usda.gov/sites/default/release-files/c821gj77m/0z709r81z/1831dd88q/NW_LS421.TXT
2021-04-14,URUGUAY,Beef Trim,75,0-15 Days,,,,USD/cwt,FOB/TIS,https://esmis.nal.usda.gov/sites/default/release-files/c821gj77m/0z709r81z/1831dd88q/NW_LS421.TXT
2021-04-16,AUSTRALIA AND NEW ZEALAND,Beef Trim,85,0-15 Days,East Coast,236.00,236.00,USD/cwt,FOB/TIS,https://esmis.nal.usda.gov/sites/default/release-files/c821gj77m/73666z673/4b29c2708/NW_LS421.TXT
2021-04-16,AUSTRALIA AND NEW ZEALAND,Beef Trim,85,0-15 Days,West Coast,235.00,235.00,USD/cwt,FOB/TIS,https://esmis.nal.usda.gov/sites/default/release-files/c821gj77m/73666z673/4b29c2708/NW_LS421.TXT
2021-04-16,AUSTRALIA AND NEW ZEALAND,Beef Trim,80,0-15 Days,East Coast,,,USD/cwt,FOB/TIS,https://esmis.nal.usda.gov/sites/default/release-files/c821gj77m/73666z673/4b29c2708/NW_LS421.TXT
2021-04-16,AUSTRALIA AND NEW ZEALAND,Beef Trim,75,0-15 Days,East Coast,,,USD/cwt,FOB/TIS,https://esmis.nal.usda.gov/sites/default/release-files/c821gj77m/73666z673/4b29c2708/NW_LS421.TXT
2021-04-16,AUSTRALIA AND NEW ZEALAND,Beef Trim,70,0-15 Days,East Coast,,,USD/cwt,FOB/TIS,https://esmis.nal.usda.gov/sites/default/release-files/c821gj77m/73666z673/4b29c2708/NW_LS421.TXT
2021-04-16,AUSTRALIA AND NEW ZEALAND,Beef Trim,65,0-15 Days,East Coast,,,USD/cwt,FOB/TIS,https://esmis.nal.usda.gov/sites/default/release-files/c821gj77m/73666z673/4b29c2708/NW_LS421.TXT
2021-04-16,URUGUAY,Beef Trim,85,0-15 Days,,,,USD/cwt,FOB/TIS,https://esmis.nal.usda.gov/sites/default/release-files/c821gj77m/73666z673/4b29c2708/NW_LS421.TXT
2021-04-16,URUGUAY,Beef Trim,80,0-15 Days,,,,USD/cwt,FOB/TIS,https://esmis.nal.usda.gov/sites/default/release-files/c821gj77m/73666z673/4b29c2708/NW_LS421.TXT
2021-04-16,URUGUAY,Beef Trim,75,0-15 Days,,,,USD/cwt,FOB/TIS,https://esmis.nal.usda.gov/sites/default/release-files/c821gj77m/73666z673/4b29c2708/NW_LS421.TXT
2021-04-21,AUSTRALIA AND NEW ZEALAND,Beef Trim,85,0-15 Days,East Coast,238.00,238.00,USD/cwt,FOB/TIS,https://esmis.nal.usda.gov/sites/default/release-files/c821gj77m/w6634z30j/n296xt472/NW_LS421.TXT
2021-04-21,AUSTRALIA AND NEW ZEALAND,Beef Trim,80,0-15 Days,East Coast,,,USD/cwt,FOB/TIS,https://esmis.nal.usda.gov/sites/default/release-files/c821gj77m/w6634z30j/n296xt472/NW_LS421.TXT
2021-04-21,AUSTRALIA AND NEW ZEALAND,Beef Trim,75,0-15 Days,East Coast,,,USD/cwt,FOB/TIS,https://esmis.nal.usda.gov/sites/default/release-files/c821gj77m/w6634z30j/n296xt472/NW_LS421.TXT
2021-04-21,AUSTRALIA AND NEW ZEALAND,Beef Trim,70,0-15 Days,East Coast,,,USD/cwt,FOB/TIS,https://esmis.nal.usda.gov/sites/default/release-files/c821gj77m/w6634z30j/n296xt472/NW_LS421.TXT
2021-04-21,AUSTRALIA AND NEW ZEALAND,Beef Trim,65,0-15 Days,East Coast,,,USD/cwt,FOB/TIS,https://esmis.nal.usda.gov/sites/default/release-files/c821gj77m/w6634z30j/n296xt472/NW_LS421.TXT
2021-04-21,URUGUAY,Beef Trim,85,0-15 Days,,,,USD/cwt,FOB/TIS,https://esmis.nal.usda.gov/sites/default/release-files/c821gj77m/w6634z30j/n296xt472/NW_LS421.TXT
2021-04-21,URUGUAY,Beef Trim,80,0-15 Days,,,,USD/cwt,FOB/TIS,https://esmis.nal.usda.gov/sites/default/release-files/c821gj77m/w6634z30j/n296xt472/NW_LS421.TXT
2021-04-21,URUGUAY,Beef Trim,75,0-15 Days,,,,USD/cwt,FOB/TIS,https://esmis.nal.usda.gov/sites/default/release-files/c821gj77m/w6634z30j/n296xt472/NW_LS421.TXT
2021-04-23,AUSTRALIA AND NEW ZEALAND,Beef Trim,85,0-15 Days,East Coast,238.00,238.00,USD/cwt,FOB/TIS,https://esmis.nal.usda.gov/sites/default/release-files/c821gj77m/8910kp444/rb68z732q/NW_LS421.TXT
2021-04-23,AUSTRALIA AND NEW ZEALAND,Beef Trim,80,0-15 Days,East Coast,,,USD/cwt,FOB/TIS,https://esmis.nal.usda.gov/sites/default/release-files/c821gj77m/8910kp444/rb68z732q/NW_LS421.TXT
2021-04-23,AUSTRALIA AND NEW ZEALAND,Beef Trim,75,0-15 Days,East Coast,,,USD/cwt,FOB/TIS,https://esmis.nal.usda.gov/sites/default/release-files/c821gj77m/8910kp444/rb68z732q/NW_LS421.TXT
2021-04-23,AUSTRALIA AND NEW ZEALAND,Beef Trim,70,0-15 Days,East Coast,,,USD/cwt,FOB/TIS,https://esmis.nal.usda.gov/sites/default/release-files/c821gj77m/8910kp444/rb68z732q/NW_LS421.TXT
2021-04-23,AUSTRALIA AND NEW ZEALAND,Beef Trim,65,0-15 Days,East Coast,,,USD/cwt,FOB/TIS,https://esmis.nal.usda.gov/sites/default/release-files/c821gj77m/8910kp444/rb68z732q/NW_LS421.TXT
2021-04-23,URUGUAY,Beef Trim,85,0-15 Days,,,,USD/cwt,FOB/TIS,https://esmis.nal.usda.gov/sites/default/release-files/c821gj77m/8910kp444/rb68z732q/NW_LS421.TXT
2021-04-23,URUGUAY,Beef Trim,80,0-15 Days,,,,USD/cwt,FOB/TIS,https://esmis.nal.usda.gov/sites/default/release-files/c821gj77m/8910kp444/rb68z732q/NW_LS421.TXT
2021-04-23,URUGUAY,Beef Trim,75,0-15 Days,,,,USD/cwt,FOB/TIS,https://esmis.nal.usda.gov/sites/default/release-files/c821gj77m/8910kp444/rb68z732q/NW_LS421.TXT
2021-04-28,AUSTRALIA AND NEW ZEALAND,Beef Trim,85,0-15 Days,East Coast,236.00,237.00,USD/cwt,FOB/TIS,https://esmis.nal.usda.gov/sites/default/release-files/c821gj77m/sq87cp800/2801qb93f/NW_LS421.TXT
2021-04-28,AUSTRALIA AND NEW ZEALAND,Beef Trim,80,0-15 Days,East Coast,207.00,208.00,USD/cwt,FOB/TIS,https://esmis.nal.usda.gov/sites/default/release-files/c821gj77m/sq87cp800/2801qb93f/NW_LS421.TXT
2021-04-28,AUSTRALIA AND NEW ZEALAND,Beef Trim,75,0-15 Days,East Coast,,,USD/cwt,FOB/TIS,https://esmis.nal.usda.gov/sites/default/release-files/c821gj77m/sq87cp800/2801qb93f/NW_LS421.TXT
2021-04-28,AUSTRALIA AND NEW ZEALAND,Beef Trim,70,0-15 Days,East Coast,,,USD/cwt,FOB/TIS,https://esmis.nal.usda.gov/sites/default/release-files/c821gj77m/sq87cp800/2801qb93f/NW_LS421.TXT
2021-04-28,AUSTRALIA AND NEW ZEALAND,Beef Trim,65,0-15 Days,East Coast,,,USD/cwt,FOB/TIS,https://esmis.nal.usda.gov/sites/default/release-files/c821gj77m/sq87cp800/2801qb93f/NW_LS421.TXT
2021-04-28,URUGUAY,Beef Trim,85,0-15 Days,,,,USD/cwt,FOB/TIS,https://esmis.nal.usda.gov/sites/default/release-files/c821gj77m/sq87cp800/2801qb93f/NW_LS421.TXT
2021-04-28,URUGUAY,Beef Trim,80,0-15 Days,,,,USD/cwt,FOB/TIS,https://esmis.nal.usda.gov/sites/default/release-files/c821gj77m/sq87cp800/2801qb93f/NW_LS421.TXT
2021-04-28,URUGUAY,Beef Trim,75,0-15 Days,,,,USD/cwt,FOB/TIS,https://esmis.nal.usda.gov/sites/default/release-files/c821gj77m/sq87cp800/2801qb93f/NW_LS421.TXT
2021-04-30,AUSTRALIA AND NEW ZEALAND,Beef Trim,85,0-15 Days,East Coast,236.00,237.00,USD/cwt,FOB/TIS,https://esmis.nal.usda.gov/sites/default/release-files/c821gj77m/nk3238644/w08936851/NW_LS421.TXT
2021-04-30,AUSTRALIA AND NEW ZEALAND,Beef Trim,80,0-15 Days,East Coast,207.00,208.00,USD/cwt,FOB/TIS,https://esmis.nal.usda.gov/sites/default/release-files/c821gj77m/nk3238644/w08936851/NW_LS421.TXT
2021-04-30,AUSTRALIA AND NEW ZEALAND,Beef Trim,75,0-15 Days,East Coast,,,USD/cwt,FOB/TIS,https://esmis.nal.usda.gov/sites/default/release-files/c821gj77m/nk3238644/w08936851/NW_LS421.TXT
2021-04-30,AUSTRALIA AND NEW ZEALAND,Beef Trim,70,0-15 Days,East Coast,,,USD/cwt,FOB/TIS,https://esmis.nal.usda.gov/sites/default/release-files/c821gj77m/nk3238644/w08936851/NW_LS421.TXT
2021-04-30,AUSTRALIA AND NEW ZEALAND,Beef Trim,65,0-15 Days,East Coast,,,USD/cwt,FOB/TIS,https://esmis.nal.usda.gov/sites/default/release-files/c821gj77m/nk3238644/w08936851/NW_LS421.TXT
2021-04-30,URUGUAY,Beef Trim,85,0-15 Days,,,,USD/cwt,FOB/TIS,https://esmis.nal.usda.gov/sites/default/release-files/c821gj77m/nk3238644/w08936851/NW_LS421.TXT
2021-04-30,URUGUAY,Beef Trim,80,0-15 Days,,,,USD/cwt,FOB/TIS,https://esmis.nal.usda.gov/sites/default/release-files/c821gj77m/nk3238644/w08936851/NW_LS421.TXT
2021-04-30,URUGUAY,Beef Trim,75,0-15 Days,,,,USD/cwt,FOB/TIS,https://esmis.nal.usda.gov/sites/default/release-files/c821gj77m/nk3238644/w08936851/NW_LS421.TXT
2021-05-05,AUSTRALIA AND NEW ZEALAND,Beef Trim,85,0-15 Days,East Coast,238.00,239.00,USD/cwt,FOB/TIS,https://esmis.nal.usda.gov/sites/default/release-files/c821gj77m/5712n241z/2b88r8293/NW_LS421.TXT
2021-05-05,AUSTRALIA AND NEW ZEALAND,Beef Trim,80,0-15 Days,East Coast,208.00,208.00,USD/cwt,FOB/TIS,https://esmis.nal.usda.gov/sites/default/release-files/c821gj77m/5712n241z/2b88r8293/NW_LS421.TXT
2021-05-05,AUSTRALIA AND NEW ZEALAND,Beef Trim,75,0-15 Days,East Coast,,,USD/cwt,FOB/TIS,https://esmis.nal.usda.gov/sites/default/release-files/c821gj77m/5712n241z/2b88r8293/NW_LS421.TXT
2021-05-05,AUSTRALIA AND NEW ZEALAND,Beef Trim,70,0-15 Days,East Coast,,,USD/cwt,FOB/TIS,https://esmis.nal.usda.gov/sites/default/release-files/c821gj77m/5712n241z/2b88r8293/NW_LS421.TXT
2021-05-05,AUSTRALIA AND NEW ZEALAND,Beef Trim,65,0-15 Days,East Coast,,,USD/cwt,FOB/TIS,https://esmis.nal.usda.gov/sites/default/release-files/c821gj77m/5712n241z/2b88r8293/NW_LS421.TXT
2021-05-05,URUGUAY,Beef Trim,85,0-15 Days,,,,USD/cwt,FOB/TIS,https://esmis.nal.usda.gov/sites/default/release-files/c821gj77m/5712n241z/2b88r8293/NW_LS421.TXT
2021-05-05,URUGUAY,Beef Trim,80,0-15 Days,,,,USD/cwt,FOB/TIS,https://esmis.nal.usda.gov/sites/default/release-files/c821gj77m/5712n241z/2b88r8293/NW_LS421.TXT
2021-05-05,URUGUAY,Beef Trim,75,0-15 Days,,,,USD/cwt,FOB/TIS,https://esmis.nal.usda.gov/sites/default/release-files/c821gj77m/5712n241z/2b88r8293/NW_LS421.TXT
2021-05-07,AUSTRALIA AND NEW ZEALAND,Beef Trim,85,0-15 Days,East Coast,238.00,239.00,USD/cwt,FOB/TIS,https://esmis.nal.usda.gov/sites/default/release-files/c821gj77m/hx11z937z/mw22w274k/NW_LS421.TXT
2021-05-07,AUSTRALIA AND NEW ZEALAND,Beef Trim,80,0-15 Days,East Coast,208.00,208.00,USD/cwt,FOB/TIS,https://esmis.nal.usda.gov/sites/default/release-files/c821gj77m/hx11z937z/mw22w274k/NW_LS421.TXT
2021-05-07,AUSTRALIA AND NEW ZEALAND,Beef Trim,75,0-15 Days,East Coast,,,USD/cwt,FOB/TIS,https://esmis.nal.usda.gov/sites/default/release-files/c821gj77m/hx11z937z/mw22w274k/NW_LS421.TXT
2021-05-07,AUSTRALIA AND NEW ZEALAND,Beef Trim,70,0-15 Days,East Coast,,,USD/cwt,FOB/TIS,https://esmis.nal.usda.gov/sites/default/release-files/c821gj77m/hx11z937z/mw22w274k/NW_LS421.TXT
2021-05-07,AUSTRALIA AND NEW ZEALAND,Beef Trim,65,0-15 Days,East Coast,,,USD/cwt,FOB/TIS,https://esmis.nal.usda.gov/sites/default/release-files/c821gj77m/hx11z937z/mw22w274k/NW_LS421.TXT
2021-05-07,URUGUAY,Beef Trim,85,0-15 Days,,,,USD/cwt,FOB/TIS,https://esmis.nal.usda.gov/sites/default/release-files/c821gj77m/hx11z937z/mw22w274k/NW_LS421.TXT
2021-05-07,URUGUAY,Beef Trim,80,0-15 Days,,,,USD/cwt,FOB/TIS,https://esmis.nal.usda.gov/sites/default/release-files/c821gj77m/hx11z937z/mw22w274k/NW_LS421.TXT
2021-05-07,URUGUAY,Beef Trim,75,0-15 Days,,,,USD/cwt,FOB/TIS,https://esmis.nal.usda.gov/sites/default/release-files/c821gj77m/hx11z937z/mw22w274k/NW_LS421.TXT
2021-05-12,AUSTRALIA AND NEW ZEALAND,Beef Trim,85,0-15 Days,East Coast,,,USD/cwt,FOB/TIS,https://esmis.nal.usda.gov/sites/default/release-files/c821gj77m/6682z067x/5138kb25h/NW_LS421.TXT
2021-05-12,AUSTRALIA AND NEW ZEALAND,Beef Trim,80,0-15 Days,East Coast,,,USD/cwt,FOB/TIS,https://esmis.nal.usda.gov/sites/default/release-files/c821gj77m/6682z067x/5138kb25h/NW_LS421.TXT
2021-05-12,AUSTRALIA AND NEW ZEALAND,Beef Trim,75,0-15 Days,East Coast,,,USD/cwt,FOB/TIS,https://esmis.nal.usda.gov/sites/default/release-files/c821gj77m/6682z067x/5138kb25h/NW_LS421.TXT
2021-05-12,AUSTRALIA AND NEW ZEALAND,Beef Trim,70,0-15 Days,East Coast,,,USD/cwt,FOB/TIS,https://esmis.nal.usda.gov/sites/default/release-files/c821gj77m/6682z067x/5138kb25h/NW_LS421.TXT
2021-05-12,AUSTRALIA AND NEW ZEALAND,Beef Trim,65,0-15 Days,East Coast,,,USD/cwt,FOB/TIS,https://esmis.nal.usda.gov/sites/default/release-files/c821gj77m/6682z067x/5138kb25h/NW_LS421.TXT
2021-05-12,URUGUAY,Beef Trim,85,0-15 Days,,,,USD/cwt,FOB/TIS,https://esmis.nal.usda.gov/sites/default/release-files/c821gj77m/6682z067x/5138kb25h/NW_LS421.TXT
2021-05-12,URUGUAY,Beef Trim,80,0-15 Days,,,,USD/cwt,FOB/TIS,https://esmis.nal.usda.gov/sites/default/release-files/c821gj77m/6682z067x/5138kb25h/NW_LS421.TXT
2021-05-12,URUGUAY,Beef Trim,75,0-15 Days,,,,USD/cwt,FOB/TIS,https://esmis.nal.usda.gov/sites/default/release-files/c821gj77m/6682z067x/5138kb25h/NW_LS421.TXT
2021-05-14,AUSTRALIA AND NEW ZEALAND,Beef Trim,85,0-15 Days,East Coast,,,USD/cwt,FOB/TIS,https://esmis.nal.usda.gov/sites/default/release-files/c821gj77m/qv33ss18b/6w9256718/NW_LS421.TXT
2021-05-14,AUSTRALIA AND NEW ZEALAND,Beef Trim,80,0-15 Days,East Coast,,,USD/cwt,FOB/TIS,https://esmis.nal.usda.gov/sites/default/release-files/c821gj77m/qv33ss18b/6w9256718/NW_LS421.TXT
2021-05-14,AUSTRALIA AND NEW ZEALAND,Beef Trim,75,0-15 Days,East Coast,,,USD/cwt,FOB/TIS,https://esmis.nal.usda.gov/sites/default/release-files/c821gj77m/qv33ss18b/6w9256718/NW_LS421.TXT
2021-05-14,AUSTRALIA AND NEW ZEALAND,Beef Trim,70,0-15 Days,East Coast,,,USD/cwt,FOB/TIS,https://esmis.nal.usda.gov/sites/default/release-files/c821gj77m/qv33ss18b/6w9256718/NW_LS421.TXT
2021-05-14,AUSTRALIA AND NEW ZEALAND,Beef Trim,65,0-15 Days,East Coast,,,USD/cwt,FOB/TIS,https://esmis.nal.usda.gov/sites/default/release-files/c821gj77m/qv33ss18b/6w9256718/NW_LS421.TXT
2021-05-14,URUGUAY,Beef Trim,85,0-15 Days,,,,USD/cwt,FOB/TIS,https://esmis.nal.usda.gov/sites/default/release-files/c821gj77m/qv33ss18b/6w9256718/NW_LS421.TXT
2021-05-14,URUGUAY,Beef Trim,80,0-15 Days,,,,USD/cwt,FOB/TIS,https://esmis.nal.usda.gov/sites/default/release-files/c821gj77m/qv33ss18b/6w9256718/NW_LS421.TXT
2021-05-14,URUGUAY,Beef Trim,75,0-15 Days,,,,USD/cwt,FOB/TIS,https://esmis.nal.usda.gov/sites/default/release-files/c821gj77m/qv33ss18b/6w9256718/NW_LS421.TXT
2021-05-19,AUSTRALIA AND NEW ZEALAND,Beef Trim,85,0-15 Days,East Coast,253.00,253.00,USD/cwt,FOB/TIS,https://esmis.nal.usda.gov/sites/default/release-files/c821gj77m/z316qx387/mk61sd06n/NW_LS421.TXT
2021-05-19,AUSTRALIA AND NEW ZEALAND,Beef Trim,80,0-15 Days,East Coast,,,USD/cwt,FOB/TIS,https://esmis.nal.usda.gov/sites/default/release-files/c821gj77m/z316qx387/mk61sd06n/NW_LS421.TXT
2021-05-19,AUSTRALIA AND NEW ZEALAND,Beef Trim,75,0-15 Days,East Coast,,,USD/cwt,FOB/TIS,https://esmis.nal.usda.gov/sites/default/release-files/c821gj77m/z316qx387/mk61sd06n/NW_LS421.TXT
2021-05-19,AUSTRALIA AND NEW ZEALAND,Beef Trim,70,0-15 Days,East Coast,,,USD/cwt,FOB/TIS,https://esmis.nal.usda.gov/sites/default/release-files/c821gj77m/z316qx387/mk61sd06n/NW_LS421.TXT
2021-05-19,AUSTRALIA AND NEW ZEALAND,Beef Trim,65,0-15 Days,East Coast,,,USD/cwt,FOB/TIS,https://esmis.nal.usda.gov/sites/default/release-files/c821gj77m/z316qx387/mk61sd06n/NW_LS421.TXT
2021-05-19,URUGUAY,Beef Trim,85,0-15 Days,,,,USD/cwt,FOB/TIS,https://esmis.nal.usda.gov/sites/default/release-files/c821gj77m/z316qx387/mk61sd06n/NW_LS421.TXT
2021-05-19,URUGUAY,Beef Trim,80,0-15 Days,,,,USD/cwt,FOB/TIS,https://esmis.nal.usda.gov/sites/default/release-files/c821gj77m/z316qx387/mk61sd06n/NW_LS421.TXT
2021-05-19,URUGUAY,Beef Trim,75,0-15 Days,,,,USD/cwt,FOB/TIS,https://esmis.nal.usda.gov/sites/default/release-files/c821gj77m/z316qx387/mk61sd06n/NW_LS421.TXT
2021-05-21,AUSTRALIA AND NEW ZEALAND,Beef Trim,85,0-15 Days,East Coast,253.00,253.00,USD/cwt,FOB/TIS,https://esmis.nal.usda.gov/sites/default/release-files/c821gj77m/nc581j01s/pz50hs54s/NW_LS421.TXT
2021-05-21,AUSTRALIA AND NEW ZEALAND,Beef Trim,80,0-15 Days,East Coast,,,USD/cwt,FOB/TIS,https://esmis.nal.usda.gov/sites/default/release-files/c821gj77m/nc581j01s/pz50hs54s/NW_LS421.TXT
2021-05-21,AUSTRALIA AND NEW ZEALAND,Beef Trim,75,0-15 Days,East Coast,,,USD/cwt,FOB/TIS,https://esmis.nal.usda.gov/sites/default/release-files/c821gj77m/nc581j01s/pz50hs54s/NW_LS421.TXT
2021-05-21,AUSTRALIA AND NEW ZEALAND,Beef Trim,70,0-15 Days,East Coast,,,USD/cwt,FOB/TIS,https://esmis.nal.usda.gov/sites/default/release-files/c821gj77m/nc581j01s/pz50hs54s/NW_LS421.TXT
2021-05-21,AUSTRALIA AND NEW ZEALAND,Beef Trim,65,0-15 Days,East Coast,,,USD/cwt,FOB/TIS,https://esmis.nal.usda.gov/sites/default/release-files/c821gj77m/nc581j01s/pz50hs54s/NW_LS421.TXT
2021-05-21,URUGUAY,Beef Trim,85,0-15 Days,,,,USD/cwt,FOB/TIS,https://esmis.nal.usda.gov/sites/default/release-files/c821gj77m/nc581j01s/pz50hs54s/NW_LS421.TXT
2021-05-21,URUGUAY,Beef Trim,80,0-15 Days,,,,USD/cwt,FOB/TIS,https://esmis.nal.usda.gov/sites/default/release-files/c821gj77m/nc581j01s/pz50hs54s/NW_LS421.TXT
2021-05-21,URUGUAY,Beef Trim,75,0-15 Days,,,,USD/cwt,FOB/TIS,https://esmis.nal.usda.gov/sites/default/release-files/c821gj77m/nc581j01s/pz50hs54s/NW_LS421.TXT
2021-05-26,AUSTRALIA AND NEW ZEALAND,Beef Trim,85,0-15 Days,East Coast,255.00,257.00,USD/cwt,FOB/TIS,https://esmis.nal.usda.gov/sites/default/release-files/c821gj77m/7d279p46j/mc87qk49r/NW_LS421.TXT
2021-05-26,AUSTRALIA AND NEW ZEALAND,Beef Trim,80,0-15 Days,East Coast,230.00,235.00,USD/cwt,FOB/TIS,https://esmis.nal.usda.gov/sites/default/release-files/c821gj77m/7d279p46j/mc87qk49r/NW_LS421.TXT
2021-05-26,AUSTRALIA AND NEW ZEALAND,Beef Trim,75,0-15 Days,East Coast,215.00,220.00,USD/cwt,FOB/TIS,https://esmis.nal.usda.gov/sites/default/release-files/c821gj77m/7d279p46j/mc87qk49r/NW_LS421.TXT
2021-05-26,AUSTRALIA AND NEW ZEALAND,Beef Trim,70,0-15 Days,East Coast,,,USD/cwt,FOB/TIS,https://esmis.nal.usda.gov/sites/default/release-files/c821gj77m/7d279p46j/mc87qk49r/NW_LS421.TXT
2021-05-26,AUSTRALIA AND NEW ZEALAND,Beef Trim,65,0-15 Days,East Coast,,,USD/cwt,FOB/TIS,https://esmis.nal.usda.gov/sites/default/release-files/c821gj77m/7d279p46j/mc87qk49r/NW_LS421.TXT
2021-05-26,URUGUAY,Beef Trim,85,0-15 Days,,,,USD/cwt,FOB/TIS,https://esmis.nal.usda.gov/sites/default/release-files/c821gj77m/7d279p46j/mc87qk49r/NW_LS421.TXT
2021-05-26,URUGUAY,Beef Trim,80,0-15 Days,,,,USD/cwt,FOB/TIS,https://esmis.nal.usda.gov/sites/default/release-files/c821gj77m/7d279p46j/mc87qk49r/NW_LS421.TXT
2021-05-26,URUGUAY,Beef Trim,75,0-15 Days,,,,USD/cwt,FOB/TIS,https://esmis.nal.usda.gov/sites/default/release-files/c821gj77m/7d279p46j/mc87qk49r/NW_LS421.TXT
2021-05-28,AUSTRALIA AND NEW ZEALAND,Beef Trim,85,0-15 Days,East Coast,255.00,257.00,USD/cwt,FOB/TIS,https://esmis.nal.usda.gov/sites/default/release-files/c821gj77m/rx914m089/p8419j08v/NW_LS421.TXT
2021-05-28,AUSTRALIA AND NEW ZEALAND,Beef Trim,80,0-15 Days,East Coast,230.00,235.00,USD/cwt,FOB/TIS,https://esmis.nal.usda.gov/sites/default/release-files/c821gj77m/rx914m089/p8419j08v/NW_LS421.TXT
2021-05-28,AUSTRALIA AND NEW ZEALAND,Beef Trim,75,0-15 Days,East Coast,215.00,220.00,USD/cwt,FOB/TIS,https://esmis.nal.usda.gov/sites/default/release-files/c821gj77m/rx914m089/p8419j08v/NW_LS421.TXT
2021-05-28,AUSTRALIA AND NEW ZEALAND,Beef Trim,70,0-15 Days,East Coast,,,USD/cwt,FOB/TIS,https://esmis.nal.usda.gov/sites/default/release-files/c821gj77m/rx914m089/p8419j08v/NW_LS421.TXT
2021-05-28,AUSTRALIA AND NEW ZEALAND,Beef Trim,65,0-15 Days,East Coast,,,USD/cwt,FOB/TIS,https://esmis.nal.usda.gov/sites/default/release-files/c821gj77m/rx914m089/p8419j08v/NW_LS421.TXT
2021-05-28,URUGUAY,Beef Trim,85,0-15 Days,,,,USD/cwt,FOB/TIS,https://esmis.nal.usda.gov/sites/default/release-files/c821gj77m/rx914m089/p8419j08v/NW_LS421.TXT
2021-05-28,URUGUAY,Beef Trim,80,0-15 Days,,,,USD/cwt,FOB/TIS,https://esmis.nal.usda.gov/sites/default/release-files/c821gj77m/rx914m089/p8419j08v/NW_LS421.TXT
2021-05-28,URUGUAY,Beef Trim,75,0-15 Days,,,,USD/cwt,FOB/TIS,https://esmis.nal.usda.gov/sites/default/release-files/c821gj77m/rx914m089/p8419j08v/NW_LS421.TXT
2021-06-02,AUSTRALIA AND NEW ZEALAND,Beef Trim,85,0-15 Days,East Coast,257.00,260.00,USD/cwt,FOB/TIS,https://esmis.nal.usda.gov/sites/default/release-files/c821gj77m/707964380/d791tb70v/NW_LS421.TXT
2021-06-02,AUSTRALIA AND NEW ZEALAND,Beef Trim,80,0-15 Days,East Coast,235.00,235.00,USD/cwt,FOB/TIS,https://esmis.nal.usda.gov/sites/default/release-files/c821gj77m/707964380/d791tb70v/NW_LS421.TXT
2021-06-02,AUSTRALIA AND NEW ZEALAND,Beef Trim,75,0-15 Days,East Coast,217.00,220.00,USD/cwt,FOB/TIS,https://esmis.nal.usda.gov/sites/default/release-files/c821gj77m/707964380/d791tb70v/NW_LS421.TXT
2021-06-02,AUSTRALIA AND NEW ZEALAND,Beef Trim,70,0-15 Days,East Coast,,,USD/cwt,FOB/TIS,https://esmis.nal.usda.gov/sites/default/release-files/c821gj77m/707964380/d791tb70v/NW_LS421.TXT
2021-06-02,AUSTRALIA AND NEW ZEALAND,Beef Trim,65,0-15 Days,East Coast,,,USD/cwt,FOB/TIS,https://esmis.nal.usda.gov/sites/default/release-files/c821gj77m/707964380/d791tb70v/NW_LS421.TXT
2021-06-02,URUGUAY,Beef Trim,85,0-15 Days,,,,USD/cwt,FOB/TIS,https://esmis.nal.usda.gov/sites/default/release-files/c821gj77m/707964380/d791tb70v/NW_LS421.TXT
2021-06-02,URUGUAY,Beef Trim,80,0-15 Days,,,,USD/cwt,FOB/TIS,https://esmis.nal.usda.gov/sites/default/release-files/c821gj77m/707964380/d791tb70v/NW_LS421.TXT
2021-06-02,URUGUAY,Beef Trim,75,0-15 Days,,,,USD/cwt,FOB/TIS,https://esmis.nal.usda.gov/sites/default/release-files/c821gj77m/707964380/d791tb70v/NW_LS421.TXT
2021-06-04,AUSTRALIA AND NEW ZEALAND,Beef Trim,85,0-15 Days,East Coast,257.00,260.00,USD/cwt,FOB/TIS,https://esmis.nal.usda.gov/sites/default/release-files/c821gj77m/1g05g8674/6d570t91x/NW_LS421.TXT
2021-06-04,AUSTRALIA AND NEW ZEALAND,Beef Trim,80,0-15 Days,East Coast,235.00,235.00,USD/cwt,FOB/TIS,https://esmis.nal.usda.gov/sites/default/release-files/c821gj77m/1g05g8674/6d570t91x/NW_LS421.TXT
2021-06-04,AUSTRALIA AND NEW ZEALAND,Beef Trim,75,0-15 Days,East Coast,217.00,220.00,USD/cwt,FOB/TIS,https://esmis.nal.usda.gov/sites/default/release-files/c821gj77m/1g05g8674/6d570t91x/NW_LS421.TXT
2021-06-04,AUSTRALIA AND NEW ZEALAND,Beef Trim,70,0-15 Days,East Coast,,,USD/cwt,FOB/TIS,https://esmis.nal.usda.gov/sites/default/release-files/c821gj77m/1g05g8674/6d570t91x/NW_LS421.TXT
2021-06-04,AUSTRALIA AND NEW ZEALAND,Beef Trim,65,0-15 Days,East Coast,,,USD/cwt,FOB/TIS,https://esmis.nal.usda.gov/sites/default/release-files/c821gj77m/1g05g8674/6d570t91x/NW_LS421.TXT
2021-06-04,URUGUAY,Beef Trim,85,0-15 Days,,,,USD/cwt,FOB/TIS,https://esmis.nal.usda.gov/sites/default/release-files/c821gj77m/1g05g8674/6d570t91x/NW_LS421.TXT
2021-06-04,URUGUAY,Beef Trim,80,0-15 Days,,,,USD/cwt,FOB/TIS,https://esmis.nal.usda.gov/sites/default/release-files/c821gj77m/1g05g8674/6d570t91x/NW_LS421.TXT
2021-06-04,URUGUAY,Beef Trim,75,0-15 Days,,,,USD/cwt,FOB/TIS,https://esmis.nal.usda.gov/sites/default/release-files/c821gj77m/1g05g8674/6d570t91x/NW_LS421.TXT
2021-06-09,AUSTRALIA AND NEW ZEALAND,Beef Trim,85,0-15 Days,East Coast,,,USD/cwt,FOB/TIS,https://esmis.nal.usda.gov/sites/default/release-files/c821gj77m/m900pq58f/x346f094w/NW_LS421.TXT
2021-06-09,AUSTRALIA AND NEW ZEALAND,Beef Trim,80,0-15 Days,East Coast,,,USD/cwt,FOB/TIS,https://esmis.nal.usda.gov/sites/default/release-files/c821gj77m/m900pq58f/x346f094w/NW_LS421.TXT
2021-06-09,AUSTRALIA AND NEW ZEALAND,Beef Trim,75,0-15 Days,East Coast,,,USD/cwt,FOB/TIS,https://esmis.nal.usda.gov/sites/default/release-files/c821gj77m/m900pq58f/x346f094w/NW_LS421.TXT
2021-06-09,AUSTRALIA AND NEW ZEALAND,Beef Trim,70,0-15 Days,East Coast,,,USD/cwt,FOB/TIS,https://esmis.nal.usda.gov/sites/default/release-files/c821gj77m/m900pq58f/x346f094w/NW_LS421.TXT
2021-06-09,AUSTRALIA AND NEW ZEALAND,Beef Trim,65,0-15 Days,East Coast,,,USD/cwt,FOB/TIS,https://esmis.nal.usda.gov/sites/default/release-files/c821gj77m/m900pq58f/x346f094w/NW_LS421.TXT
2021-06-09,URUGUAY,Beef Trim,85,0-15 Days,,,,USD/cwt,FOB/TIS,https://esmis.nal.usda.gov/sites/default/release-files/c821gj77m/m900pq58f/x346f094w/NW_LS421.TXT
2021-06-09,URUGUAY,Beef Trim,80,0-15 Days,,,,USD/cwt,FOB/TIS,https://esmis.nal.usda.gov/sites/default/release-files/c821gj77m/m900pq58f/x346f094w/NW_LS421.TXT
2021-06-09,URUGUAY,Beef Trim,75,0-15 Days,,,,USD/cwt,FOB/TIS,https://esmis.nal.usda.gov/sites/default/release-files/c821gj77m/m900pq58f/x346f094w/NW_LS421.TXT
2021-06-11,AUSTRALIA AND NEW ZEALAND,Beef Trim,85,0-15 Days,East Coast,,,USD/cwt,FOB/TIS,https://esmis.nal.usda.gov/sites/default/release-files/c821gj77m/79408t599/qv33ss78s/NW_LS421.TXT
2021-06-11,AUSTRALIA AND NEW ZEALAND,Beef Trim,80,0-15 Days,East Coast,,,USD/cwt,FOB/TIS,https://esmis.nal.usda.gov/sites/default/release-files/c821gj77m/79408t599/qv33ss78s/NW_LS421.TXT
2021-06-11,AUSTRALIA AND NEW ZEALAND,Beef Trim,75,0-15 Days,East Coast,,,USD/cwt,FOB/TIS,https://esmis.nal.usda.gov/sites/default/release-files/c821gj77m/79408t599/qv33ss78s/NW_LS421.TXT
2021-06-11,AUSTRALIA AND NEW ZEALAND,Beef Trim,70,0-15 Days,East Coast,,,USD/cwt,FOB/TIS,https://esmis.nal.usda.gov/sites/default/release-files/c821gj77m/79408t599/qv33ss78s/NW_LS421.TXT
2021-06-11,AUSTRALIA AND NEW ZEALAND,Beef Trim,65,0-15 Days,East Coast,,,USD/cwt,FOB/TIS,https://esmis.nal.usda.gov/sites/default/release-files/c821gj77m/79408t599/qv33ss78s/NW_LS421.TXT
2021-06-11,URUGUAY,Beef Trim,85,0-15 Days,,,,USD/cwt,FOB/TIS,https://esmis.nal.usda.gov/sites/default/release-files/c821gj77m/79408t599/qv33ss78s/NW_LS421.TXT
2021-06-11,URUGUAY,Beef Trim,80,0-15 Days,,,,USD/cwt,FOB/TIS,https://esmis.nal.usda.gov/sites/default/release-files/c821gj77m/79408t599/qv33ss78s/NW_LS421.TXT
2021-06-11,URUGUAY,Beef Trim,75,0-15 Days,,,,USD/cwt,FOB/TIS,https://esmis.nal.usda.gov/sites/default/release-files/c821gj77m/79408t599/qv33ss78s/NW_LS421.TXT
2021-06-16,AUSTRALIA AND NEW ZEALAND,Beef Trim,85,0-15 Days,East Coast,256.00,258.00,USD/cwt,FOB/TIS,https://esmis.nal.usda.gov/sites/default/release-files/c821gj77m/7m01cg81m/jh344p50g/NW_LS421.TXT
2021-06-16,AUSTRALIA AND NEW ZEALAND,Beef Trim,80,0-15 Days,East Coast,235.00,238.00,USD/cwt,FOB/TIS,https://esmis.nal.usda.gov/sites/default/release-files/c821gj77m/7m01cg81m/jh344p50g/NW_LS421.TXT
2021-06-16,AUSTRALIA AND NEW ZEALAND,Beef Trim,75,0-15 Days,East Coast,,,USD/cwt,FOB/TIS,https://esmis.nal.usda.gov/sites/default/release-files/c821gj77m/7m01cg81m/jh344p50g/NW_LS421.TXT
2021-06-16,AUSTRALIA AND NEW ZEALAND,Beef Trim,70,0-15 Days,East Coast,,,USD/cwt,FOB/TIS,https://esmis.nal.usda.gov/sites/default/release-files/c821gj77m/7m01cg81m/jh344p50g/NW_LS421.TXT
2021-06-16,AUSTRALIA AND NEW ZEALAND,Beef Trim,65,0-15 Days,East Coast,,,USD/cwt,FOB/TIS,https://esmis.nal.usda.gov/sites/default/release-files/c821gj77m/7m01cg81m/jh344p50g/NW_LS421.TXT
2021-06-16,URUGUAY,Beef Trim,85,0-15 Days,,,,USD/cwt,FOB/TIS,https://esmis.nal.usda.gov/sites/default/release-files/c821gj77m/7m01cg81m/jh344p50g/NW_LS421.TXT
2021-06-16,URUGUAY,Beef Trim,80,0-15 Days,,,,USD/cwt,FOB/TIS,https://esmis.nal.usda.gov/sites/default/release-files/c821gj77m/7m01cg81m/jh344p50g/NW_LS421.TXT
2021-06-16,URUGUAY,Beef Trim,75,0-15 Days,,,,USD/cwt,FOB/TIS,https://esmis.nal.usda.gov/sites/default/release-files/c821gj77m/7m01cg81m/jh344p50g/NW_LS421.TXT
2021-06-18,AUSTRALIA AND NEW ZEALAND,Beef Trim,85,0-15 Days,East Coast,256.00,259.00,USD/cwt,FOB/TIS,https://esmis.nal.usda.gov/sites/default/release-files/c821gj77m/9306tv514/6682z1364/NW_LS421.TXT
2021-06-18,AUSTRALIA AND NEW ZEALAND,Beef Trim,80,0-15 Days,East Coast,235.00,238.00,USD/cwt,FOB/TIS,https://esmis.nal.usda.gov/sites/default/release-files/c821gj77m/9306tv514/6682z1364/NW_LS421.TXT
2021-06-18,AUSTRALIA AND NEW ZEALAND,Beef Trim,75,0-15 Days,East Coast,,,USD/cwt,FOB/TIS,https://esmis.nal.usda.gov/sites/default/release-files/c821gj77m/9306tv514/6682z1364/NW_LS421.TXT
2021-06-18,AUSTRALIA AND NEW ZEALAND,Beef Trim,70,0-15 Days,East Coast,,,USD/cwt,FOB/TIS,https://esmis.nal.usda.gov/sites/default/release-files/c821gj77m/9306tv514/6682z1364/NW_LS421.TXT
2021-06-18,AUSTRALIA AND NEW ZEALAND,Beef Trim,65,0-15 Days,East Coast,,,USD/cwt,FOB/TIS,https://esmis.nal.usda.gov/sites/default/release-files/c821gj77m/9306tv514/6682z1364/NW_LS421.TXT
2021-06-18,URUGUAY,Beef Trim,85,0-15 Days,,,,USD/cwt,FOB/TIS,https://esmis.nal.usda.gov/sites/default/release-files/c821gj77m/9306tv514/6682z1364/NW_LS421.TXT
2021-06-18,URUGUAY,Beef Trim,80,0-15 Days,,,,USD/cwt,FOB/TIS,https://esmis.nal.usda.gov/sites/default/release-files/c821gj77m/9306tv514/6682z1364/NW_LS421.TXT
2021-06-18,URUGUAY,Beef Trim,75,0-15 Days,,,,USD/cwt,FOB/TIS,https://esmis.nal.usda.gov/sites/default/release-files/c821gj77m/9306tv514/6682z1364/NW_LS421.TXT
2021-06-23,AUSTRALIA AND NEW ZEALAND,Beef Trim,85,0-15 Days,East Coast,256.00,258.00,USD/cwt,FOB/TIS,https://esmis.nal.usda.gov/sites/default/release-files/c821gj77m/qj72q464t/c534gk129/NW_LS421.TXT
2021-06-23,AUSTRALIA AND NEW ZEALAND,Beef Trim,80,0-15 Days,East Coast,235.00,235.00,USD/cwt,FOB/TIS,https://esmis.nal.usda.gov/sites/default/release-files/c821gj77m/qj72q464t/c534gk129/NW_LS421.TXT
2021-06-23,AUSTRALIA AND NEW ZEALAND,Beef Trim,75,0-15 Days,East Coast,,,USD/cwt,FOB/TIS,https://esmis.nal.usda.gov/sites/default/release-files/c821gj77m/qj72q464t/c534gk129/NW_LS421.TXT
2021-06-23,AUSTRALIA AND NEW ZEALAND,Beef Trim,70,0-15 Days,East Coast,,,USD/cwt,FOB/TIS,https://esmis.nal.usda.gov/sites/default/release-files/c821gj77m/qj72q464t/c534gk129/NW_LS421.TXT
2021-06-23,AUSTRALIA AND NEW ZEALAND,Beef Trim,65,0-15 Days,East Coast,,,USD/cwt,FOB/TIS,https://esmis.nal.usda.gov/sites/default/release-files/c821gj77m/qj72q464t/c534gk129/NW_LS421.TXT
2021-06-23,URUGUAY,Beef Trim,85,0-15 Days,,,,USD/cwt,FOB/TIS,https://esmis.nal.usda.gov/sites/default/release-files/c821gj77m/qj72q464t/c534gk129/NW_LS421.TXT
2021-06-23,URUGUAY,Beef Trim,80,0-15 Days,,,,USD/cwt,FOB/TIS,https://esmis.nal.usda.gov/sites/default/release-files/c821gj77m/qj72q464t/c534gk129/NW_LS421.TXT
2021-06-23,URUGUAY,Beef Trim,75,0-15 Days,,,,USD/cwt,FOB/TIS,https://esmis.nal.usda.gov/sites/default/release-files/c821gj77m/qj72q464t/c534gk129/NW_LS421.TXT
2021-06-25,AUSTRALIA AND NEW ZEALAND,Beef Trim,85,0-15 Days,East Coast,256.00,258.00,USD/cwt,FOB/TIS,https://esmis.nal.usda.gov/sites/default/release-files/c821gj77m/j09908460/w9505x66k/NW_LS421.TXT
2021-06-25,AUSTRALIA AND NEW ZEALAND,Beef Trim,80,0-15 Days,East Coast,235.00,235.00,USD/cwt,FOB/TIS,https://esmis.nal.usda.gov/sites/default/release-files/c821gj77m/j09908460/w9505x66k/NW_LS421.TXT
2021-06-25,AUSTRALIA AND NEW ZEALAND,Beef Trim,75,0-15 Days,East Coast,,,USD/cwt,FOB/TIS,https://esmis.nal.usda.gov/sites/default/release-files/c821gj77m/j09908460/w9505x66k/NW_LS421.TXT
2021-06-25,AUSTRALIA AND NEW ZEALAND,Beef Trim,70,0-15 Days,East Coast,,,USD/cwt,FOB/TIS,https://esmis.nal.usda.gov/sites/default/release-files/c821gj77m/j09908460/w9505x66k/NW_LS421.TXT
2021-06-25,AUSTRALIA AND NEW ZEALAND,Beef Trim,65,0-15 Days,East Coast,,,USD/cwt,FOB/TIS,https://esmis.nal.usda.gov/sites/default/release-files/c821gj77m/j09908460/w9505x66k/NW_LS421.TXT
2021-06-25,URUGUAY,Beef Trim,85,0-15 Days,,,,USD/cwt,FOB/TIS,https://esmis.nal.usda.gov/sites/default/release-files/c821gj77m/j09908460/w9505x66k/NW_LS421.TXT
2021-06-25,URUGUAY,Beef Trim,80,0-15 Days,,,,USD/cwt,FOB/TIS,https://esmis.nal.usda.gov/sites/default/release-files/c821gj77m/j09908460/w9505x66k/NW_LS421.TXT
2021-06-25,URUGUAY,Beef Trim,75,0-15 Days,,,,USD/cwt,FOB/TIS,https://esmis.nal.usda.gov/sites/default/release-files/c821gj77m/j09908460/w9505x66k/NW_LS421.TXT
2021-06-30,AUSTRALIA AND NEW ZEALAND,Beef Trim,85,0-15 Days,East Coast,255.00,255.00,USD/cwt,FOB/TIS,https://esmis.nal.usda.gov/sites/default/release-files/c821gj77m/6h441q516/br86c116h/NW_LS421.TXT
2021-06-30,AUSTRALIA AND NEW ZEALAND,Beef Trim,80,0-15 Days,East Coast,233.00,235.00,USD/cwt,FOB/TIS,https://esmis.nal.usda.gov/sites/default/release-files/c821gj77m/6h441q516/br86c116h/NW_LS421.TXT
2021-06-30,AUSTRALIA AND NEW ZEALAND,Beef Trim,75,0-15 Days,East Coast,,,USD/cwt,FOB/TIS,https://esmis.nal.usda.gov/sites/default/release-files/c821gj77m/6h441q516/br86c116h/NW_LS421.TXT
2021-06-30,AUSTRALIA AND NEW ZEALAND,Beef Trim,70,0-15 Days,East Coast,,,USD/cwt,FOB/TIS,https://esmis.nal.usda.gov/sites/default/release-files/c821gj77m/6h441q516/br86c116h/NW_LS421.TXT
2021-06-30,AUSTRALIA AND NEW ZEALAND,Beef Trim,65,0-15 Days,East Coast,,,USD/cwt,FOB/TIS,https://esmis.nal.usda.gov/sites/default/release-files/c821gj77m/6h441q516/br86c116h/NW_LS421.TXT
2021-06-30,URUGUAY,Beef Trim,85,0-15 Days,,,,USD/cwt,FOB/TIS,https://esmis.nal.usda.gov/sites/default/release-files/c821gj77m/6h441q516/br86c116h/NW_LS421.TXT
2021-06-30,URUGUAY,Beef Trim,80,0-15 Days,,,,USD/cwt,FOB/TIS,https://esmis.nal.usda.gov/sites/default/release-files/c821gj77m/6h441q516/br86c116h/NW_LS421.TXT
2021-06-30,URUGUAY,Beef Trim,75,0-15 Days,,,,USD/cwt,FOB/TIS,https://esmis.nal.usda.gov/sites/default/release-files/c821gj77m/6h441q516/br86c116h/NW_LS421.TXT
2021-07-02,AUSTRALIA AND NEW ZEALAND,Beef Trim,85,0-15 Days,East Coast,255.00,255.00,USD/cwt,FOB/TIS,https://esmis.nal.usda.gov/sites/default/release-files/c821gj77m/s1785j260/sb398639v/NW_LS421.TXT
2021-07-02,AUSTRALIA AND NEW ZEALAND,Beef Trim,80,0-15 Days,East Coast,233.00,235.00,USD/cwt,FOB/TIS,https://esmis.nal.usda.gov/sites/default/release-files/c821gj77m/s1785j260/sb398639v/NW_LS421.TXT
2021-07-02,AUSTRALIA AND NEW ZEALAND,Beef Trim,75,0-15 Days,East Coast,,,USD/cwt,FOB/TIS,https://esmis.nal.usda.gov/sites/default/release-files/c821gj77m/s1785j260/sb398639v/NW_LS421.TXT
2021-07-02,AUSTRALIA AND NEW ZEALAND,Beef Trim,70,0-15 Days,East Coast,,,USD/cwt,FOB/TIS,https://esmis.nal.usda.gov/sites/default/release-files/c821gj77m/s1785j260/sb398639v/NW_LS421.TXT
2021-07-02,AUSTRALIA AND NEW ZEALAND,Beef Trim,65,0-15 Days,East Coast,,,USD/cwt,FOB/TIS,https://esmis.nal.usda.gov/sites/default/release-files/c821gj77m/s1785j260/sb398639v/NW_LS421.TXT
2021-07-02,URUGUAY,Beef Trim,85,0-15 Days,,,,USD/cwt,FOB/TIS,https://esmis.nal.usda.gov/sites/default/release-files/c821gj77m/s1785j260/sb398639v/NW_LS421.TXT
2021-07-02,URUGUAY,Beef Trim,80,0-15 Days,,,,USD/cwt,FOB/TIS,https://esmis.nal.usda.gov/sites/default/release-files/c821gj77m/s1785j260/sb398639v/NW_LS421.TXT
2021-07-02,URUGUAY,Beef Trim,75,0-15 Days,,,,USD/cwt,FOB/TIS,https://esmis.nal.usda.gov/sites/default/release-files/c821gj77m/s1785j260/sb398639v/NW_LS421.TXT
2021-07-07,AUSTRALIA AND NEW ZEALAND,Beef Trim,85,0-15 Days,East Coast,255.00,256.00,USD/cwt,FOB/TIS,https://esmis.nal.usda.gov/sites/default/release-files/c821gj77m/hx11zb96b/pg15cb44g/NW_LS421.TXT
2021-07-07,AUSTRALIA AND NEW ZEALAND,Beef Trim,80,0-15 Days,East Coast,,,USD/cwt,FOB/TIS,https://esmis.nal.usda.gov/sites/default/release-files/c821gj77m/hx11zb96b/pg15cb44g/NW_LS421.TXT
2021-07-07,AUSTRALIA AND NEW ZEALAND,Beef Trim,75,0-15 Days,East Coast,,,USD/cwt,FOB/TIS,https://esmis.nal.usda.gov/sites/default/release-files/c821gj77m/hx11zb96b/pg15cb44g/NW_LS421.TXT
2021-07-07,AUSTRALIA AND NEW ZEALAND,Beef Trim,70,0-15 Days,East Coast,,,USD/cwt,FOB/TIS,https://esmis.nal.usda.gov/sites/default/release-files/c821gj77m/hx11zb96b/pg15cb44g/NW_LS421.TXT
2021-07-07,AUSTRALIA AND NEW ZEALAND,Beef Trim,65,0-15 Days,East Coast,,,USD/cwt,FOB/TIS,https://esmis.nal.usda.gov/sites/default/release-files/c821gj77m/hx11zb96b/pg15cb44g/NW_LS421.TXT
2021-07-07,URUGUAY,Beef Trim,85,0-15 Days,,,,USD/cwt,FOB/TIS,https://esmis.nal.usda.gov/sites/default/release-files/c821gj77m/hx11zb96b/pg15cb44g/NW_LS421.TXT
2021-07-07,URUGUAY,Beef Trim,80,0-15 Days,,,,USD/cwt,FOB/TIS,https://esmis.nal.usda.gov/sites/default/release-files/c821gj77m/hx11zb96b/pg15cb44g/NW_LS421.TXT
2021-07-07,URUGUAY,Beef Trim,75,0-15 Days,,,,USD/cwt,FOB/TIS,https://esmis.nal.usda.gov/sites/default/release-files/c821gj77m/hx11zb96b/pg15cb44g/NW_LS421.TXT
2021-07-09,AUSTRALIA AND NEW ZEALAND,Beef Trim,85,0-15 Days,East Coast,255.00,256.00,USD/cwt,FOB/TIS,https://esmis.nal.usda.gov/sites/default/release-files/c821gj77m/5138kc55f/r207vk61d/NW_LS421.TXT
2021-07-09,AUSTRALIA AND NEW ZEALAND,Beef Trim,80,0-15 Days,East Coast,,,USD/cwt,FOB/TIS,https://esmis.nal.usda.gov/sites/default/release-files/c821gj77m/5138kc55f/r207vk61d/NW_LS421.TXT
2021-07-09,AUSTRALIA AND NEW ZEALAND,Beef Trim,75,0-15 Days,East Coast,,,USD/cwt,FOB/TIS,https://esmis.nal.usda.gov/sites/default/release-files/c821gj77m/5138kc55f/r207vk61d/NW_LS421.TXT
2021-07-09,AUSTRALIA AND NEW ZEALAND,Beef Trim,70,0-15 Days,East Coast,,,USD/cwt,FOB/TIS,https://esmis.nal.usda.gov/sites/default/release-files/c821gj77m/5138kc55f/r207vk61d/NW_LS421.TXT
2021-07-09,AUSTRALIA AND NEW ZEALAND,Beef Trim,65,0-15 Days,East Coast,,,USD/cwt,FOB/TIS,https://esmis.nal.usda.gov/sites/default/release-files/c821gj77m/5138kc55f/r207vk61d/NW_LS421.TXT
2021-07-09,URUGUAY,Beef Trim,85,0-15 Days,,,,USD/cwt,FOB/TIS,https://esmis.nal.usda.gov/sites/default/release-files/c821gj77m/5138kc55f/r207vk61d/NW_LS421.TXT
2021-07-09,URUGUAY,Beef Trim,80,0-15 Days,,,,USD/cwt,FOB/TIS,https://esmis.nal.usda.gov/sites/default/release-files/c821gj77m/5138kc55f/r207vk61d/NW_LS421.TXT
2021-07-09,URUGUAY,Beef Trim,75,0-15 Days,,,,USD/cwt,FOB/TIS,https://esmis.nal.usda.gov/sites/default/release-files/c821gj77m/5138kc55f/r207vk61d/NW_LS421.TXT
2021-07-14,AUSTRALIA AND NEW ZEALAND,Beef Trim,85,0-15 Days,East Coast,,,USD/cwt,FOB/TIS,https://esmis.nal.usda.gov/sites/default/release-files/c821gj77m/xg94jk92c/bz60ds71p/NW_LS421.TXT
2021-07-14,AUSTRALIA AND NEW ZEALAND,Beef Trim,80,0-15 Days,East Coast,,,USD/cwt,FOB/TIS,https://esmis.nal.usda.gov/sites/default/release-files/c821gj77m/xg94jk92c/bz60ds71p/NW_LS421.TXT
2021-07-14,AUSTRALIA AND NEW ZEALAND,Beef Trim,75,0-15 Days,East Coast,,,USD/cwt,FOB/TIS,https://esmis.nal.usda.gov/sites/default/release-files/c821gj77m/xg94jk92c/bz60ds71p/NW_LS421.TXT
2021-07-14,AUSTRALIA AND NEW ZEALAND,Beef Trim,70,0-15 Days,East Coast,,,USD/cwt,FOB/TIS,https://esmis.nal.usda.gov/sites/default/release-files/c821gj77m/xg94jk92c/bz60ds71p/NW_LS421.TXT
2021-07-14,AUSTRALIA AND NEW ZEALAND,Beef Trim,65,0-15 Days,East Coast,,,USD/cwt,FOB/TIS,https://esmis.nal.usda.gov/sites/default/release-files/c821gj77m/xg94jk92c/bz60ds71p/NW_LS421.TXT
2021-07-14,URUGUAY,Beef Trim,85,0-15 Days,,,,USD/cwt,FOB/TIS,https://esmis.nal.usda.gov/sites/default/release-files/c821gj77m/xg94jk92c/bz60ds71p/NW_LS421.TXT
2021-07-14,URUGUAY,Beef Trim,80,0-15 Days,,,,USD/cwt,FOB/TIS,https://esmis.nal.usda.gov/sites/default/release-files/c821gj77m/xg94jk92c/bz60ds71p/NW_LS421.TXT
2021-07-14,URUGUAY,Beef Trim,75,0-15 Days,,,,USD/cwt,FOB/TIS,https://esmis.nal.usda.gov/sites/default/release-files/c821gj77m/xg94jk92c/bz60ds71p/NW_LS421.TXT
2021-07-16,AUSTRALIA AND NEW ZEALAND,Beef Trim,85,0-15 Days,East Coast,254.00,256.00,USD/cwt,FOB/TIS,https://esmis.nal.usda.gov/sites/default/release-files/c821gj77m/rf560534v/4x51jh04m/NW_LS421.TXT
2021-07-16,AUSTRALIA AND NEW ZEALAND,Beef Trim,80,0-15 Days,East Coast,,,USD/cwt,FOB/TIS,https://esmis.nal.usda.gov/sites/default/release-files/c821gj77m/rf560534v/4x51jh04m/NW_LS421.TXT
2021-07-16,AUSTRALIA AND NEW ZEALAND,Beef Trim,75,0-15 Days,East Coast,,,USD/cwt,FOB/TIS,https://esmis.nal.usda.gov/sites/default/release-files/c821gj77m/rf560534v/4x51jh04m/NW_LS421.TXT
2021-07-16,AUSTRALIA AND NEW ZEALAND,Beef Trim,70,0-15 Days,East Coast,,,USD/cwt,FOB/TIS,https://esmis.nal.usda.gov/sites/default/release-files/c821gj77m/rf560534v/4x51jh04m/NW_LS421.TXT
2021-07-16,AUSTRALIA AND NEW ZEALAND,Beef Trim,65,0-15 Days,East Coast,,,USD/cwt,FOB/TIS,https://esmis.nal.usda.gov/sites/default/release-files/c821gj77m/rf560534v/4x51jh04m/NW_LS421.TXT
2021-07-16,URUGUAY,Beef Trim,85,0-15 Days,,,,USD/cwt,FOB/TIS,https://esmis.nal.usda.gov/sites/default/release-files/c821gj77m/rf560534v/4x51jh04m/NW_LS421.TXT
2021-07-16,URUGUAY,Beef Trim,80,0-15 Days,,,,USD/cwt,FOB/TIS,https://esmis.nal.usda.gov/sites/default/release-files/c821gj77m/rf560534v/4x51jh04m/NW_LS421.TXT
2021-07-16,URUGUAY,Beef Trim,75,0-15 Days,,,,USD/cwt,FOB/TIS,https://esmis.nal.usda.gov/sites/default/release-files/c821gj77m/rf560534v/4x51jh04m/NW_LS421.TXT
2021-07-21,AUSTRALIA AND NEW ZEALAND,Beef Trim,85,0-15 Days,East Coast,250.00,253.00,USD/cwt,FOB/TIS,https://esmis.nal.usda.gov/sites/default/release-files/c821gj77m/cz30qq929/rx914n301/NW_LS421.TXT
2021-07-21,AUSTRALIA AND NEW ZEALAND,Beef Trim,80,0-15 Days,East Coast,235.00,235.00,USD/cwt,FOB/TIS,https://esmis.nal.usda.gov/sites/default/release-files/c821gj77m/cz30qq929/rx914n301/NW_LS421.TXT
2021-07-21,AUSTRALIA AND NEW ZEALAND,Beef Trim,75,0-15 Days,East Coast,,,USD/cwt,FOB/TIS,https://esmis.nal.usda.gov/sites/default/release-files/c821gj77m/cz30qq929/rx914n301/NW_LS421.TXT
2021-07-21,AUSTRALIA AND NEW ZEALAND,Beef Trim,70,0-15 Days,East Coast,,,USD/cwt,FOB/TIS,https://esmis.nal.usda.gov/sites/default/release-files/c821gj77m/cz30qq929/rx914n301/NW_LS421.TXT
2021-07-21,AUSTRALIA AND NEW ZEALAND,Beef Trim,65,0-15 Days,East Coast,,,USD/cwt,FOB/TIS,https://esmis.nal.usda.gov/sites/default/release-files/c821gj77m/cz30qq929/rx914n301/NW_LS421.TXT
2021-07-21,URUGUAY,Beef Trim,85,0-15 Days,,,,USD/cwt,FOB/TIS,https://esmis.nal.usda.gov/sites/default/release-files/c821gj77m/cz30qq929/rx914n301/NW_LS421.TXT
2021-07-21,URUGUAY,Beef Trim,80,0-15 Days,,,,USD/cwt,FOB/TIS,https://esmis.nal.usda.gov/sites/default/release-files/c821gj77m/cz30qq929/rx914n301/NW_LS421.TXT
2021-07-21,URUGUAY,Beef Trim,75,0-15 Days,,,,USD/cwt,FOB/TIS,https://esmis.nal.usda.gov/sites/default/release-files/c821gj77m/cz30qq929/rx914n301/NW_LS421.TXT
2021-07-23,AUSTRALIA AND NEW ZEALAND,Beef Trim,85,0-15 Days,East Coast,250.00,253.00,USD/cwt,FOB/TIS,https://esmis.nal.usda.gov/sites/default/release-files/c821gj77m/9k420c14s/pz50hv015/NW_LS421.TXT
2021-07-23,AUSTRALIA AND NEW ZEALAND,Beef Trim,80,0-15 Days,East Coast,235.00,235.00,USD/cwt,FOB/TIS,https://esmis.nal.usda.gov/sites/default/release-files/c821gj77m/9k420c14s/pz50hv015/NW_LS421.TXT
2021-07-23,AUSTRALIA AND NEW ZEALAND,Beef Trim,75,0-15 Days,East Coast,,,USD/cwt,FOB/TIS,https://esmis.nal.usda.gov/sites/default/release-files/c821gj77m/9k420c14s/pz50hv015/NW_LS421.TXT
2021-07-23,AUSTRALIA AND NEW ZEALAND,Beef Trim,70,0-15 Days,East Coast,,,USD/cwt,FOB/TIS,https://esmis.nal.usda.gov/sites/default/release-files/c821gj77m/9k420c14s/pz50hv015/NW_LS421.TXT
2021-07-23,AUSTRALIA AND NEW ZEALAND,Beef Trim,65,0-15 Days,East Coast,,,USD/cwt,FOB/TIS,https://esmis.nal.usda.gov/sites/default/release-files/c821gj77m/9k420c14s/pz50hv015/NW_LS421.TXT
2021-07-23,URUGUAY,Beef Trim,85,0-15 Days,,,,USD/cwt,FOB/TIS,https://esmis.nal.usda.gov/sites/default/release-files/c821gj77m/9k420c14s/pz50hv015/NW_LS421.TXT
2021-07-23,URUGUAY,Beef Trim,80,0-15 Days,,,,USD/cwt,FOB/TIS,https://esmis.nal.usda.gov/sites/default/release-files/c821gj77m/9k420c14s/pz50hv015/NW_LS421.TXT
2021-07-23,URUGUAY,Beef Trim,75,0-15 Days,,,,USD/cwt,FOB/TIS,https://esmis.nal.usda.gov/sites/default/release-files/c821gj77m/9k420c14s/pz50hv015/NW_LS421.TXT
2021-07-28,AUSTRALIA AND NEW ZEALAND,Beef Trim,85,0-15 Days,East Coast,250.00,252.00,USD/cwt,FOB/TIS,https://esmis.nal.usda.gov/sites/default/release-files/c821gj77m/cv43pt612/z890ss14h/NW_LS421.TXT
2021-07-28,AUSTRALIA AND NEW ZEALAND,Beef Trim,80,0-15 Days,East Coast,235.00,238.00,USD/cwt,FOB/TIS,https://esmis.nal.usda.gov/sites/default/release-files/c821gj77m/cv43pt612/z890ss14h/NW_LS421.TXT
2021-07-28,AUSTRALIA AND NEW ZEALAND,Beef Trim,75,0-15 Days,East Coast,,,USD/cwt,FOB/TIS,https://esmis.nal.usda.gov/sites/default/release-files/c821gj77m/cv43pt612/z890ss14h/NW_LS421.TXT
2021-07-28,AUSTRALIA AND NEW ZEALAND,Beef Trim,70,0-15 Days,East Coast,,,USD/cwt,FOB/TIS,https://esmis.nal.usda.gov/sites/default/release-files/c821gj77m/cv43pt612/z890ss14h/NW_LS421.TXT
2021-07-28,AUSTRALIA AND NEW ZEALAND,Beef Trim,65,0-15 Days,East Coast,,,USD/cwt,FOB/TIS,https://esmis.nal.usda.gov/sites/default/release-files/c821gj77m/cv43pt612/z890ss14h/NW_LS421.TXT
2021-07-28,URUGUAY,Beef Trim,85,0-15 Days,,,,USD/cwt,FOB/TIS,https://esmis.nal.usda.gov/sites/default/release-files/c821gj77m/cv43pt612/z890ss14h/NW_LS421.TXT
2021-07-28,URUGUAY,Beef Trim,80,0-15 Days,,,,USD/cwt,FOB/TIS,https://esmis.nal.usda.gov/sites/default/release-files/c821gj77m/cv43pt612/z890ss14h/NW_LS421.TXT
2021-07-28,URUGUAY,Beef Trim,75,0-15 Days,,,,USD/cwt,FOB/TIS,https://esmis.nal.usda.gov/sites/default/release-files/c821gj77m/cv43pt612/z890ss14h/NW_LS421.TXT
2021-07-30,AUSTRALIA AND NEW ZEALAND,Beef Trim,85,0-15 Days,East Coast,250.00,252.00,USD/cwt,FOB/TIS,https://esmis.nal.usda.gov/sites/default/release-files/c821gj77m/9019t1000/6q183h32r/NW_LS421.TXT
2021-07-30,AUSTRALIA AND NEW ZEALAND,Beef Trim,80,0-15 Days,East Coast,235.00,238.00,USD/cwt,FOB/TIS,https://esmis.nal.usda.gov/sites/default/release-files/c821gj77m/9019t1000/6q183h32r/NW_LS421.TXT
2021-07-30,AUSTRALIA AND NEW ZEALAND,Beef Trim,75,0-15 Days,East Coast,,,USD/cwt,FOB/TIS,https://esmis.nal.usda.gov/sites/default/release-files/c821gj77m/9019t1000/6q183h32r/NW_LS421.TXT
2021-07-30,AUSTRALIA AND NEW ZEALAND,Beef Trim,70,0-15 Days,East Coast,,,USD/cwt,FOB/TIS,https://esmis.nal.usda.gov/sites/default/release-files/c821gj77m/9019t1000/6q183h32r/NW_LS421.TXT
2021-07-30,AUSTRALIA AND NEW ZEALAND,Beef Trim,65,0-15 Days,East Coast,,,USD/cwt,FOB/TIS,https://esmis.nal.usda.gov/sites/default/release-files/c821gj77m/9019t1000/6q183h32r/NW_LS421.TXT
2021-07-30,URUGUAY,Beef Trim,85,0-15 Days,,,,USD/cwt,FOB/TIS,https://esmis.nal.usda.gov/sites/default/release-files/c821gj77m/9019t1000/6q183h32r/NW_LS421.TXT
2021-07-30,URUGUAY,Beef Trim,80,0-15 Days,,,,USD/cwt,FOB/TIS,https://esmis.nal.usda.gov/sites/default/release-files/c821gj77m/9019t1000/6q183h32r/NW_LS421.TXT
2021-07-30,URUGUAY,Beef Trim,75,0-15 Days,,,,USD/cwt,FOB/TIS,https://esmis.nal.usda.gov/sites/default/release-files/c821gj77m/9019t1000/6q183h32r/NW_LS421.TXT
2021-08-04,AUSTRALIA AND NEW ZEALAND,Beef Trim,85,0-15 Days,East Coast,,,USD/cwt,FOB/TIS,https://esmis.nal.usda.gov/sites/default/release-files/c821gj77m/2v23wr950/9p291828n/NW_LS421.TXT
2021-08-04,AUSTRALIA AND NEW ZEALAND,Beef Trim,80,0-15 Days,East Coast,,,USD/cwt,FOB/TIS,https://esmis.nal.usda.gov/sites/default/release-files/c821gj77m/2v23wr950/9p291828n/NW_LS421.TXT
2021-08-04,AUSTRALIA AND NEW ZEALAND,Beef Trim,75,0-15 Days,East Coast,,,USD/cwt,FOB/TIS,https://esmis.nal.usda.gov/sites/default/release-files/c821gj77m/2v23wr950/9p291828n/NW_LS421.TXT
2021-08-04,AUSTRALIA AND NEW ZEALAND,Beef Trim,70,0-15 Days,East Coast,,,USD/cwt,FOB/TIS,https://esmis.nal.usda.gov/sites/default/release-files/c821gj77m/2v23wr950/9p291828n/NW_LS421.TXT
2021-08-04,AUSTRALIA AND NEW ZEALAND,Beef Trim,65,0-15 Days,East Coast,,,USD/cwt,FOB/TIS,https://esmis.nal.usda.gov/sites/default/release-files/c821gj77m/2v23wr950/9p291828n/NW_LS421.TXT
2021-08-04,URUGUAY,Beef Trim,85,0-15 Days,,,,USD/cwt,FOB/TIS,https://esmis.nal.usda.gov/sites/default/release-files/c821gj77m/2v23wr950/9p291828n/NW_LS421.TXT
2021-08-04,URUGUAY,Beef Trim,80,0-15 Days,,,,USD/cwt,FOB/TIS,https://esmis.nal.usda.gov/sites/default/release-files/c821gj77m/2v23wr950/9p291828n/NW_LS421.TXT
2021-08-04,URUGUAY,Beef Trim,75,0-15 Days,,,,USD/cwt,FOB/TIS,https://esmis.nal.usda.gov/sites/default/release-files/c821gj77m/2v23wr950/9p291828n/NW_LS421.TXT
2021-08-06,AUSTRALIA AND NEW ZEALAND,Beef Trim,85,0-15 Days,East Coast,,,USD/cwt,FOB/TIS,https://esmis.nal.usda.gov/sites/default/release-files/c821gj77m/41688f930/1257br02g/NW_LS421.TXT
2021-08-06,AUSTRALIA AND NEW ZEALAND,Beef Trim,80,0-15 Days,East Coast,,,USD/cwt,FOB/TIS,https://esmis.nal.usda.gov/sites/default/release-files/c821gj77m/41688f930/1257br02g/NW_LS421.TXT
2021-08-06,AUSTRALIA AND NEW ZEALAND,Beef Trim,75,0-15 Days,East Coast,,,USD/cwt,FOB/TIS,https://esmis.nal.usda.gov/sites/default/release-files/c821gj77m/41688f930/1257br02g/NW_LS421.TXT
2021-08-06,AUSTRALIA AND NEW ZEALAND,Beef Trim,70,0-15 Days,East Coast,,,USD/cwt,FOB/TIS,https://esmis.nal.usda.gov/sites/default/release-files/c821gj77m/41688f930/1257br02g/NW_LS421.TXT
2021-08-06,AUSTRALIA AND NEW ZEALAND,Beef Trim,65,0-15 Days,East Coast,,,USD/cwt,FOB/TIS,https://esmis.nal.usda.gov/sites/default/release-files/c821gj77m/41688f930/1257br02g/NW_LS421.TXT
2021-08-06,URUGUAY,Beef Trim,85,0-15 Days,,,,USD/cwt,FOB/TIS,https://esmis.nal.usda.gov/sites/default/release-files/c821gj77m/41688f930/1257br02g/NW_LS421.TXT
2021-08-06,URUGUAY,Beef Trim,80,0-15 Days,,,,USD/cwt,FOB/TIS,https://esmis.nal.usda.gov/sites/default/release-files/c821gj77m/41688f930/1257br02g/NW_LS421.TXT
2021-08-06,URUGUAY,Beef Trim,75,0-15 Days,,,,USD/cwt,FOB/TIS,https://esmis.nal.usda.gov/sites/default/release-files/c821gj77m/41688f930/1257br02g/NW_LS421.TXT
2021-08-11,AUSTRALIA AND NEW ZEALAND,Beef Trim,85,0-15 Days,East Coast,252.00,253.00,USD/cwt,FOB/TIS,https://esmis.nal.usda.gov/sites/default/release-files/c821gj77m/zc77tp159/6q183h60x/NW_LS421.TXT
2021-08-11,AUSTRALIA AND NEW ZEALAND,Beef Trim,80,0-15 Days,East Coast,,,USD/cwt,FOB/TIS,https://esmis.nal.usda.gov/sites/default/release-files/c821gj77m/zc77tp159/6q183h60x/NW_LS421.TXT
2021-08-11,AUSTRALIA AND NEW ZEALAND,Beef Trim,75,0-15 Days,East Coast,,,USD/cwt,FOB/TIS,https://esmis.nal.usda.gov/sites/default/release-files/c821gj77m/zc77tp159/6q183h60x/NW_LS421.TXT
2021-08-11,AUSTRALIA AND NEW ZEALAND,Beef Trim,70,0-15 Days,East Coast,,,USD/cwt,FOB/TIS,https://esmis.nal.usda.gov/sites/default/release-files/c821gj77m/zc77tp159/6q183h60x/NW_LS421.TXT
2021-08-11,AUSTRALIA AND NEW ZEALAND,Beef Trim,65,0-15 Days,East Coast,,,USD/cwt,FOB/TIS,https://esmis.nal.usda.gov/sites/default/release-files/c821gj77m/zc77tp159/6q183h60x/NW_LS421.TXT
2021-08-11,URUGUAY,Beef Trim,85,0-15 Days,,,,USD/cwt,FOB/TIS,https://esmis.nal.usda.gov/sites/default/release-files/c821gj77m/zc77tp159/6q183h60x/NW_LS421.TXT
2021-08-11,URUGUAY,Beef Trim,80,0-15 Days,,,,USD/cwt,FOB/TIS,https://esmis.nal.usda.gov/sites/default/release-files/c821gj77m/zc77tp159/6q183h60x/NW_LS421.TXT
2021-08-11,URUGUAY,Beef Trim,75,0-15 Days,,,,USD/cwt,FOB/TIS,https://esmis.nal.usda.gov/sites/default/release-files/c821gj77m/zc77tp159/6q183h60x/NW_LS421.TXT
2021-08-13,AUSTRALIA AND NEW ZEALAND,Beef Trim,85,0-15 Days,East Coast,252.00,253.00,USD/cwt,FOB/TIS,https://esmis.nal.usda.gov/sites/default/release-files/c821gj77m/02871t45d/z890ss43z/NW_LS421.TXT
2021-08-13,AUSTRALIA AND NEW ZEALAND,Beef Trim,80,0-15 Days,East Coast,,,USD/cwt,FOB/TIS,https://esmis.nal.usda.gov/sites/default/release-files/c821gj77m/02871t45d/z890ss43z/NW_LS421.TXT
2021-08-13,AUSTRALIA AND NEW ZEALAND,Beef Trim,75,0-15 Days,East Coast,,,USD/cwt,FOB/TIS,https://esmis.nal.usda.gov/sites/default/release-files/c821gj77m/02871t45d/z890ss43z/NW_LS421.TXT
2021-08-13,AUSTRALIA AND NEW ZEALAND,Beef Trim,70,0-15 Days,East Coast,,,USD/cwt,FOB/TIS,https://esmis.nal.usda.gov/sites/default/release-files/c821gj77m/02871t45d/z890ss43z/NW_LS421.TXT
2021-08-13,AUSTRALIA AND NEW ZEALAND,Beef Trim,65,0-15 Days,East Coast,,,USD/cwt,FOB/TIS,https://esmis.nal.usda.gov/sites/default/release-files/c821gj77m/02871t45d/z890ss43z/NW_LS421.TXT
2021-08-13,URUGUAY,Beef Trim,85,0-15 Days,,,,USD/cwt,FOB/TIS,https://esmis.nal.usda.gov/sites/default/release-files/c821gj77m/02871t45d/z890ss43z/NW_LS421.TXT
2021-08-13,URUGUAY,Beef Trim,80,0-15 Days,,,,USD/cwt,FOB/TIS,https://esmis.nal.usda.gov/sites/default/release-files/c821gj77m/02871t45d/z890ss43z/NW_LS421.TXT
2021-08-13,URUGUAY,Beef Trim,75,0-15 Days,,,,USD/cwt,FOB/TIS,https://esmis.nal.usda.gov/sites/default/release-files/c821gj77m/02871t45d/z890ss43z/NW_LS421.TXT
2021-08-18,AUSTRALIA AND NEW ZEALAND,Beef Trim,85,0-15 Days,East Coast,254.00,256.00,USD/cwt,FOB/TIS,https://esmis.nal.usda.gov/sites/default/release-files/c821gj77m/7w62g7101/8g84nk95z/NW_LS421.TXT
2021-08-18,AUSTRALIA AND NEW ZEALAND,Beef Trim,80,0-15 Days,East Coast,,,USD/cwt,FOB/TIS,https://esmis.nal.usda.gov/sites/default/release-files/c821gj77m/7w62g7101/8g84nk95z/NW_LS421.TXT
2021-08-18,AUSTRALIA AND NEW ZEALAND,Beef Trim,75,0-15 Days,East Coast,,,USD/cwt,FOB/TIS,https://esmis.nal.usda.gov/sites/default/release-files/c821gj77m/7w62g7101/8g84nk95z/NW_LS421.TXT
2021-08-18,AUSTRALIA AND NEW ZEALAND,Beef Trim,70,0-15 Days,East Coast,,,USD/cwt,FOB/TIS,https://esmis.nal.usda.gov/sites/default/release-files/c821gj77m/7w62g7101/8g84nk95z/NW_LS421.TXT
2021-08-18,AUSTRALIA AND NEW ZEALAND,Beef Trim,65,0-15 Days,East Coast,,,USD/cwt,FOB/TIS,https://esmis.nal.usda.gov/sites/default/release-files/c821gj77m/7w62g7101/8g84nk95z/NW_LS421.TXT
2021-08-18,URUGUAY,Beef Trim,85,0-15 Days,,,,USD/cwt,FOB/TIS,https://esmis.nal.usda.gov/sites/default/release-files/c821gj77m/7w62g7101/8g84nk95z/NW_LS421.TXT
2021-08-18,URUGUAY,Beef Trim,80,0-15 Days,,,,USD/cwt,FOB/TIS,https://esmis.nal.usda.gov/sites/default/release-files/c821gj77m/7w62g7101/8g84nk95z/NW_LS421.TXT
2021-08-18,URUGUAY,Beef Trim,75,0-15 Days,,,,USD/cwt,FOB/TIS,https://esmis.nal.usda.gov/sites/default/release-files/c821gj77m/7w62g7101/8g84nk95z/NW_LS421.TXT
2021-08-20,AUSTRALIA AND NEW ZEALAND,Beef Trim,85,0-15 Days,East Coast,254.00,256.00,USD/cwt,FOB/TIS,https://esmis.nal.usda.gov/sites/default/release-files/c821gj77m/mk61sg151/qr46rz25x/NW_LS421.TXT
2021-08-20,AUSTRALIA AND NEW ZEALAND,Beef Trim,80,0-15 Days,East Coast,,,USD/cwt,FOB/TIS,https://esmis.nal.usda.gov/sites/default/release-files/c821gj77m/mk61sg151/qr46rz25x/NW_LS421.TXT
2021-08-20,AUSTRALIA AND NEW ZEALAND,Beef Trim,75,0-15 Days,East Coast,,,USD/cwt,FOB/TIS,https://esmis.nal.usda.gov/sites/default/release-files/c821gj77m/mk61sg151/qr46rz25x/NW_LS421.TXT
2021-08-20,AUSTRALIA AND NEW ZEALAND,Beef Trim,70,0-15 Days,East Coast,,,USD/cwt,FOB/TIS,https://esmis.nal.usda.gov/sites/default/release-files/c821gj77m/mk61sg151/qr46rz25x/NW_LS421.TXT
2021-08-20,AUSTRALIA AND NEW ZEALAND,Beef Trim,65,0-15 Days,East Coast,,,USD/cwt,FOB/TIS,https://esmis.nal.usda.gov/sites/default/release-files/c821gj77m/mk61sg151/qr46rz25x/NW_LS421.TXT
2021-08-20,URUGUAY,Beef Trim,85,0-15 Days,,,,USD/cwt,FOB/TIS,https://esmis.nal.usda.gov/sites/default/release-files/c821gj77m/mk61sg151/qr46rz25x/NW_LS421.TXT
2021-08-20,URUGUAY,Beef Trim,80,0-15 Days,,,,USD/cwt,FOB/TIS,https://esmis.nal.usda.gov/sites/default/release-files/c821gj77m/mk61sg151/qr46rz25x/NW_LS421.TXT
2021-08-20,URUGUAY,Beef Trim,75,0-15 Days,,,,USD/cwt,FOB/TIS,https://esmis.nal.usda.gov/sites/default/release-files/c821gj77m/mk61sg151/qr46rz25x/NW_LS421.TXT
2021-08-25,AUSTRALIA AND NEW ZEALAND,Beef Trim,85,0-15 Days,East Coast,256.00,257.00,USD/cwt,FOB/TIS,https://esmis.nal.usda.gov/sites/default/release-files/c821gj77m/sf269473m/qn59r2948/NW_LS421.TXT
2021-08-25,AUSTRALIA AND NEW ZEALAND,Beef Trim,80,0-15 Days,East Coast,,,USD/cwt,FOB/TIS,https://esmis.nal.usda.gov/sites/default/release-files/c821gj77m/sf269473m/qn59r2948/NW_LS421.TXT
2021-08-25,AUSTRALIA AND NEW ZEALAND,Beef Trim,75,0-15 Days,East Coast,,,USD/cwt,FOB/TIS,https://esmis.nal.usda.gov/sites/default/release-files/c821gj77m/sf269473m/qn59r2948/NW_LS421.TXT
2021-08-25,AUSTRALIA AND NEW ZEALAND,Beef Trim,70,0-15 Days,East Coast,,,USD/cwt,FOB/TIS,https://esmis.nal.usda.gov/sites/default/release-files/c821gj77m/sf269473m/qn59r2948/NW_LS421.TXT
2021-08-25,AUSTRALIA AND NEW ZEALAND,Beef Trim,65,0-15 Days,East Coast,,,USD/cwt,FOB/TIS,https://esmis.nal.usda.gov/sites/default/release-files/c821gj77m/sf269473m/qn59r2948/NW_LS421.TXT
2021-08-25,URUGUAY,Beef Trim,85,0-15 Days,,,,USD/cwt,FOB/TIS,https://esmis.nal.usda.gov/sites/default/release-files/c821gj77m/sf269473m/qn59r2948/NW_LS421.TXT
2021-08-25,URUGUAY,Beef Trim,80,0-15 Days,,,,USD/cwt,FOB/TIS,https://esmis.nal.usda.gov/sites/default/release-files/c821gj77m/sf269473m/qn59r2948/NW_LS421.TXT
2021-08-25,URUGUAY,Beef Trim,75,0-15 Days,,,,USD/cwt,FOB/TIS,https://esmis.nal.usda.gov/sites/default/release-files/c821gj77m/sf269473m/qn59r2948/NW_LS421.TXT
2021-08-27,AUSTRALIA AND NEW ZEALAND,Beef Trim,85,0-15 Days,East Coast,256.00,257.00,USD/cwt,FOB/TIS,https://esmis.nal.usda.gov/sites/default/release-files/c821gj77m/jq086h695/qf85pb23z/NW_LS421.TXT
2021-08-27,AUSTRALIA AND NEW ZEALAND,Beef Trim,80,0-15 Days,East Coast,,,USD/cwt,FOB/TIS,https://esmis.nal.usda.gov/sites/default/release-files/c821gj77m/jq086h695/qf85pb23z/NW_LS421.TXT
2021-08-27,AUSTRALIA AND NEW ZEALAND,Beef Trim,75,0-15 Days,East Coast,,,USD/cwt,FOB/TIS,https://esmis.nal.usda.gov/sites/default/release-files/c821gj77m/jq086h695/qf85pb23z/NW_LS421.TXT
2021-08-27,AUSTRALIA AND NEW ZEALAND,Beef Trim,70,0-15 Days,East Coast,,,USD/cwt,FOB/TIS,https://esmis.nal.usda.gov/sites/default/release-files/c821gj77m/jq086h695/qf85pb23z/NW_LS421.TXT
2021-08-27,AUSTRALIA AND NEW ZEALAND,Beef Trim,65,0-15 Days,East Coast,,,USD/cwt,FOB/TIS,https://esmis.nal.usda.gov/sites/default/release-files/c821gj77m/jq086h695/qf85pb23z/NW_LS421.TXT
2021-08-27,URUGUAY,Beef Trim,85,0-15 Days,,,,USD/cwt,FOB/TIS,https://esmis.nal.usda.gov/sites/default/release-files/c821gj77m/jq086h695/qf85pb23z/NW_LS421.TXT
2021-08-27,URUGUAY,Beef Trim,80,0-15 Days,,,,USD/cwt,FOB/TIS,https://esmis.nal.usda.gov/sites/default/release-files/c821gj77m/jq086h695/qf85pb23z/NW_LS421.TXT
2021-08-27,URUGUAY,Beef Trim,75,0-15 Days,,,,USD/cwt,FOB/TIS,https://esmis.nal.usda.gov/sites/default/release-files/c821gj77m/jq086h695/qf85pb23z/NW_LS421.TXT
2021-09-01,AUSTRALIA AND NEW ZEALAND,Beef Trim,85,0-15 Days,East Coast,256.00,257.00,USD/cwt,FOB/TIS,https://esmis.nal.usda.gov/sites/default/release-files/c821gj77m/sj13b153c/pz50hv83n/NW_LS421.TXT
2021-09-01,AUSTRALIA AND NEW ZEALAND,Beef Trim,80,0-15 Days,East Coast,,,USD/cwt,FOB/TIS,https://esmis.nal.usda.gov/sites/default/release-files/c821gj77m/sj13b153c/pz50hv83n/NW_LS421.TXT
2021-09-01,AUSTRALIA AND NEW ZEALAND,Beef Trim,75,0-15 Days,East Coast,,,USD/cwt,FOB/TIS,https://esmis.nal.usda.gov/sites/default/release-files/c821gj77m/sj13b153c/pz50hv83n/NW_LS421.TXT
2021-09-01,AUSTRALIA AND NEW ZEALAND,Beef Trim,70,0-15 Days,East Coast,,,USD/cwt,FOB/TIS,https://esmis.nal.usda.gov/sites/default/release-files/c821gj77m/sj13b153c/pz50hv83n/NW_LS421.TXT
2021-09-01,AUSTRALIA AND NEW ZEALAND,Beef Trim,65,0-15 Days,East Coast,,,USD/cwt,FOB/TIS,https://esmis.nal.usda.gov/sites/default/release-files/c821gj77m/sj13b153c/pz50hv83n/NW_LS421.TXT
2021-09-01,URUGUAY,Beef Trim,85,0-15 Days,,,,USD/cwt,FOB/TIS,https://esmis.nal.usda.gov/sites/default/release-files/c821gj77m/sj13b153c/pz50hv83n/NW_LS421.TXT
2021-09-01,URUGUAY,Beef Trim,80,0-15 Days,,,,USD/cwt,FOB/TIS,https://esmis.nal.usda.gov/sites/default/release-files/c821gj77m/sj13b153c/pz50hv83n/NW_LS421.TXT
2021-09-01,URUGUAY,Beef Trim,75,0-15 Days,,,,USD/cwt,FOB/TIS,https://esmis.nal.usda.gov/sites/default/release-files/c821gj77m/sj13b153c/pz50hv83n/NW_LS421.TXT
2021-09-03,AUSTRALIA AND NEW ZEALAND,Beef Trim,85,0-15 Days,East Coast,256.00,257.00,USD/cwt,FOB/TIS,https://esmis.nal.usda.gov/sites/default/release-files/c821gj77m/9z903z35k/3j3342001/NW_LS421.TXT
2021-09-03,AUSTRALIA AND NEW ZEALAND,Beef Trim,80,0-15 Days,East Coast,,,USD/cwt,FOB/TIS,https://esmis.nal.usda.gov/sites/default/release-files/c821gj77m/9z903z35k/3j3342001/NW_LS421.TXT
2021-09-03,AUSTRALIA AND NEW ZEALAND,Beef Trim,75,0-15 Days,East Coast,,,USD/cwt,FOB/TIS,https://esmis.nal.usda.gov/sites/default/release-files/c821gj77m/9z903z35k/3j3342001/NW_LS421.TXT
2021-09-03,AUSTRALIA AND NEW ZEALAND,Beef Trim,70,0-15 Days,East Coast,,,USD/cwt,FOB/TIS,https://esmis.nal.usda.gov/sites/default/release-files/c821gj77m/9z903z35k/3j3342001/NW_LS421.TXT
2021-09-03,AUSTRALIA AND NEW ZEALAND,Beef Trim,65,0-15 Days,East Coast,,,USD/cwt,FOB/TIS,https://esmis.nal.usda.gov/sites/default/release-files/c821gj77m/9z903z35k/3j3342001/NW_LS421.TXT
2021-09-03,URUGUAY,Beef Trim,85,0-15 Days,,,,USD/cwt,FOB/TIS,https://esmis.nal.usda.gov/sites/default/release-files/c821gj77m/9z903z35k/3j3342001/NW_LS421.TXT
2021-09-03,URUGUAY,Beef Trim,80,0-15 Days,,,,USD/cwt,FOB/TIS,https://esmis.nal.usda.gov/sites/default/release-files/c821gj77m/9z903z35k/3j3342001/NW_LS421.TXT
2021-09-03,URUGUAY,Beef Trim,75,0-15 Days,,,,USD/cwt,FOB/TIS,https://esmis.nal.usda.gov/sites/default/release-files/c821gj77m/9z903z35k/3j3342001/NW_LS421.TXT
2021-09-08,AUSTRALIA AND NEW ZEALAND,Beef Trim,85,0-15 Days,East Coast,256.00,257.00,USD/cwt,FOB/TIS,https://esmis.nal.usda.gov/sites/default/release-files/c821gj77m/cr56p0116/gb19g524j/NW_LS421.TXT
2021-09-08,AUSTRALIA AND NEW ZEALAND,Beef Trim,80,0-15 Days,East Coast,,,USD/cwt,FOB/TIS,https://esmis.nal.usda.gov/sites/default/release-files/c821gj77m/cr56p0116/gb19g524j/NW_LS421.TXT
2021-09-08,AUSTRALIA AND NEW ZEALAND,Beef Trim,75,0-15 Days,East Coast,,,USD/cwt,FOB/TIS,https://esmis.nal.usda.gov/sites/default/release-files/c821gj77m/cr56p0116/gb19g524j/NW_LS421.TXT
2021-09-08,AUSTRALIA AND NEW ZEALAND,Beef Trim,70,0-15 Days,East Coast,,,USD/cwt,FOB/TIS,https://esmis.nal.usda.gov/sites/default/release-files/c821gj77m/cr56p0116/gb19g524j/NW_LS421.TXT
2021-09-08,AUSTRALIA AND NEW ZEALAND,Beef Trim,65,0-15 Days,East Coast,,,USD/cwt,FOB/TIS,https://esmis.nal.usda.gov/sites/default/release-files/c821gj77m/cr56p0116/gb19g524j/NW_LS421.TXT
2021-09-08,URUGUAY,Beef Trim,85,0-15 Days,,,,USD/cwt,FOB/TIS,https://esmis.nal.usda.gov/sites/default/release-files/c821gj77m/cr56p0116/gb19g524j/NW_LS421.TXT
2021-09-08,URUGUAY,Beef Trim,80,0-15 Days,,,,USD/cwt,FOB/TIS,https://esmis.nal.usda.gov/sites/default/release-files/c821gj77m/cr56p0116/gb19g524j/NW_LS421.TXT
2021-09-08,URUGUAY,Beef Trim,75,0-15 Days,,,,USD/cwt,FOB/TIS,https://esmis.nal.usda.gov/sites/default/release-files/c821gj77m/cr56p0116/gb19g524j/NW_LS421.TXT
2021-09-10,AUSTRALIA AND NEW ZEALAND,Beef Trim,85,0-15 Days,East Coast,256.00,257.00,USD/cwt,FOB/TIS,https://esmis.nal.usda.gov/sites/default/release-files/c821gj77m/kh04fn477/wh247q95s/NW_LS421.TXT
2021-09-10,AUSTRALIA AND NEW ZEALAND,Beef Trim,80,0-15 Days,East Coast,,,USD/cwt,FOB/TIS,https://esmis.nal.usda.gov/sites/default/release-files/c821gj77m/kh04fn477/wh247q95s/NW_LS421.TXT
2021-09-10,AUSTRALIA AND NEW ZEALAND,Beef Trim,75,0-15 Days,East Coast,,,USD/cwt,FOB/TIS,https://esmis.nal.usda.gov/sites/default/release-files/c821gj77m/kh04fn477/wh247q95s/NW_LS421.TXT
2021-09-10,AUSTRALIA AND NEW ZEALAND,Beef Trim,70,0-15 Days,East Coast,,,USD/cwt,FOB/TIS,https://esmis.nal.usda.gov/sites/default/release-files/c821gj77m/kh04fn477/wh247q95s/NW_LS421.TXT
2021-09-10,AUSTRALIA AND NEW ZEALAND,Beef Trim,65,0-15 Days,East Coast,,,USD/cwt,FOB/TIS,https://esmis.nal.usda.gov/sites/default/release-files/c821gj77m/kh04fn477/wh247q95s/NW_LS421.TXT
2021-09-10,URUGUAY,Beef Trim,85,0-15 Days,,,,USD/cwt,FOB/TIS,https://esmis.nal.usda.gov/sites/default/release-files/c821gj77m/kh04fn477/wh247q95s/NW_LS421.TXT
2021-09-10,URUGUAY,Beef Trim,80,0-15 Days,,,,USD/cwt,FOB/TIS,https://esmis.nal.usda.gov/sites/default/release-files/c821gj77m/kh04fn477/wh247q95s/NW_LS421.TXT
2021-09-10,URUGUAY,Beef Trim,75,0-15 Days,,,,USD/cwt,FOB/TIS,https://esmis.nal.usda.gov/sites/default/release-files/c821gj77m/kh04fn477/wh247q95s/NW_LS421.TXT
2021-09-15,AUSTRALIA AND NEW ZEALAND,Beef Trim,85,0-15 Days,East Coast,255.00,259.00,USD/cwt,FOB/TIS,https://esmis.nal.usda.gov/sites/default/release-files/c821gj77m/v979w224x/n8710p79c/NW_LS421.TXT
2021-09-15,AUSTRALIA AND NEW ZEALAND,Beef Trim,80,0-15 Days,East Coast,,,USD/cwt,FOB/TIS,https://esmis.nal.usda.gov/sites/default/release-files/c821gj77m/v979w224x/n8710p79c/NW_LS421.TXT
2021-09-15,AUSTRALIA AND NEW ZEALAND,Beef Trim,75,0-15 Days,East Coast,,,USD/cwt,FOB/TIS,https://esmis.nal.usda.gov/sites/default/release-files/c821gj77m/v979w224x/n8710p79c/NW_LS421.TXT
2021-09-15,AUSTRALIA AND NEW ZEALAND,Beef Trim,70,0-15 Days,East Coast,,,USD/cwt,FOB/TIS,https://esmis.nal.usda.gov/sites/default/release-files/c821gj77m/v979w224x/n8710p79c/NW_LS421.TXT
2021-09-15,AUSTRALIA AND NEW ZEALAND,Beef Trim,65,0-15 Days,East Coast,,,USD/cwt,FOB/TIS,https://esmis.nal.usda.gov/sites/default/release-files/c821gj77m/v979w224x/n8710p79c/NW_LS421.TXT
2021-09-15,URUGUAY,Beef Trim,85,0-15 Days,,,,USD/cwt,FOB/TIS,https://esmis.nal.usda.gov/sites/default/release-files/c821gj77m/v979w224x/n8710p79c/NW_LS421.TXT
2021-09-15,URUGUAY,Beef Trim,80,0-15 Days,,,,USD/cwt,FOB/TIS,https://esmis.nal.usda.gov/sites/default/release-files/c821gj77m/v979w224x/n8710p79c/NW_LS421.TXT
2021-09-15,URUGUAY,Beef Trim,75,0-15 Days,,,,USD/cwt,FOB/TIS,https://esmis.nal.usda.gov/sites/default/release-files/c821gj77m/v979w224x/n8710p79c/NW_LS421.TXT
2021-09-17,AUSTRALIA AND NEW ZEALAND,Beef Trim,85,0-15 Days,East Coast,255.00,259.00,USD/cwt,FOB/TIS,https://esmis.nal.usda.gov/sites/default/release-files/c821gj77m/vt151h52b/rv043s35d/NW_LS421.TXT
2021-09-17,AUSTRALIA AND NEW ZEALAND,Beef Trim,80,0-15 Days,East Coast,,,USD/cwt,FOB/TIS,https://esmis.nal.usda.gov/sites/default/release-files/c821gj77m/vt151h52b/rv043s35d/NW_LS421.TXT
2021-09-17,AUSTRALIA AND NEW ZEALAND,Beef Trim,75,0-15 Days,East Coast,,,USD/cwt,FOB/TIS,https://esmis.nal.usda.gov/sites/default/release-files/c821gj77m/vt151h52b/rv043s35d/NW_LS421.TXT
2021-09-17,AUSTRALIA AND NEW ZEALAND,Beef Trim,70,0-15 Days,East Coast,,,USD/cwt,FOB/TIS,https://esmis.nal.usda.gov/sites/default/release-files/c821gj77m/vt151h52b/rv043s35d/NW_LS421.TXT
2021-09-17,AUSTRALIA AND NEW ZEALAND,Beef Trim,65,0-15 Days,East Coast,,,USD/cwt,FOB/TIS,https://esmis.nal.usda.gov/sites/default/release-files/c821gj77m/vt151h52b/rv043s35d/NW_LS421.TXT
2021-09-17,URUGUAY,Beef Trim,85,0-15 Days,,,,USD/cwt,FOB/TIS,https://esmis.nal.usda.gov/sites/default/release-files/c821gj77m/vt151h52b/rv043s35d/NW_LS421.TXT
2021-09-17,URUGUAY,Beef Trim,80,0-15 Days,,,,USD/cwt,FOB/TIS,https://esmis.nal.usda.gov/sites/default/release-files/c821gj77m/vt151h52b/rv043s35d/NW_LS421.TXT
2021-09-17,URUGUAY,Beef Trim,75,0-15 Days,,,,USD/cwt,FOB/TIS,https://esmis.nal.usda.gov/sites/default/release-files/c821gj77m/vt151h52b/rv043s35d/NW_LS421.TXT
2021-09-22,AUSTRALIA AND NEW ZEALAND,Beef Trim,85,0-15 Days,East Coast,255.00,259.00,USD/cwt,FOB/TIS,https://esmis.nal.usda.gov/sites/default/release-files/c821gj77m/rr172w45d/9k420d44q/NW_LS421.TXT
2021-09-22,AUSTRALIA AND NEW ZEALAND,Beef Trim,80,0-15 Days,East Coast,236.00,237.00,USD/cwt,FOB/TIS,https://esmis.nal.usda.gov/sites/default/release-files/c821gj77m/rr172w45d/9k420d44q/NW_LS421.TXT
2021-09-22,AUSTRALIA AND NEW ZEALAND,Beef Trim,75,0-15 Days,East Coast,,,USD/cwt,FOB/TIS,https://esmis.nal.usda.gov/sites/default/release-files/c821gj77m/rr172w45d/9k420d44q/NW_LS421.TXT
2021-09-22,AUSTRALIA AND NEW ZEALAND,Beef Trim,70,0-15 Days,East Coast,,,USD/cwt,FOB/TIS,https://esmis.nal.usda.gov/sites/default/release-files/c821gj77m/rr172w45d/9k420d44q/NW_LS421.TXT
2021-09-22,AUSTRALIA AND NEW ZEALAND,Beef Trim,65,0-15 Days,East Coast,,,USD/cwt,FOB/TIS,https://esmis.nal.usda.gov/sites/default/release-files/c821gj77m/rr172w45d/9k420d44q/NW_LS421.TXT
2021-09-22,URUGUAY,Beef Trim,85,0-15 Days,,,,USD/cwt,FOB/TIS,https://esmis.nal.usda.gov/sites/default/release-files/c821gj77m/rr172w45d/9k420d44q/NW_LS421.TXT
2021-09-22,URUGUAY,Beef Trim,80,0-15 Days,,,,USD/cwt,FOB/TIS,https://esmis.nal.usda.gov/sites/default/release-files/c821gj77m/rr172w45d/9k420d44q/NW_LS421.TXT
2021-09-22,URUGUAY,Beef Trim,75,0-15 Days,,,,USD/cwt,FOB/TIS,https://esmis.nal.usda.gov/sites/default/release-files/c821gj77m/rr172w45d/9k420d44q/NW_LS421.TXT
2021-09-24,AUSTRALIA AND NEW ZEALAND,Beef Trim,85,0-15 Days,East Coast,255.00,259.00,USD/cwt,FOB/TIS,https://esmis.nal.usda.gov/sites/default/release-files/c821gj77m/3t946p240/js957f026/NW_LS421.TXT
2021-09-24,AUSTRALIA AND NEW ZEALAND,Beef Trim,80,0-15 Days,East Coast,236.00,237.00,USD/cwt,FOB/TIS,https://esmis.nal.usda.gov/sites/default/release-files/c821gj77m/3t946p240/js957f026/NW_LS421.TXT
2021-09-24,AUSTRALIA AND NEW ZEALAND,Beef Trim,75,0-15 Days,East Coast,,,USD/cwt,FOB/TIS,https://esmis.nal.usda.gov/sites/default/release-files/c821gj77m/3t946p240/js957f026/NW_LS421.TXT
2021-09-24,AUSTRALIA AND NEW ZEALAND,Beef Trim,70,0-15 Days,East Coast,,,USD/cwt,FOB/TIS,https://esmis.nal.usda.gov/sites/default/release-files/c821gj77m/3t946p240/js957f026/NW_LS421.TXT
2021-09-24,AUSTRALIA AND NEW ZEALAND,Beef Trim,65,0-15 Days,East Coast,,,USD/cwt,FOB/TIS,https://esmis.nal.usda.gov/sites/default/release-files/c821gj77m/3t946p240/js957f026/NW_LS421.TXT
2021-09-24,URUGUAY,Beef Trim,85,0-15 Days,,,,USD/cwt,FOB/TIS,https://esmis.nal.usda.gov/sites/default/release-files/c821gj77m/3t946p240/js957f026/NW_LS421.TXT
2021-09-24,URUGUAY,Beef Trim,80,0-15 Days,,,,USD/cwt,FOB/TIS,https://esmis.nal.usda.gov/sites/default/release-files/c821gj77m/3t946p240/js957f026/NW_LS421.TXT
2021-09-24,URUGUAY,Beef Trim,75,0-15 Days,,,,USD/cwt,FOB/TIS,https://esmis.nal.usda.gov/sites/default/release-files/c821gj77m/3t946p240/js957f026/NW_LS421.TXT
2021-09-29,AUSTRALIA AND NEW ZEALAND,Beef Trim,85,0-15 Days,East Coast,256.00,257.00,USD/cwt,FOB/TIS,https://esmis.nal.usda.gov/sites/default/release-files/c821gj77m/h989s2491/d791tf390/NW_LS421.TXT
2021-09-29,AUSTRALIA AND NEW ZEALAND,Beef Trim,80,0-15 Days,East Coast,,,USD/cwt,FOB/TIS,https://esmis.nal.usda.gov/sites/default/release-files/c821gj77m/h989s2491/d791tf390/NW_LS421.TXT
2021-09-29,AUSTRALIA AND NEW ZEALAND,Beef Trim,75,0-15 Days,East Coast,,,USD/cwt,FOB/TIS,https://esmis.nal.usda.gov/sites/default/release-files/c821gj77m/h989s2491/d791tf390/NW_LS421.TXT
2021-09-29,AUSTRALIA AND NEW ZEALAND,Beef Trim,70,0-15 Days,East Coast,,,USD/cwt,FOB/TIS,https://esmis.nal.usda.gov/sites/default/release-files/c821gj77m/h989s2491/d791tf390/NW_LS421.TXT
2021-09-29,AUSTRALIA AND NEW ZEALAND,Beef Trim,65,0-15 Days,East Coast,,,USD/cwt,FOB/TIS,https://esmis.nal.usda.gov/sites/default/release-files/c821gj77m/h989s2491/d791tf390/NW_LS421.TXT
2021-09-29,URUGUAY,Beef Trim,85,0-15 Days,,,,USD/cwt,FOB/TIS,https://esmis.nal.usda.gov/sites/default/release-files/c821gj77m/h989s2491/d791tf390/NW_LS421.TXT
2021-09-29,URUGUAY,Beef Trim,80,0-15 Days,,,,USD/cwt,FOB/TIS,https://esmis.nal.usda.gov/sites/default/release-files/c821gj77m/h989s2491/d791tf390/NW_LS421.TXT
2021-09-29,URUGUAY,Beef Trim,75,0-15 Days,,,,USD/cwt,FOB/TIS,https://esmis.nal.usda.gov/sites/default/release-files/c821gj77m/h989s2491/d791tf390/NW_LS421.TXT
2021-10-01,AUSTRALIA AND NEW ZEALAND,Beef Trim,85,0-15 Days,East Coast,256.00,257.00,USD/cwt,FOB/TIS,https://esmis.nal.usda.gov/sites/default/release-files/c821gj77m/8w32s475h/vd66wz89t/NW_LS421.TXT
2021-10-01,AUSTRALIA AND NEW ZEALAND,Beef Trim,80,0-15 Days,East Coast,,,USD/cwt,FOB/TIS,https://esmis.nal.usda.gov/sites/default/release-files/c821gj77m/8w32s475h/vd66wz89t/NW_LS421.TXT
2021-10-01,AUSTRALIA AND NEW ZEALAND,Beef Trim,75,0-15 Days,East Coast,,,USD/cwt,FOB/TIS,https://esmis.nal.usda.gov/sites/default/release-files/c821gj77m/8w32s475h/vd66wz89t/NW_LS421.TXT
2021-10-01,AUSTRALIA AND NEW ZEALAND,Beef Trim,70,0-15 Days,East Coast,,,USD/cwt,FOB/TIS,https://esmis.nal.usda.gov/sites/default/release-files/c821gj77m/8w32s475h/vd66wz89t/NW_LS421.TXT
2021-10-01,AUSTRALIA AND NEW ZEALAND,Beef Trim,65,0-15 Days,East Coast,,,USD/cwt,FOB/TIS,https://esmis.nal.usda.gov/sites/default/release-files/c821gj77m/8w32s475h/vd66wz89t/NW_LS421.TXT
2021-10-01,URUGUAY,Beef Trim,85,0-15 Days,,,,USD/cwt,FOB/TIS,https://esmis.nal.usda.gov/sites/default/release-files/c821gj77m/8w32s475h/vd66wz89t/NW_LS421.TXT
2021-10-01,URUGUAY,Beef Trim,80,0-15 Days,,,,USD/cwt,FOB/TIS,https://esmis.nal.usda.gov/sites/default/release-files/c821gj77m/8w32s475h/vd66wz89t/NW_LS421.TXT
2021-10-01,URUGUAY,Beef Trim,75,0-15 Days,,,,USD/cwt,FOB/TIS,https://esmis.nal.usda.gov/sites/default/release-files/c821gj77m/8w32s475h/vd66wz89t/NW_LS421.TXT
2021-10-06,AUSTRALIA AND NEW ZEALAND,Beef Trim,85,0-15 Days,East Coast,256.00,257.00,USD/cwt,FOB/TIS,https://esmis.nal.usda.gov/sites/default/release-files/c821gj77m/fb495817g/s1785m45m/NW_LS421.TXT
2021-10-06,AUSTRALIA AND NEW ZEALAND,Beef Trim,80,0-15 Days,East Coast,,,USD/cwt,FOB/TIS,https://esmis.nal.usda.gov/sites/default/release-files/c821gj77m/fb495817g/s1785m45m/NW_LS421.TXT
2021-10-06,AUSTRALIA AND NEW ZEALAND,Beef Trim,75,0-15 Days,East Coast,,,USD/cwt,FOB/TIS,https://esmis.nal.usda.gov/sites/default/release-files/c821gj77m/fb495817g/s1785m45m/NW_LS421.TXT
2021-10-06,AUSTRALIA AND NEW ZEALAND,Beef Trim,70,0-15 Days,East Coast,,,USD/cwt,FOB/TIS,https://esmis.nal.usda.gov/sites/default/release-files/c821gj77m/fb495817g/s1785m45m/NW_LS421.TXT
2021-10-06,AUSTRALIA AND NEW ZEALAND,Beef Trim,65,0-15 Days,East Coast,,,USD/cwt,FOB/TIS,https://esmis.nal.usda.gov/sites/default/release-files/c821gj77m/fb495817g/s1785m45m/NW_LS421.TXT
2021-10-06,URUGUAY,Beef Trim,85,0-15 Days,,,,USD/cwt,FOB/TIS,https://esmis.nal.usda.gov/sites/default/release-files/c821gj77m/fb495817g/s1785m45m/NW_LS421.TXT
2021-10-06,URUGUAY,Beef Trim,80,0-15 Days,,,,USD/cwt,FOB/TIS,https://esmis.nal.usda.gov/sites/default/release-files/c821gj77m/fb495817g/s1785m45m/NW_LS421.TXT
2021-10-06,URUGUAY,Beef Trim,75,0-15 Days,,,,USD/cwt,FOB/TIS,https://esmis.nal.usda.gov/sites/default/release-files/c821gj77m/fb495817g/s1785m45m/NW_LS421.TXT
2021-10-08,AUSTRALIA AND NEW ZEALAND,Beef Trim,85,0-15 Days,East Coast,256.00,257.00,USD/cwt,FOB/TIS,https://esmis.nal.usda.gov/sites/default/release-files/c821gj77m/37721b986/9w0331805/NW_LS421.TXT
2021-10-08,AUSTRALIA AND NEW ZEALAND,Beef Trim,80,0-15 Days,East Coast,,,USD/cwt,FOB/TIS,https://esmis.nal.usda.gov/sites/default/release-files/c821gj77m/37721b986/9w0331805/NW_LS421.TXT
2021-10-08,AUSTRALIA AND NEW ZEALAND,Beef Trim,75,0-15 Days,East Coast,,,USD/cwt,FOB/TIS,https://esmis.nal.usda.gov/sites/default/release-files/c821gj77m/37721b986/9w0331805/NW_LS421.TXT
2021-10-08,AUSTRALIA AND NEW ZEALAND,Beef Trim,70,0-15 Days,East Coast,,,USD/cwt,FOB/TIS,https://esmis.nal.usda.gov/sites/default/release-files/c821gj77m/37721b986/9w0331805/NW_LS421.TXT
2021-10-08,AUSTRALIA AND NEW ZEALAND,Beef Trim,65,0-15 Days,East Coast,,,USD/cwt,FOB/TIS,https://esmis.nal.usda.gov/sites/default/release-files/c821gj77m/37721b986/9w0331805/NW_LS421.TXT
2021-10-08,URUGUAY,Beef Trim,85,0-15 Days,,,,USD/cwt,FOB/TIS,https://esmis.nal.usda.gov/sites/default/release-files/c821gj77m/37721b986/9w0331805/NW_LS421.TXT
2021-10-08,URUGUAY,Beef Trim,80,0-15 Days,,,,USD/cwt,FOB/TIS,https://esmis.nal.usda.gov/sites/default/release-files/c821gj77m/37721b986/9w0331805/NW_LS421.TXT
2021-10-08,URUGUAY,Beef Trim,75,0-15 Days,,,,USD/cwt,FOB/TIS,https://esmis.nal.usda.gov/sites/default/release-files/c821gj77m/37721b986/9w0331805/NW_LS421.TXT
2021-10-13,AUSTRALIA AND NEW ZEALAND,Beef Trim,85,0-15 Days,East Coast,256.00,258.00,USD/cwt,FOB/TIS,https://esmis.nal.usda.gov/sites/default/release-files/c821gj77m/4f16d257k/9593vv50p/NW_LS421.TXT
2021-10-13,AUSTRALIA AND NEW ZEALAND,Beef Trim,80,0-15 Days,East Coast,248.00,250.00,USD/cwt,FOB/TIS,https://esmis.nal.usda.gov/sites/default/release-files/c821gj77m/4f16d257k/9593vv50p/NW_LS421.TXT
2021-10-13,AUSTRALIA AND NEW ZEALAND,Beef Trim,75,0-15 Days,East Coast,,,USD/cwt,FOB/TIS,https://esmis.nal.usda.gov/sites/default/release-files/c821gj77m/4f16d257k/9593vv50p/NW_LS421.TXT
2021-10-13,AUSTRALIA AND NEW ZEALAND,Beef Trim,70,0-15 Days,East Coast,,,USD/cwt,FOB/TIS,https://esmis.nal.usda.gov/sites/default/release-files/c821gj77m/4f16d257k/9593vv50p/NW_LS421.TXT
2021-10-13,AUSTRALIA AND NEW ZEALAND,Beef Trim,65,0-15 Days,East Coast,,,USD/cwt,FOB/TIS,https://esmis.nal.usda.gov/sites/default/release-files/c821gj77m/4f16d257k/9593vv50p/NW_LS421.TXT
2021-10-13,URUGUAY,Beef Trim,85,0-15 Days,,,,USD/cwt,FOB/TIS,https://esmis.nal.usda.gov/sites/default/release-files/c821gj77m/4f16d257k/9593vv50p/NW_LS421.TXT
2021-10-13,URUGUAY,Beef Trim,80,0-15 Days,,,,USD/cwt,FOB/TIS,https://esmis.nal.usda.gov/sites/default/release-files/c821gj77m/4f16d257k/9593vv50p/NW_LS421.TXT
2021-10-13,URUGUAY,Beef Trim,75,0-15 Days,,,,USD/cwt,FOB/TIS,https://esmis.nal.usda.gov/sites/default/release-files/c821gj77m/4f16d257k/9593vv50p/NW_LS421.TXT
2021-10-15,AUSTRALIA AND NEW ZEALAND,Beef Trim,85,0-15 Days,East Coast,256.00,258.00,USD/cwt,FOB/TIS,https://esmis.nal.usda.gov/sites/default/release-files/c821gj77m/3b592916n/pn89f6287/NW_LS421.TXT
2021-10-15,AUSTRALIA AND NEW ZEALAND,Beef Trim,80,0-15 Days,East Coast,248.00,250.00,USD/cwt,FOB/TIS,https://esmis.nal.usda.gov/sites/default/release-files/c821gj77m/3b592916n/pn89f6287/NW_LS421.TXT
2021-10-15,AUSTRALIA AND NEW ZEALAND,Beef Trim,75,0-15 Days,East Coast,,,USD/cwt,FOB/TIS,https://esmis.nal.usda.gov/sites/default/release-files/c821gj77m/3b592916n/pn89f6287/NW_LS421.TXT
2021-10-15,AUSTRALIA AND NEW ZEALAND,Beef Trim,70,0-15 Days,East Coast,,,USD/cwt,FOB/TIS,https://esmis.nal.usda.gov/sites/default/release-files/c821gj77m/3b592916n/pn89f6287/NW_LS421.TXT
2021-10-15,AUSTRALIA AND NEW ZEALAND,Beef Trim,65,0-15 Days,East Coast,,,USD/cwt,FOB/TIS,https://esmis.nal.usda.gov/sites/default/release-files/c821gj77m/3b592916n/pn89f6287/NW_LS421.TXT
2021-10-15,URUGUAY,Beef Trim,85,0-15 Days,,,,USD/cwt,FOB/TIS,https://esmis.nal.usda.gov/sites/default/release-files/c821gj77m/3b592916n/pn89f6287/NW_LS421.TXT
2021-10-15,URUGUAY,Beef Trim,80,0-15 Days,,,,USD/cwt,FOB/TIS,https://esmis.nal.usda.gov/sites/default/release-files/c821gj77m/3b592916n/pn89f6287/NW_LS421.TXT
2021-10-15,URUGUAY,Beef Trim,75,0-15 Days,,,,USD/cwt,FOB/TIS,https://esmis.nal.usda.gov/sites/default/release-files/c821gj77m/3b592916n/pn89f6287/NW_LS421.TXT
2021-10-20,AUSTRALIA AND NEW ZEALAND,Beef Trim,85,0-15 Days,East Coast,,,USD/cwt,FOB/TIS,https://esmis.nal.usda.gov/sites/default/release-files/c821gj77m/3197zm56g/2r36vz633/NW_LS421.TXT
2021-10-20,AUSTRALIA AND NEW ZEALAND,Beef Trim,80,0-15 Days,East Coast,258.00,258.00,USD/cwt,FOB/TIS,https://esmis.nal.usda.gov/sites/default/release-files/c821gj77m/3197zm56g/2r36vz633/NW_LS421.TXT
2021-10-20,AUSTRALIA AND NEW ZEALAND,Beef Trim,75,0-15 Days,East Coast,,,USD/cwt,FOB/TIS,https://esmis.nal.usda.gov/sites/default/release-files/c821gj77m/3197zm56g/2r36vz633/NW_LS421.TXT
2021-10-20,AUSTRALIA AND NEW ZEALAND,Beef Trim,70,0-15 Days,East Coast,,,USD/cwt,FOB/TIS,https://esmis.nal.usda.gov/sites/default/release-files/c821gj77m/3197zm56g/2r36vz633/NW_LS421.TXT
2021-10-20,AUSTRALIA AND NEW ZEALAND,Beef Trim,65,0-15 Days,East Coast,,,USD/cwt,FOB/TIS,https://esmis.nal.usda.gov/sites/default/release-files/c821gj77m/3197zm56g/2r36vz633/NW_LS421.TXT
2021-10-20,URUGUAY,Beef Trim,85,0-15 Days,,,,USD/cwt,FOB/TIS,https://esmis.nal.usda.gov/sites/default/release-files/c821gj77m/3197zm56g/2r36vz633/NW_LS421.TXT
2021-10-20,URUGUAY,Beef Trim,80,0-15 Days,,,,USD/cwt,FOB/TIS,https://esmis.nal.usda.gov/sites/default/release-files/c821gj77m/3197zm56g/2r36vz633/NW_LS421.TXT
2021-10-20,URUGUAY,Beef Trim,75,0-15 Days,,,,USD/cwt,FOB/TIS,https://esmis.nal.usda.gov/sites/default/release-files/c821gj77m/3197zm56g/2r36vz633/NW_LS421.TXT
2021-10-22,AUSTRALIA AND NEW ZEALAND,Beef Trim,85,0-15 Days,East Coast,,,USD/cwt,FOB/TIS,https://esmis.nal.usda.gov/sites/default/release-files/c821gj77m/qf85pc59j/7p88dh17w/NW_LS421.TXT
2021-10-22,AUSTRALIA AND NEW ZEALAND,Beef Trim,80,0-15 Days,East Coast,258.00,258.00,USD/cwt,FOB/TIS,https://esmis.nal.usda.gov/sites/default/release-files/c821gj77m/qf85pc59j/7p88dh17w/NW_LS421.TXT
2021-10-22,AUSTRALIA AND NEW ZEALAND,Beef Trim,75,0-15 Days,East Coast,,,USD/cwt,FOB/TIS,https://esmis.nal.usda.gov/sites/default/release-files/c821gj77m/qf85pc59j/7p88dh17w/NW_LS421.TXT
2021-10-22,AUSTRALIA AND NEW ZEALAND,Beef Trim,70,0-15 Days,East Coast,,,USD/cwt,FOB/TIS,https://esmis.nal.usda.gov/sites/default/release-files/c821gj77m/qf85pc59j/7p88dh17w/NW_LS421.TXT
2021-10-22,AUSTRALIA AND NEW ZEALAND,Beef Trim,65,0-15 Days,East Coast,,,USD/cwt,FOB/TIS,https://esmis.nal.usda.gov/sites/default/release-files/c821gj77m/qf85pc59j/7p88dh17w/NW_LS421.TXT
2021-10-22,URUGUAY,Beef Trim,85,0-15 Days,,,,USD/cwt,FOB/TIS,https://esmis.nal.usda.gov/sites/default/release-files/c821gj77m/qf85pc59j/7p88dh17w/NW_LS421.TXT
2021-10-22,URUGUAY,Beef Trim,80,0-15 Days,,,,USD/cwt,FOB/TIS,https://esmis.nal.usda.gov/sites/default/release-files/c821gj77m/qf85pc59j/7p88dh17w/NW_LS421.TXT
2021-10-22,URUGUAY,Beef Trim,75,0-15 Days,,,,USD/cwt,FOB/TIS,https://esmis.nal.usda.gov/sites/default/release-files/c821gj77m/qf85pc59j/7p88dh17w/NW_LS421.TXT
2021-10-27,AUSTRALIA AND NEW ZEALAND,Beef Trim,85,0-15 Days,East Coast,261.00,262.00,USD/cwt,FOB/TIS,https://esmis.nal.usda.gov/sites/default/release-files/c821gj77m/0r9684039/ns065670v/NW_LS421.TXT
2021-10-27,AUSTRALIA AND NEW ZEALAND,Beef Trim,80,0-15 Days,East Coast,,,USD/cwt,FOB/TIS,https://esmis.nal.usda.gov/sites/default/release-files/c821gj77m/0r9684039/ns065670v/NW_LS421.TXT
2021-10-27,AUSTRALIA AND NEW ZEALAND,Beef Trim,75,0-15 Days,East Coast,,,USD/cwt,FOB/TIS,https://esmis.nal.usda.gov/sites/default/release-files/c821gj77m/0r9684039/ns065670v/NW_LS421.TXT
2021-10-27,AUSTRALIA AND NEW ZEALAND,Beef Trim,70,0-15 Days,East Coast,,,USD/cwt,FOB/TIS,https://esmis.nal.usda.gov/sites/default/release-files/c821gj77m/0r9684039/ns065670v/NW_LS421.TXT
2021-10-27,AUSTRALIA AND NEW ZEALAND,Beef Trim,65,0-15 Days,East Coast,,,USD/cwt,FOB/TIS,https://esmis.nal.usda.gov/sites/default/release-files/c821gj77m/0r9684039/ns065670v/NW_LS421.TXT
2021-10-27,URUGUAY,Beef Trim,85,0-15 Days,,,,USD/cwt,FOB/TIS,https://esmis.nal.usda.gov/sites/default/release-files/c821gj77m/0r9684039/ns065670v/NW_LS421.TXT
2021-10-27,URUGUAY,Beef Trim,80,0-15 Days,,,,USD/cwt,FOB/TIS,https://esmis.nal.usda.gov/sites/default/release-files/c821gj77m/0r9684039/ns065670v/NW_LS421.TXT
2021-10-27,URUGUAY,Beef Trim,75,0-15 Days,,,,USD/cwt,FOB/TIS,https://esmis.nal.usda.gov/sites/default/release-files/c821gj77m/0r9684039/ns065670v/NW_LS421.TXT
2021-10-29,AUSTRALIA AND NEW ZEALAND,Beef Trim,85,0-15 Days,East Coast,261.00,262.00,USD/cwt,FOB/TIS,https://esmis.nal.usda.gov/sites/default/release-files/c821gj77m/8910kt62w/v692v659q/NW_LS421.TXT
2021-10-29,AUSTRALIA AND NEW ZEALAND,Beef Trim,80,0-15 Days,East Coast,,,USD/cwt,FOB/TIS,https://esmis.nal.usda.gov/sites/default/release-files/c821gj77m/8910kt62w/v692v659q/NW_LS421.TXT
2021-10-29,AUSTRALIA AND NEW ZEALAND,Beef Trim,75,0-15 Days,East Coast,,,USD/cwt,FOB/TIS,https://esmis.nal.usda.gov/sites/default/release-files/c821gj77m/8910kt62w/v692v659q/NW_LS421.TXT
2021-10-29,AUSTRALIA AND NEW ZEALAND,Beef Trim,70,0-15 Days,East Coast,,,USD/cwt,FOB/TIS,https://esmis.nal.usda.gov/sites/default/release-files/c821gj77m/8910kt62w/v692v659q/NW_LS421.TXT
2021-10-29,AUSTRALIA AND NEW ZEALAND,Beef Trim,65,0-15 Days,East Coast,,,USD/cwt,FOB/TIS,https://esmis.nal.usda.gov/sites/default/release-files/c821gj77m/8910kt62w/v692v659q/NW_LS421.TXT
2021-10-29,URUGUAY,Beef Trim,85,0-15 Days,,,,USD/cwt,FOB/TIS,https://esmis.nal.usda.gov/sites/default/release-files/c821gj77m/8910kt62w/v692v659q/NW_LS421.TXT
2021-10-29,URUGUAY,Beef Trim,80,0-15 Days,,,,USD/cwt,FOB/TIS,https://esmis.nal.usda.gov/sites/default/release-files/c821gj77m/8910kt62w/v692v659q/NW_LS421.TXT
2021-10-29,URUGUAY,Beef Trim,75,0-15 Days,,,,USD/cwt,FOB/TIS,https://esmis.nal.usda.gov/sites/default/release-files/c821gj77m/8910kt62w/v692v659q/NW_LS421.TXT
2021-11-03,AUSTRALIA AND NEW ZEALAND,Beef Trim,85,0-15 Days,East Coast,256.00,259.00,USD/cwt,FOB/TIS,https://esmis.nal.usda.gov/sites/default/release-files/c821gj77m/6682z442w/hh63tv546/NW_LS421.TXT
2021-11-03,AUSTRALIA AND NEW ZEALAND,Beef Trim,80,0-15 Days,East Coast,,,USD/cwt,FOB/TIS,https://esmis.nal.usda.gov/sites/default/release-files/c821gj77m/6682z442w/hh63tv546/NW_LS421.TXT
2021-11-03,AUSTRALIA AND NEW ZEALAND,Beef Trim,75,0-15 Days,East Coast,,,USD/cwt,FOB/TIS,https://esmis.nal.usda.gov/sites/default/release-files/c821gj77m/6682z442w/hh63tv546/NW_LS421.TXT
2021-11-03,AUSTRALIA AND NEW ZEALAND,Beef Trim,70,0-15 Days,East Coast,,,USD/cwt,FOB/TIS,https://esmis.nal.usda.gov/sites/default/release-files/c821gj77m/6682z442w/hh63tv546/NW_LS421.TXT
2021-11-03,AUSTRALIA AND NEW ZEALAND,Beef Trim,65,0-15 Days,East Coast,,,USD/cwt,FOB/TIS,https://esmis.nal.usda.gov/sites/default/release-files/c821gj77m/6682z442w/hh63tv546/NW_LS421.TXT
2021-11-03,URUGUAY,Beef Trim,85,0-15 Days,,,,USD/cwt,FOB/TIS,https://esmis.nal.usda.gov/sites/default/release-files/c821gj77m/6682z442w/hh63tv546/NW_LS421.TXT
2021-11-03,URUGUAY,Beef Trim,80,0-15 Days,,,,USD/cwt,FOB/TIS,https://esmis.nal.usda.gov/sites/default/release-files/c821gj77m/6682z442w/hh63tv546/NW_LS421.TXT
2021-11-03,URUGUAY,Beef Trim,75,0-15 Days,,,,USD/cwt,FOB/TIS,https://esmis.nal.usda.gov/sites/default/release-files/c821gj77m/6682z442w/hh63tv546/NW_LS421.TXT
2021-11-05,AUSTRALIA AND NEW ZEALAND,Beef Trim,85,0-15 Days,East Coast,256.00,259.00,USD/cwt,FOB/TIS,https://esmis.nal.usda.gov/sites/default/release-files/c821gj77m/p2677w485/5m60rs74c/NW_LS421.TXT
2021-11-05,AUSTRALIA AND NEW ZEALAND,Beef Trim,80,0-15 Days,East Coast,,,USD/cwt,FOB/TIS,https://esmis.nal.usda.gov/sites/default/release-files/c821gj77m/p2677w485/5m60rs74c/NW_LS421.TXT
2021-11-05,AUSTRALIA AND NEW ZEALAND,Beef Trim,75,0-15 Days,East Coast,,,USD/cwt,FOB/TIS,https://esmis.nal.usda.gov/sites/default/release-files/c821gj77m/p2677w485/5m60rs74c/NW_LS421.TXT
2021-11-05,AUSTRALIA AND NEW ZEALAND,Beef Trim,70,0-15 Days,East Coast,,,USD/cwt,FOB/TIS,https://esmis.nal.usda.gov/sites/default/release-files/c821gj77m/p2677w485/5m60rs74c/NW_LS421.TXT
2021-11-05,AUSTRALIA AND NEW ZEALAND,Beef Trim,65,0-15 Days,East Coast,,,USD/cwt,FOB/TIS,https://esmis.nal.usda.gov/sites/default/release-files/c821gj77m/p2677w485/5m60rs74c/NW_LS421.TXT
2021-11-05,URUGUAY,Beef Trim,85,0-15 Days,,,,USD/cwt,FOB/TIS,https://esmis.nal.usda.gov/sites/default/release-files/c821gj77m/p2677w485/5m60rs74c/NW_LS421.TXT
2021-11-05,URUGUAY,Beef Trim,80,0-15 Days,,,,USD/cwt,FOB/TIS,https://esmis.nal.usda.gov/sites/default/release-files/c821gj77m/p2677w485/5m60rs74c/NW_LS421.TXT
2021-11-05,URUGUAY,Beef Trim,75,0-15 Days,,,,USD/cwt,FOB/TIS,https://esmis.nal.usda.gov/sites/default/release-files/c821gj77m/p2677w485/5m60rs74c/NW_LS421.TXT
2021-11-10,AUSTRALIA AND NEW ZEALAND,Beef Trim,85,0-15 Days,East Coast,,,USD/cwt,FOB/TIS,https://esmis.nal.usda.gov/sites/default/release-files/c821gj77m/1831dk71k/qj72q760b/NW_LS421.TXT
2021-11-10,AUSTRALIA AND NEW ZEALAND,Beef Trim,80,0-15 Days,East Coast,,,USD/cwt,FOB/TIS,https://esmis.nal.usda.gov/sites/default/release-files/c821gj77m/1831dk71k/qj72q760b/NW_LS421.TXT
2021-11-10,AUSTRALIA AND NEW ZEALAND,Beef Trim,75,0-15 Days,East Coast,,,USD/cwt,FOB/TIS,https://esmis.nal.usda.gov/sites/default/release-files/c821gj77m/1831dk71k/qj72q760b/NW_LS421.TXT
2021-11-10,AUSTRALIA AND NEW ZEALAND,Beef Trim,70,0-15 Days,East Coast,,,USD/cwt,FOB/TIS,https://esmis.nal.usda.gov/sites/default/release-files/c821gj77m/1831dk71k/qj72q760b/NW_LS421.TXT
2021-11-10,AUSTRALIA AND NEW ZEALAND,Beef Trim,65,0-15 Days,East Coast,,,USD/cwt,FOB/TIS,https://esmis.nal.usda.gov/sites/default/release-files/c821gj77m/1831dk71k/qj72q760b/NW_LS421.TXT
2021-11-10,URUGUAY,Beef Trim,85,0-15 Days,,,,USD/cwt,FOB/TIS,https://esmis.nal.usda.gov/sites/default/release-files/c821gj77m/1831dk71k/qj72q760b/NW_LS421.TXT
2021-11-10,URUGUAY,Beef Trim,80,0-15 Days,,,,USD/cwt,FOB/TIS,https://esmis.nal.usda.gov/sites/default/release-files/c821gj77m/1831dk71k/qj72q760b/NW_LS421.TXT
2021-11-10,URUGUAY,Beef Trim,75,0-15 Days,,,,USD/cwt,FOB/TIS,https://esmis.nal.usda.gov/sites/default/release-files/c821gj77m/1831dk71k/qj72q760b/NW_LS421.TXT
2021-11-12,AUSTRALIA AND NEW ZEALAND,Beef Trim,85,0-15 Days,East Coast,,,USD/cwt,FOB/TIS,https://esmis.nal.usda.gov/sites/default/release-files/c821gj77m/n583zw27v/xp68mh86t/NW_LS421.TXT
2021-11-12,AUSTRALIA AND NEW ZEALAND,Beef Trim,80,0-15 Days,East Coast,,,USD/cwt,FOB/TIS,https://esmis.nal.usda.gov/sites/default/release-files/c821gj77m/n583zw27v/xp68mh86t/NW_LS421.TXT
2021-11-12,AUSTRALIA AND NEW ZEALAND,Beef Trim,75,0-15 Days,East Coast,,,USD/cwt,FOB/TIS,https://esmis.nal.usda.gov/sites/default/release-files/c821gj77m/n583zw27v/xp68mh86t/NW_LS421.TXT
2021-11-12,AUSTRALIA AND NEW ZEALAND,Beef Trim,70,0-15 Days,East Coast,,,USD/cwt,FOB/TIS,https://esmis.nal.usda.gov/sites/default/release-files/c821gj77m/n583zw27v/xp68mh86t/NW_LS421.TXT
2021-11-12,AUSTRALIA AND NEW ZEALAND,Beef Trim,65,0-15 Days,East Coast,,,USD/cwt,FOB/TIS,https://esmis.nal.usda.gov/sites/default/release-files/c821gj77m/n583zw27v/xp68mh86t/NW_LS421.TXT
2021-11-12,URUGUAY,Beef Trim,85,0-15 Days,,,,USD/cwt,FOB/TIS,https://esmis.nal.usda.gov/sites/default/release-files/c821gj77m/n583zw27v/xp68mh86t/NW_LS421.TXT
2021-11-12,URUGUAY,Beef Trim,80,0-15 Days,,,,USD/cwt,FOB/TIS,https://esmis.nal.usda.gov/sites/default/release-files/c821gj77m/n583zw27v/xp68mh86t/NW_LS421.TXT
2021-11-12,URUGUAY,Beef Trim,75,0-15 Days,,,,USD/cwt,FOB/TIS,https://esmis.nal.usda.gov/sites/default/release-files/c821gj77m/n583zw27v/xp68mh86t/NW_LS421.TXT
2021-11-17,AUSTRALIA AND NEW ZEALAND,Beef Trim,85,0-15 Days,East Coast,268.00,270.00,USD/cwt,FOB/TIS,https://esmis.nal.usda.gov/sites/default/release-files/c821gj77m/sq87cv02n/s1785n27w/NW_LS421.TXT
2021-11-17,AUSTRALIA AND NEW ZEALAND,Beef Trim,80,0-15 Days,East Coast,,,USD/cwt,FOB/TIS,https://esmis.nal.usda.gov/sites/default/release-files/c821gj77m/sq87cv02n/s1785n27w/NW_LS421.TXT
2021-11-17,AUSTRALIA AND NEW ZEALAND,Beef Trim,75,0-15 Days,East Coast,,,USD/cwt,FOB/TIS,https://esmis.nal.usda.gov/sites/default/release-files/c821gj77m/sq87cv02n/s1785n27w/NW_LS421.TXT
2021-11-17,AUSTRALIA AND NEW ZEALAND,Beef Trim,70,0-15 Days,East Coast,,,USD/cwt,FOB/TIS,https://esmis.nal.usda.gov/sites/default/release-files/c821gj77m/sq87cv02n/s1785n27w/NW_LS421.TXT
2021-11-17,AUSTRALIA AND NEW ZEALAND,Beef Trim,65,0-15 Days,East Coast,,,USD/cwt,FOB/TIS,https://esmis.nal.usda.gov/sites/default/release-files/c821gj77m/sq87cv02n/s1785n27w/NW_LS421.TXT
2021-11-17,URUGUAY,Beef Trim,85,0-15 Days,,,,USD/cwt,FOB/TIS,https://esmis.nal.usda.gov/sites/default/release-files/c821gj77m/sq87cv02n/s1785n27w/NW_LS421.TXT
2021-11-17,URUGUAY,Beef Trim,80,0-15 Days,,,,USD/cwt,FOB/TIS,https://esmis.nal.usda.gov/sites/default/release-files/c821gj77m/sq87cv02n/s1785n27w/NW_LS421.TXT
2021-11-17,URUGUAY,Beef Trim,75,0-15 Days,,,,USD/cwt,FOB/TIS,https://esmis.nal.usda.gov/sites/default/release-files/c821gj77m/sq87cv02n/s1785n27w/NW_LS421.TXT
2021-11-19,AUSTRALIA AND NEW ZEALAND,Beef Trim,85,0-15 Days,East Coast,268.00,270.00,USD/cwt,FOB/TIS,https://esmis.nal.usda.gov/sites/default/release-files/c821gj77m/b5645s81p/w95062128/NW_LS421.TXT
2021-11-19,AUSTRALIA AND NEW ZEALAND,Beef Trim,80,0-15 Days,East Coast,,,USD/cwt,FOB/TIS,https://esmis.nal.usda.gov/sites/default/release-files/c821gj77m/b5645s81p/w95062128/NW_LS421.TXT
2021-11-19,AUSTRALIA AND NEW ZEALAND,Beef Trim,75,0-15 Days,East Coast,,,USD/cwt,FOB/TIS,https://esmis.nal.usda.gov/sites/default/release-files/c821gj77m/b5645s81p/w95062128/NW_LS421.TXT
2021-11-19,AUSTRALIA AND NEW ZEALAND,Beef Trim,70,0-15 Days,East Coast,,,USD/cwt,FOB/TIS,https://esmis.nal.usda.gov/sites/default/release-files/c821gj77m/b5645s81p/w95062128/NW_LS421.TXT
2021-11-19,AUSTRALIA AND NEW ZEALAND,Beef Trim,65,0-15 Days,East Coast,,,USD/cwt,FOB/TIS,https://esmis.nal.usda.gov/sites/default/release-files/c821gj77m/b5645s81p/w95062128/NW_LS421.TXT
2021-11-19,URUGUAY,Beef Trim,85,0-15 Days,,,,USD/cwt,FOB/TIS,https://esmis.nal.usda.gov/sites/default/release-files/c821gj77m/b5645s81p/w95062128/NW_LS421.TXT
2021-11-19,URUGUAY,Beef Trim,80,0-15 Days,,,,USD/cwt,FOB/TIS,https://esmis.nal.usda.gov/sites/default/release-files/c821gj77m/b5645s81p/w95062128/NW_LS421.TXT
2021-11-19,URUGUAY,Beef Trim,75,0-15 Days,,,,USD/cwt,FOB/TIS,https://esmis.nal.usda.gov/sites/default/release-files/c821gj77m/b5645s81p/w95062128/NW_LS421.TXT
2021-11-24,AUSTRALIA AND NEW ZEALAND,Beef Trim,85,0-15 Days,East Coast,269.00,271.00,USD/cwt,FOB/TIS,https://esmis.nal.usda.gov/sites/default/release-files/c821gj77m/6m312p79j/3r075w145/NW_LS421.TXT
2021-11-24,AUSTRALIA AND NEW ZEALAND,Beef Trim,80,0-15 Days,East Coast,,,USD/cwt,FOB/TIS,https://esmis.nal.usda.gov/sites/default/release-files/c821gj77m/6m312p79j/3r075w145/NW_LS421.TXT
2021-11-24,AUSTRALIA AND NEW ZEALAND,Beef Trim,75,0-15 Days,East Coast,,,USD/cwt,FOB/TIS,https://esmis.nal.usda.gov/sites/default/release-files/c821gj77m/6m312p79j/3r075w145/NW_LS421.TXT
2021-11-24,AUSTRALIA AND NEW ZEALAND,Beef Trim,70,0-15 Days,East Coast,,,USD/cwt,FOB/TIS,https://esmis.nal.usda.gov/sites/default/release-files/c821gj77m/6m312p79j/3r075w145/NW_LS421.TXT
2021-11-24,AUSTRALIA AND NEW ZEALAND,Beef Trim,65,0-15 Days,East Coast,,,USD/cwt,FOB/TIS,https://esmis.nal.usda.gov/sites/default/release-files/c821gj77m/6m312p79j/3r075w145/NW_LS421.TXT
2021-11-24,URUGUAY,Beef Trim,85,0-15 Days,,,,USD/cwt,FOB/TIS,https://esmis.nal.usda.gov/sites/default/release-files/c821gj77m/6m312p79j/3r075w145/NW_LS421.TXT
2021-11-24,URUGUAY,Beef Trim,80,0-15 Days,,,,USD/cwt,FOB/TIS,https://esmis.nal.usda.gov/sites/default/release-files/c821gj77m/6m312p79j/3r075w145/NW_LS421.TXT
2021-11-24,URUGUAY,Beef Trim,75,0-15 Days,,,,USD/cwt,FOB/TIS,https://esmis.nal.usda.gov/sites/default/release-files/c821gj77m/6m312p79j/3r075w145/NW_LS421.TXT
2021-11-26,AUSTRALIA AND NEW ZEALAND,Beef Trim,85,0-15 Days,East Coast,269.00,271.00,USD/cwt,FOB/TIS,https://esmis.nal.usda.gov/sites/default/release-files/c821gj77m/x920gz37m/9c67xp39n/NW_LS421.TXT
2021-11-26,AUSTRALIA AND NEW ZEALAND,Beef Trim,80,0-15 Days,East Coast,,,USD/cwt,FOB/TIS,https://esmis.nal.usda.gov/sites/default/release-files/c821gj77m/x920gz37m/9c67xp39n/NW_LS421.TXT
2021-11-26,AUSTRALIA AND NEW ZEALAND,Beef Trim,75,0-15 Days,East Coast,,,USD/cwt,FOB/TIS,https://esmis.nal.usda.gov/sites/default/release-files/c821gj77m/x920gz37m/9c67xp39n/NW_LS421.TXT
2021-11-26,AUSTRALIA AND NEW ZEALAND,Beef Trim,70,0-15 Days,East Coast,,,USD/cwt,FOB/TIS,https://esmis.nal.usda.gov/sites/default/release-files/c821gj77m/x920gz37m/9c67xp39n/NW_LS421.TXT
2021-11-26,AUSTRALIA AND NEW ZEALAND,Beef Trim,65,0-15 Days,East Coast,,,USD/cwt,FOB/TIS,https://esmis.nal.usda.gov/sites/default/release-files/c821gj77m/x920gz37m/9c67xp39n/NW_LS421.TXT
2021-11-26,URUGUAY,Beef Trim,85,0-15 Days,,,,USD/cwt,FOB/TIS,https://esmis.nal.usda.gov/sites/default/release-files/c821gj77m/x920gz37m/9c67xp39n/NW_LS421.TXT
2021-11-26,URUGUAY,Beef Trim,80,0-15 Days,,,,USD/cwt,FOB/TIS,https://esmis.nal.usda.gov/sites/default/release-files/c821gj77m/x920gz37m/9c67xp39n/NW_LS421.TXT
2021-11-26,URUGUAY,Beef Trim,75,0-15 Days,,,,USD/cwt,FOB/TIS,https://esmis.nal.usda.gov/sites/default/release-files/c821gj77m/x920gz37m/9c67xp39n/NW_LS421.TXT
2021-12-01,AUSTRALIA AND NEW ZEALAND,Beef Trim,85,0-15 Days,East Coast,270.00,272.00,USD/cwt,FOB/TIS,https://esmis.nal.usda.gov/sites/default/release-files/c821gj77m/jw828d22b/w37647985/NW_LS421.TXT
2021-12-01,AUSTRALIA AND NEW ZEALAND,Beef Trim,80,0-15 Days,East Coast,257.00,259.00,USD/cwt,FOB/TIS,https://esmis.nal.usda.gov/sites/default/release-files/c821gj77m/jw828d22b/w37647985/NW_LS421.TXT
2021-12-01,AUSTRALIA AND NEW ZEALAND,Beef Trim,75,0-15 Days,East Coast,,,USD/cwt,FOB/TIS,https://esmis.nal.usda.gov/sites/default/release-files/c821gj77m/jw828d22b/w37647985/NW_LS421.TXT
2021-12-01,AUSTRALIA AND NEW ZEALAND,Beef Trim,70,0-15 Days,East Coast,,,USD/cwt,FOB/TIS,https://esmis.nal.usda.gov/sites/default/release-files/c821gj77m/jw828d22b/w37647985/NW_LS421.TXT
2021-12-01,AUSTRALIA AND NEW ZEALAND,Beef Trim,65,0-15 Days,East Coast,,,USD/cwt,FOB/TIS,https://esmis.nal.usda.gov/sites/default/release-files/c821gj77m/jw828d22b/w37647985/NW_LS421.TXT
2021-12-01,URUGUAY,Beef Trim,85,0-15 Days,,,,USD/cwt,FOB/TIS,https://esmis.nal.usda.gov/sites/default/release-files/c821gj77m/jw828d22b/w37647985/NW_LS421.TXT
2021-12-01,URUGUAY,Beef Trim,80,0-15 Days,,,,USD/cwt,FOB/TIS,https://esmis.nal.usda.gov/sites/default/release-files/c821gj77m/jw828d22b/w37647985/NW_LS421.TXT
2021-12-01,URUGUAY,Beef Trim,75,0-15 Days,,,,USD/cwt,FOB/TIS,https://esmis.nal.usda.gov/sites/default/release-files/c821gj77m/jw828d22b/w37647985/NW_LS421.TXT
2021-12-03,AUSTRALIA AND NEW ZEALAND,Beef Trim,85,0-15 Days,East Coast,270.00,272.00,USD/cwt,FOB/TIS,https://esmis.nal.usda.gov/sites/default/release-files/c821gj77m/3n205144r/9z904137q/NW_LS421.TXT
2021-12-03,AUSTRALIA AND NEW ZEALAND,Beef Trim,80,0-15 Days,East Coast,257.00,259.00,USD/cwt,FOB/TIS,https://esmis.nal.usda.gov/sites/default/release-files/c821gj77m/3n205144r/9z904137q/NW_LS421.TXT
2021-12-03,AUSTRALIA AND NEW ZEALAND,Beef Trim,75,0-15 Days,East Coast,,,USD/cwt,FOB/TIS,https://esmis.nal.usda.gov/sites/default/release-files/c821gj77m/3n205144r/9z904137q/NW_LS421.TXT
2021-12-03,AUSTRALIA AND NEW ZEALAND,Beef Trim,70,0-15 Days,East Coast,,,USD/cwt,FOB/TIS,https://esmis.nal.usda.gov/sites/default/release-files/c821gj77m/3n205144r/9z904137q/NW_LS421.TXT
2021-12-03,AUSTRALIA AND NEW ZEALAND,Beef Trim,65,0-15 Days,East Coast,,,USD/cwt,FOB/TIS,https://esmis.nal.usda.gov/sites/default/release-files/c821gj77m/3n205144r/9z904137q/NW_LS421.TXT
2021-12-03,URUGUAY,Beef Trim,85,0-15 Days,,,,USD/cwt,FOB/TIS,https://esmis.nal.usda.gov/sites/default/release-files/c821gj77m/3n205144r/9z904137q/NW_LS421.TXT
2021-12-03,URUGUAY,Beef Trim,80,0-15 Days,,,,USD/cwt,FOB/TIS,https://esmis.nal.usda.gov/sites/default/release-files/c821gj77m/3n205144r/9z904137q/NW_LS421.TXT
2021-12-03,URUGUAY,Beef Trim,75,0-15 Days,,,,USD/cwt,FOB/TIS,https://esmis.nal.usda.gov/sites/default/release-files/c821gj77m/3n205144r/9z904137q/NW_LS421.TXT
2021-12-08,AUSTRALIA AND NEW ZEALAND,Beef Trim,85,0-15 Days,East Coast,,,USD/cwt,FOB/TIS,https://esmis.nal.usda.gov/sites/default/release-files/c821gj77m/ks65jd584/rr172z25b/NW_LS421.TXT
2021-12-08,AUSTRALIA AND NEW ZEALAND,Beef Trim,80,0-15 Days,East Coast,,,USD/cwt,FOB/TIS,https://esmis.nal.usda.gov/sites/default/release-files/c821gj77m/ks65jd584/rr172z25b/NW_LS421.TXT
2021-12-08,AUSTRALIA AND NEW ZEALAND,Beef Trim,75,0-15 Days,East Coast,,,USD/cwt,FOB/TIS,https://esmis.nal.usda.gov/sites/default/release-files/c821gj77m/ks65jd584/rr172z25b/NW_LS421.TXT
2021-12-08,AUSTRALIA AND NEW ZEALAND,Beef Trim,70,0-15 Days,East Coast,,,USD/cwt,FOB/TIS,https://esmis.nal.usda.gov/sites/default/release-files/c821gj77m/ks65jd584/rr172z25b/NW_LS421.TXT
2021-12-08,AUSTRALIA AND NEW ZEALAND,Beef Trim,65,0-15 Days,East Coast,,,USD/cwt,FOB/TIS,https://esmis.nal.usda.gov/sites/default/release-files/c821gj77m/ks65jd584/rr172z25b/NW_LS421.TXT
2021-12-08,URUGUAY,Beef Trim,85,0-15 Days,,,,USD/cwt,FOB/TIS,https://esmis.nal.usda.gov/sites/default/release-files/c821gj77m/ks65jd584/rr172z25b/NW_LS421.TXT
2021-12-08,URUGUAY,Beef Trim,80,0-15 Days,,,,USD/cwt,FOB/TIS,https://esmis.nal.usda.gov/sites/default/release-files/c821gj77m/ks65jd584/rr172z25b/NW_LS421.TXT
2021-12-08,URUGUAY,Beef Trim,75,0-15 Days,,,,USD/cwt,FOB/TIS,https://esmis.nal.usda.gov/sites/default/release-files/c821gj77m/ks65jd584/rr172z25b/NW_LS421.TXT
2021-12-10,AUSTRALIA AND NEW ZEALAND,Beef Trim,85,0-15 Days,East Coast,,,USD/cwt,FOB/TIS,https://esmis.nal.usda.gov/sites/default/release-files/c821gj77m/1g05gd87f/zk51wj56f/NW_LS421.TXT
2021-12-10,AUSTRALIA AND NEW ZEALAND,Beef Trim,80,0-15 Days,East Coast,,,USD/cwt,FOB/TIS,https://esmis.nal.usda.gov/sites/default/release-files/c821gj77m/1g05gd87f/zk51wj56f/NW_LS421.TXT
2021-12-10,AUSTRALIA AND NEW ZEALAND,Beef Trim,75,0-15 Days,East Coast,,,USD/cwt,FOB/TIS,https://esmis.nal.usda.gov/sites/default/release-files/c821gj77m/1g05gd87f/zk51wj56f/NW_LS421.TXT
2021-12-10,AUSTRALIA AND NEW ZEALAND,Beef Trim,70,0-15 Days,East Coast,,,USD/cwt,FOB/TIS,https://esmis.nal.usda.gov/sites/default/release-files/c821gj77m/1g05gd87f/zk51wj56f/NW_LS421.TXT
2021-12-10,AUSTRALIA AND NEW ZEALAND,Beef Trim,65,0-15 Days,East Coast,,,USD/cwt,FOB/TIS,https://esmis.nal.usda.gov/sites/default/release-files/c821gj77m/1g05gd87f/zk51wj56f/NW_LS421.TXT
2021-12-10,URUGUAY,Beef Trim,85,0-15 Days,,,,USD/cwt,FOB/TIS,https://esmis.nal.usda.gov/sites/default/release-files/c821gj77m/1g05gd87f/zk51wj56f/NW_LS421.TXT
2021-12-10,URUGUAY,Beef Trim,80,0-15 Days,,,,USD/cwt,FOB/TIS,https://esmis.nal.usda.gov/sites/default/release-files/c821gj77m/1g05gd87f/zk51wj56f/NW_LS421.TXT
2021-12-10,URUGUAY,Beef Trim,75,0-15 Days,,,,USD/cwt,FOB/TIS,https://esmis.nal.usda.gov/sites/default/release-files/c821gj77m/1g05gd87f/zk51wj56f/NW_LS421.TXT
2021-12-15,AUSTRALIA AND NEW ZEALAND,Beef Trim,85,0-15 Days,East Coast,270.00,272.00,USD/cwt,FOB/TIS,https://esmis.nal.usda.gov/sites/default/release-files/c821gj77m/z603s0895/nz807113w/NW_LS421.TXT
2021-12-15,AUSTRALIA AND NEW ZEALAND,Beef Trim,80,0-15 Days,East Coast,257.00,258.00,USD/cwt,FOB/TIS,https://esmis.nal.usda.gov/sites/default/release-files/c821gj77m/z603s0895/nz807113w/NW_LS421.TXT
2021-12-15,AUSTRALIA AND NEW ZEALAND,Beef Trim,75,0-15 Days,East Coast,,,USD/cwt,FOB/TIS,https://esmis.nal.usda.gov/sites/default/release-files/c821gj77m/z603s0895/nz807113w/NW_LS421.TXT
2021-12-15,AUSTRALIA AND NEW ZEALAND,Beef Trim,70,0-15 Days,East Coast,,,USD/cwt,FOB/TIS,https://esmis.nal.usda.gov/sites/default/release-files/c821gj77m/z603s0895/nz807113w/NW_LS421.TXT
2021-12-15,AUSTRALIA AND NEW ZEALAND,Beef Trim,65,0-15 Days,East Coast,,,USD/cwt,FOB/TIS,https://esmis.nal.usda.gov/sites/default/release-files/c821gj77m/z603s0895/nz807113w/NW_LS421.TXT
2021-12-15,URUGUAY,Beef Trim,85,0-15 Days,,,,USD/cwt,FOB/TIS,https://esmis.nal.usda.gov/sites/default/release-files/c821gj77m/z603s0895/nz807113w/NW_LS421.TXT
2021-12-15,URUGUAY,Beef Trim,80,0-15 Days,,,,USD/cwt,FOB/TIS,https://esmis.nal.usda.gov/sites/default/release-files/c821gj77m/z603s0895/nz807113w/NW_LS421.TXT
2021-12-15,URUGUAY,Beef Trim,75,0-15 Days,,,,USD/cwt,FOB/TIS,https://esmis.nal.usda.gov/sites/default/release-files/c821gj77m/z603s0895/nz807113w/NW_LS421.TXT
2021-12-17,AUSTRALIA AND NEW ZEALAND,Beef Trim,85,0-15 Days,East Coast,270.00,272.00,USD/cwt,FOB/TIS,https://esmis.nal.usda.gov/sites/default/release-files/c821gj77m/707969003/x633g212p/NW_LS421.TXT
2021-12-17,AUSTRALIA AND NEW ZEALAND,Beef Trim,80,0-15 Days,East Coast,257.00,258.00,USD/cwt,FOB/TIS,https://esmis.nal.usda.gov/sites/default/release-files/c821gj77m/707969003/x633g212p/NW_LS421.TXT
2021-12-17,AUSTRALIA AND NEW ZEALAND,Beef Trim,75,0-15 Days,East Coast,,,USD/cwt,FOB/TIS,https://esmis.nal.usda.gov/sites/default/release-files/c821gj77m/707969003/x633g212p/NW_LS421.TXT
2021-12-17,AUSTRALIA AND NEW ZEALAND,Beef Trim,70,0-15 Days,East Coast,,,USD/cwt,FOB/TIS,https://esmis.nal.usda.gov/sites/default/release-files/c821gj77m/707969003/x633g212p/NW_LS421.TXT
2021-12-17,AUSTRALIA AND NEW ZEALAND,Beef Trim,65,0-15 Days,East Coast,,,USD/cwt,FOB/TIS,https://esmis.nal.usda.gov/sites/default/release-files/c821gj77m/707969003/x633g212p/NW_LS421.TXT
2021-12-17,URUGUAY,Beef Trim,85,0-15 Days,,,,USD/cwt,FOB/TIS,https://esmis.nal.usda.gov/sites/default/release-files/c821gj77m/707969003/x633g212p/NW_LS421.TXT
2021-12-17,URUGUAY,Beef Trim,80,0-15 Days,,,,USD/cwt,FOB/TIS,https://esmis.nal.usda.gov/sites/default/release-files/c821gj77m/707969003/x633g212p/NW_LS421.TXT
2021-12-17,URUGUAY,Beef Trim,75,0-15 Days,,,,USD/cwt,FOB/TIS,https://esmis.nal.usda.gov/sites/default/release-files/c821gj77m/707969003/x633g212p/NW_LS421.TXT
2021-12-22,AUSTRALIA AND NEW ZEALAND,Beef Trim,85,0-15 Days,East Coast,,,USD/cwt,FOB/TIS,https://esmis.nal.usda.gov/sites/default/release-files/c821gj77m/rr172z56b/76538325f/NW_LS421.TXT
2021-12-22,AUSTRALIA AND NEW ZEALAND,Beef Trim,80,0-15 Days,East Coast,,,USD/cwt,FOB/TIS,https://esmis.nal.usda.gov/sites/default/release-files/c821gj77m/rr172z56b/76538325f/NW_LS421.TXT
2021-12-22,AUSTRALIA AND NEW ZEALAND,Beef Trim,75,0-15 Days,East Coast,,,USD/cwt,FOB/TIS,https://esmis.nal.usda.gov/sites/default/release-files/c821gj77m/rr172z56b/76538325f/NW_LS421.TXT
2021-12-22,AUSTRALIA AND NEW ZEALAND,Beef Trim,70,0-15 Days,East Coast,,,USD/cwt,FOB/TIS,https://esmis.nal.usda.gov/sites/default/release-files/c821gj77m/rr172z56b/76538325f/NW_LS421.TXT
2021-12-22,AUSTRALIA AND NEW ZEALAND,Beef Trim,65,0-15 Days,East Coast,,,USD/cwt,FOB/TIS,https://esmis.nal.usda.gov/sites/default/release-files/c821gj77m/rr172z56b/76538325f/NW_LS421.TXT
2021-12-22,URUGUAY,Beef Trim,85,0-15 Days,,,,USD/cwt,FOB/TIS,https://esmis.nal.usda.gov/sites/default/release-files/c821gj77m/rr172z56b/76538325f/NW_LS421.TXT
2021-12-22,URUGUAY,Beef Trim,80,0-15 Days,,,,USD/cwt,FOB/TIS,https://esmis.nal.usda.gov/sites/default/release-files/c821gj77m/rr172z56b/76538325f/NW_LS421.TXT
2021-12-22,URUGUAY,Beef Trim,75,0-15 Days,,,,USD/cwt,FOB/TIS,https://esmis.nal.usda.gov/sites/default/release-files/c821gj77m/rr172z56b/76538325f/NW_LS421.TXT
2021-12-29,AUSTRALIA AND NEW ZEALAND,Beef Trim,85,0-15 Days,East Coast,,,USD/cwt,FOB/TIS,https://esmis.nal.usda.gov/sites/default/release-files/c821gj77m/2v23ww36n/ks65jd958/NW_LS421.TXT
2021-12-29,AUSTRALIA AND NEW ZEALAND,Beef Trim,80,0-15 Days,East Coast,,,USD/cwt,FOB/TIS,https://esmis.nal.usda.gov/sites/default/release-files/c821gj77m/2v23ww36n/ks65jd958/NW_LS421.TXT
2021-12-29,AUSTRALIA AND NEW ZEALAND,Beef Trim,75,0-15 Days,East Coast,,,USD/cwt,FOB/TIS,https://esmis.nal.usda.gov/sites/default/release-files/c821gj77m/2v23ww36n/ks65jd958/NW_LS421.TXT
2021-12-29,AUSTRALIA AND NEW ZEALAND,Beef Trim,70,0-15 Days,East Coast,,,USD/cwt,FOB/TIS,https://esmis.nal.usda.gov/sites/default/release-files/c821gj77m/2v23ww36n/ks65jd958/NW_LS421.TXT
2021-12-29,AUSTRALIA AND NEW ZEALAND,Beef Trim,65,0-15 Days,East Coast,,,USD/cwt,FOB/TIS,https://esmis.nal.usda.gov/sites/default/release-files/c821gj77m/2v23ww36n/ks65jd958/NW_LS421.TXT
2021-12-29,URUGUAY,Beef Trim,85,0-15 Days,,,,USD/cwt,FOB/TIS,https://esmis.nal.usda.gov/sites/default/release-files/c821gj77m/2v23ww36n/ks65jd958/NW_LS421.TXT
2021-12-29,URUGUAY,Beef Trim,80,0-15 Days,,,,USD/cwt,FOB/TIS,https://esmis.nal.usda.gov/sites/default/release-files/c821gj77m/2v23ww36n/ks65jd958/NW_LS421.TXT
2021-12-29,URUGUAY,Beef Trim,75,0-15 Days,,,,USD/cwt,FOB/TIS,https://esmis.nal.usda.gov/sites/default/release-files/c821gj77m/2v23ww36n/ks65jd958/NW_LS421.TXT
2022-01-05,AUSTRALIA AND NEW ZEALAND,Beef Trim,85,0-15 Days,East Coast,,,USD/cwt,FOB/TIS,https://esmis.nal.usda.gov/sites/default/release-files/c821gj77m/pn89f803s/fb495990p/NW_LS421.TXT
2022-01-05,AUSTRALIA AND NEW ZEALAND,Beef Trim,80,0-15 Days,East Coast,,,USD/cwt,FOB/TIS,https://esmis.nal.usda.gov/sites/default/release-files/c821gj77m/pn89f803s/fb495990p/NW_LS421.TXT
2022-01-05,AUSTRALIA AND NEW ZEALAND,Beef Trim,75,0-15 Days,East Coast,,,USD/cwt,FOB/TIS,https://esmis.nal.usda.gov/sites/default/release-files/c821gj77m/pn89f803s/fb495990p/NW_LS421.TXT
2022-01-05,AUSTRALIA AND NEW ZEALAND,Beef Trim,70,0-15 Days,East Coast,,,USD/cwt,FOB/TIS,https://esmis.nal.usda.gov/sites/default/release-files/c821gj77m/pn89f803s/fb495990p/NW_LS421.TXT
2022-01-05,AUSTRALIA AND NEW ZEALAND,Beef Trim,65,0-15 Days,East Coast,,,USD/cwt,FOB/TIS,https://esmis.nal.usda.gov/sites/default/release-files/c821gj77m/pn89f803s/fb495990p/NW_LS421.TXT
2022-01-05,URUGUAY,Beef Trim,85,0-15 Days,,,,USD/cwt,FOB/TIS,https://esmis.nal.usda.gov/sites/default/release-files/c821gj77m/pn89f803s/fb495990p/NW_LS421.TXT
2022-01-05,URUGUAY,Beef Trim,80,0-15 Days,,,,USD/cwt,FOB/TIS,https://esmis.nal.usda.gov/sites/default/release-files/c821gj77m/pn89f803s/fb495990p/NW_LS421.TXT
2022-01-05,URUGUAY,Beef Trim,75,0-15 Days,,,,USD/cwt,FOB/TIS,https://esmis.nal.usda.gov/sites/default/release-files/c821gj77m/pn89f803s/fb495990p/NW_LS421.TXT
2022-01-07,AUSTRALIA AND NEW ZEALAND,Beef Trim,85,0-15 Days,East Coast,,,USD/cwt,FOB/TIS,https://esmis.nal.usda.gov/sites/default/release-files/c821gj77m/g445dg71s/9w033422w/NW_LS421.TXT
2022-01-07,AUSTRALIA AND NEW ZEALAND,Beef Trim,80,0-15 Days,East Coast,,,USD/cwt,FOB/TIS,https://esmis.nal.usda.gov/sites/default/release-files/c821gj77m/g445dg71s/9w033422w/NW_LS421.TXT
2022-01-07,AUSTRALIA AND NEW ZEALAND,Beef Trim,75,0-15 Days,East Coast,,,USD/cwt,FOB/TIS,https://esmis.nal.usda.gov/sites/default/release-files/c821gj77m/g445dg71s/9w033422w/NW_LS421.TXT
2022-01-07,AUSTRALIA AND NEW ZEALAND,Beef Trim,70,0-15 Days,East Coast,,,USD/cwt,FOB/TIS,https://esmis.nal.usda.gov/sites/default/release-files/c821gj77m/g445dg71s/9w033422w/NW_LS421.TXT
2022-01-07,AUSTRALIA AND NEW ZEALAND,Beef Trim,65,0-15 Days,East Coast,,,USD/cwt,FOB/TIS,https://esmis.nal.usda.gov/sites/default/release-files/c821gj77m/g445dg71s/9w033422w/NW_LS421.TXT
2022-01-07,URUGUAY,Beef Trim,85,0-15 Days,,,,USD/cwt,FOB/TIS,https://esmis.nal.usda.gov/sites/default/release-files/c821gj77m/g445dg71s/9w033422w/NW_LS421.TXT
2022-01-07,URUGUAY,Beef Trim,80,0-15 Days,,,,USD/cwt,FOB/TIS,https://esmis.nal.usda.gov/sites/default/release-files/c821gj77m/g445dg71s/9w033422w/NW_LS421.TXT
2022-01-07,URUGUAY,Beef Trim,75,0-15 Days,,,,USD/cwt,FOB/TIS,https://esmis.nal.usda.gov/sites/default/release-files/c821gj77m/g445dg71s/9w033422w/NW_LS421.TXT
2022-01-12,AUSTRALIA AND NEW ZEALAND,Beef Trim,85,0-15 Days,East Coast,269.00,270.00,USD/cwt,FOB/TIS,https://esmis.nal.usda.gov/sites/default/release-files/c821gj77m/5h73qx600/cj82m936x/NW_LS421.TXT
2022-01-12,AUSTRALIA AND NEW ZEALAND,Beef Trim,80,0-15 Days,East Coast,,,USD/cwt,FOB/TIS,https://esmis.nal.usda.gov/sites/default/release-files/c821gj77m/5h73qx600/cj82m936x/NW_LS421.TXT
2022-01-12,AUSTRALIA AND NEW ZEALAND,Beef Trim,75,0-15 Days,East Coast,,,USD/cwt,FOB/TIS,https://esmis.nal.usda.gov/sites/default/release-files/c821gj77m/5h73qx600/cj82m936x/NW_LS421.TXT
2022-01-12,AUSTRALIA AND NEW ZEALAND,Beef Trim,70,0-15 Days,East Coast,,,USD/cwt,FOB/TIS,https://esmis.nal.usda.gov/sites/default/release-files/c821gj77m/5h73qx600/cj82m936x/NW_LS421.TXT
2022-01-12,AUSTRALIA AND NEW ZEALAND,Beef Trim,65,0-15 Days,East Coast,,,USD/cwt,FOB/TIS,https://esmis.nal.usda.gov/sites/default/release-files/c821gj77m/5h73qx600/cj82m936x/NW_LS421.TXT
2022-01-12,URUGUAY,Beef Trim,85,0-15 Days,,,,USD/cwt,FOB/TIS,https://esmis.nal.usda.gov/sites/default/release-files/c821gj77m/5h73qx600/cj82m936x/NW_LS421.TXT
2022-01-12,URUGUAY,Beef Trim,80,0-15 Days,,,,USD/cwt,FOB/TIS,https://esmis.nal.usda.gov/sites/default/release-files/c821gj77m/5h73qx600/cj82m936x/NW_LS421.TXT
2022-01-12,URUGUAY,Beef Trim,75,0-15 Days,,,,USD/cwt,FOB/TIS,https://esmis.nal.usda.gov/sites/default/release-files/c821gj77m/5h73qx600/cj82m936x/NW_LS421.TXT
2022-01-14,AUSTRALIA AND NEW ZEALAND,Beef Trim,85,0-15 Days,East Coast,269.00,270.00,USD/cwt,FOB/TIS,https://esmis.nal.usda.gov/sites/default/release-files/c821gj77m/rb68zf06b/6682z606f/NW_LS421.TXT
2022-01-14,AUSTRALIA AND NEW ZEALAND,Beef Trim,80,0-15 Days,East Coast,,,USD/cwt,FOB/TIS,https://esmis.nal.usda.gov/sites/default/release-files/c821gj77m/rb68zf06b/6682z606f/NW_LS421.TXT
2022-01-14,AUSTRALIA AND NEW ZEALAND,Beef Trim,75,0-15 Days,East Coast,,,USD/cwt,FOB/TIS,https://esmis.nal.usda.gov/sites/default/release-files/c821gj77m/rb68zf06b/6682z606f/NW_LS421.TXT
2022-01-14,AUSTRALIA AND NEW ZEALAND,Beef Trim,70,0-15 Days,East Coast,,,USD/cwt,FOB/TIS,https://esmis.nal.usda.gov/sites/default/release-files/c821gj77m/rb68zf06b/6682z606f/NW_LS421.TXT
2022-01-14,AUSTRALIA AND NEW ZEALAND,Beef Trim,65,0-15 Days,East Coast,,,USD/cwt,FOB/TIS,https://esmis.nal.usda.gov/sites/default/release-files/c821gj77m/rb68zf06b/6682z606f/NW_LS421.TXT
2022-01-14,URUGUAY,Beef Trim,85,0-15 Days,,,,USD/cwt,FOB/TIS,https://esmis.nal.usda.gov/sites/default/release-files/c821gj77m/rb68zf06b/6682z606f/NW_LS421.TXT
2022-01-14,URUGUAY,Beef Trim,80,0-15 Days,,,,USD/cwt,FOB/TIS,https://esmis.nal.usda.gov/sites/default/release-files/c821gj77m/rb68zf06b/6682z606f/NW_LS421.TXT
2022-01-14,URUGUAY,Beef Trim,75,0-15 Days,,,,USD/cwt,FOB/TIS,https://esmis.nal.usda.gov/sites/default/release-files/c821gj77m/rb68zf06b/6682z606f/NW_LS421.TXT
2022-01-19,AUSTRALIA AND NEW ZEALAND,Beef Trim,85,0-15 Days,East Coast,273.00,275.00,USD/cwt,FOB/TIS,https://esmis.nal.usda.gov/sites/default/release-files/c821gj77m/cv43pz36j/9z9042211/NW_LS421.TXT
2022-01-19,AUSTRALIA AND NEW ZEALAND,Beef Trim,80,0-15 Days,East Coast,258.00,259.00,USD/cwt,FOB/TIS,https://esmis.nal.usda.gov/sites/default/release-files/c821gj77m/cv43pz36j/9z9042211/NW_LS421.TXT
2022-01-19,AUSTRALIA AND NEW ZEALAND,Beef Trim,75,0-15 Days,East Coast,,,USD/cwt,FOB/TIS,https://esmis.nal.usda.gov/sites/default/release-files/c821gj77m/cv43pz36j/9z9042211/NW_LS421.TXT
2022-01-19,AUSTRALIA AND NEW ZEALAND,Beef Trim,70,0-15 Days,East Coast,,,USD/cwt,FOB/TIS,https://esmis.nal.usda.gov/sites/default/release-files/c821gj77m/cv43pz36j/9z9042211/NW_LS421.TXT
2022-01-19,AUSTRALIA AND NEW ZEALAND,Beef Trim,65,0-15 Days,East Coast,,,USD/cwt,FOB/TIS,https://esmis.nal.usda.gov/sites/default/release-files/c821gj77m/cv43pz36j/9z9042211/NW_LS421.TXT
2022-01-19,URUGUAY,Beef Trim,85,0-15 Days,,,,USD/cwt,FOB/TIS,https://esmis.nal.usda.gov/sites/default/release-files/c821gj77m/cv43pz36j/9z9042211/NW_LS421.TXT
2022-01-19,URUGUAY,Beef Trim,80,0-15 Days,,,,USD/cwt,FOB/TIS,https://esmis.nal.usda.gov/sites/default/release-files/c821gj77m/cv43pz36j/9z9042211/NW_LS421.TXT
2022-01-19,URUGUAY,Beef Trim,75,0-15 Days,,,,USD/cwt,FOB/TIS,https://esmis.nal.usda.gov/sites/default/release-files/c821gj77m/cv43pz36j/9z9042211/NW_LS421.TXT
2022-01-21,AUSTRALIA AND NEW ZEALAND,Beef Trim,85,0-15 Days,East Coast,273.00,275.00,USD/cwt,FOB/TIS,https://esmis.nal.usda.gov/sites/default/release-files/c821gj77m/g732fc11k/3j3344950/NW_LS421.TXT
2022-01-21,AUSTRALIA AND NEW ZEALAND,Beef Trim,80,0-15 Days,East Coast,258.00,259.00,USD/cwt,FOB/TIS,https://esmis.nal.usda.gov/sites/default/release-files/c821gj77m/g732fc11k/3j3344950/NW_LS421.TXT
2022-01-21,AUSTRALIA AND NEW ZEALAND,Beef Trim,75,0-15 Days,East Coast,,,USD/cwt,FOB/TIS,https://esmis.nal.usda.gov/sites/default/release-files/c821gj77m/g732fc11k/3j3344950/NW_LS421.TXT
2022-01-21,AUSTRALIA AND NEW ZEALAND,Beef Trim,70,0-15 Days,East Coast,,,USD/cwt,FOB/TIS,https://esmis.nal.usda.gov/sites/default/release-files/c821gj77m/g732fc11k/3j3344950/NW_LS421.TXT
2022-01-21,AUSTRALIA AND NEW ZEALAND,Beef Trim,65,0-15 Days,East Coast,,,USD/cwt,FOB/TIS,https://esmis.nal.usda.gov/sites/default/release-files/c821gj77m/g732fc11k/3j3344950/NW_LS421.TXT
2022-01-21,URUGUAY,Beef Trim,85,0-15 Days,,,,USD/cwt,FOB/TIS,https://esmis.nal.usda.gov/sites/default/release-files/c821gj77m/g732fc11k/3j3344950/NW_LS421.TXT
2022-01-21,URUGUAY,Beef Trim,80,0-15 Days,,,,USD/cwt,FOB/TIS,https://esmis.nal.usda.gov/sites/default/release-files/c821gj77m/g732fc11k/3j3344950/NW_LS421.TXT
2022-01-21,URUGUAY,Beef Trim,75,0-15 Days,,,,USD/cwt,FOB/TIS,https://esmis.nal.usda.gov/sites/default/release-files/c821gj77m/g732fc11k/3j3344950/NW_LS421.TXT
2022-01-26,AUSTRALIA AND NEW ZEALAND,Beef Trim,85,0-15 Days,East Coast,270.00,274.00,USD/cwt,FOB/TIS,https://esmis.nal.usda.gov/sites/default/release-files/c821gj77m/xw42pb58b/ks65jf61n/NW_LS421.TXT
2022-01-26,AUSTRALIA AND NEW ZEALAND,Beef Trim,80,0-15 Days,East Coast,256.00,258.00,USD/cwt,FOB/TIS,https://esmis.nal.usda.gov/sites/default/release-files/c821gj77m/xw42pb58b/ks65jf61n/NW_LS421.TXT
2022-01-26,AUSTRALIA AND NEW ZEALAND,Beef Trim,75,0-15 Days,East Coast,,,USD/cwt,FOB/TIS,https://esmis.nal.usda.gov/sites/default/release-files/c821gj77m/xw42pb58b/ks65jf61n/NW_LS421.TXT
2022-01-26,AUSTRALIA AND NEW ZEALAND,Beef Trim,70,0-15 Days,East Coast,,,USD/cwt,FOB/TIS,https://esmis.nal.usda.gov/sites/default/release-files/c821gj77m/xw42pb58b/ks65jf61n/NW_LS421.TXT
2022-01-26,AUSTRALIA AND NEW ZEALAND,Beef Trim,65,0-15 Days,East Coast,,,USD/cwt,FOB/TIS,https://esmis.nal.usda.gov/sites/default/release-files/c821gj77m/xw42pb58b/ks65jf61n/NW_LS421.TXT
2022-01-26,URUGUAY,Beef Trim,85,0-15 Days,,,,USD/cwt,FOB/TIS,https://esmis.nal.usda.gov/sites/default/release-files/c821gj77m/xw42pb58b/ks65jf61n/NW_LS421.TXT
2022-01-26,URUGUAY,Beef Trim,80,0-15 Days,,,,USD/cwt,FOB/TIS,https://esmis.nal.usda.gov/sites/default/release-files/c821gj77m/xw42pb58b/ks65jf61n/NW_LS421.TXT
2022-01-26,URUGUAY,Beef Trim,75,0-15 Days,,,,USD/cwt,FOB/TIS,https://esmis.nal.usda.gov/sites/default/release-files/c821gj77m/xw42pb58b/ks65jf61n/NW_LS421.TXT
2022-01-28,AUSTRALIA AND NEW ZEALAND,Beef Trim,85,0-15 Days,East Coast,270.00,274.00,USD/cwt,FOB/TIS,https://esmis.nal.usda.gov/sites/default/release-files/c821gj77m/9593vx75z/2227ns01p/NW_LS421.TXT
2022-01-28,AUSTRALIA AND NEW ZEALAND,Beef Trim,80,0-15 Days,East Coast,256.00,258.00,USD/cwt,FOB/TIS,https://esmis.nal.usda.gov/sites/default/release-files/c821gj77m/9593vx75z/2227ns01p/NW_LS421.TXT
2022-01-28,AUSTRALIA AND NEW ZEALAND,Beef Trim,75,0-15 Days,East Coast,,,USD/cwt,FOB/TIS,https://esmis.nal.usda.gov/sites/default/release-files/c821gj77m/9593vx75z/2227ns01p/NW_LS421.TXT
2022-01-28,AUSTRALIA AND NEW ZEALAND,Beef Trim,70,0-15 Days,East Coast,,,USD/cwt,FOB/TIS,https://esmis.nal.usda.gov/sites/default/release-files/c821gj77m/9593vx75z/2227ns01p/NW_LS421.TXT
2022-01-28,AUSTRALIA AND NEW ZEALAND,Beef Trim,65,0-15 Days,East Coast,,,USD/cwt,FOB/TIS,https://esmis.nal.usda.gov/sites/default/release-files/c821gj77m/9593vx75z/2227ns01p/NW_LS421.TXT
2022-01-28,URUGUAY,Beef Trim,85,0-15 Days,,,,USD/cwt,FOB/TIS,https://esmis.nal.usda.gov/sites/default/release-files/c821gj77m/9593vx75z/2227ns01p/NW_LS421.TXT
2022-01-28,URUGUAY,Beef Trim,80,0-15 Days,,,,USD/cwt,FOB/TIS,https://esmis.nal.usda.gov/sites/default/release-files/c821gj77m/9593vx75z/2227ns01p/NW_LS421.TXT
2022-01-28,URUGUAY,Beef Trim,75,0-15 Days,,,,USD/cwt,FOB/TIS,https://esmis.nal.usda.gov/sites/default/release-files/c821gj77m/9593vx75z/2227ns01p/NW_LS421.TXT
2022-02-02,AUSTRALIA AND NEW ZEALAND,Beef Trim,85,0-15 Days,East Coast,,,USD/cwt,FOB/TIS,https://esmis.nal.usda.gov/sites/default/release-files/c821gj77m/bz60dz186/b8516r43x/NW_LS421.TXT
2022-02-02,AUSTRALIA AND NEW ZEALAND,Beef Trim,80,0-15 Days,East Coast,,,USD/cwt,FOB/TIS,https://esmis.nal.usda.gov/sites/default/release-files/c821gj77m/bz60dz186/b8516r43x/NW_LS421.TXT
2022-02-02,AUSTRALIA AND NEW ZEALAND,Beef Trim,75,0-15 Days,East Coast,,,USD/cwt,FOB/TIS,https://esmis.nal.usda.gov/sites/default/release-files/c821gj77m/bz60dz186/b8516r43x/NW_LS421.TXT
2022-02-02,AUSTRALIA AND NEW ZEALAND,Beef Trim,70,0-15 Days,East Coast,,,USD/cwt,FOB/TIS,https://esmis.nal.usda.gov/sites/default/release-files/c821gj77m/bz60dz186/b8516r43x/NW_LS421.TXT
2022-02-02,AUSTRALIA AND NEW ZEALAND,Beef Trim,65,0-15 Days,East Coast,,,USD/cwt,FOB/TIS,https://esmis.nal.usda.gov/sites/default/release-files/c821gj77m/bz60dz186/b8516r43x/NW_LS421.TXT
2022-02-02,URUGUAY,Beef Trim,85,0-15 Days,,,,USD/cwt,FOB/TIS,https://esmis.nal.usda.gov/sites/default/release-files/c821gj77m/bz60dz186/b8516r43x/NW_LS421.TXT
2022-02-02,URUGUAY,Beef Trim,80,0-15 Days,,,,USD/cwt,FOB/TIS,https://esmis.nal.usda.gov/sites/default/release-files/c821gj77m/bz60dz186/b8516r43x/NW_LS421.TXT
2022-02-02,URUGUAY,Beef Trim,75,0-15 Days,,,,USD/cwt,FOB/TIS,https://esmis.nal.usda.gov/sites/default/release-files/c821gj77m/bz60dz186/b8516r43x/NW_LS421.TXT
2022-02-04,AUSTRALIA AND NEW ZEALAND,Beef Trim,85,0-15 Days,East Coast,,,USD/cwt,FOB/TIS,https://esmis.nal.usda.gov/sites/default/release-files/c821gj77m/cv43pz68t/2514pn51x/NW_LS421.TXT
2022-02-04,AUSTRALIA AND NEW ZEALAND,Beef Trim,80,0-15 Days,East Coast,,,USD/cwt,FOB/TIS,https://esmis.nal.usda.gov/sites/default/release-files/c821gj77m/cv43pz68t/2514pn51x/NW_LS421.TXT
2022-02-04,AUSTRALIA AND NEW ZEALAND,Beef Trim,75,0-15 Days,East Coast,,,USD/cwt,FOB/TIS,https://esmis.nal.usda.gov/sites/default/release-files/c821gj77m/cv43pz68t/2514pn51x/NW_LS421.TXT
2022-02-04,AUSTRALIA AND NEW ZEALAND,Beef Trim,70,0-15 Days,East Coast,,,USD/cwt,FOB/TIS,https://esmis.nal.usda.gov/sites/default/release-files/c821gj77m/cv43pz68t/2514pn51x/NW_LS421.TXT
2022-02-04,AUSTRALIA AND NEW ZEALAND,Beef Trim,65,0-15 Days,East Coast,,,USD/cwt,FOB/TIS,https://esmis.nal.usda.gov/sites/default/release-files/c821gj77m/cv43pz68t/2514pn51x/NW_LS421.TXT
2022-02-04,URUGUAY,Beef Trim,85,0-15 Days,,,,USD/cwt,FOB/TIS,https://esmis.nal.usda.gov/sites/default/release-files/c821gj77m/cv43pz68t/2514pn51x/NW_LS421.TXT
2022-02-04,URUGUAY,Beef Trim,80,0-15 Days,,,,USD/cwt,FOB/TIS,https://esmis.nal.usda.gov/sites/default/release-files/c821gj77m/cv43pz68t/2514pn51x/NW_LS421.TXT
2022-02-04,URUGUAY,Beef Trim,75,0-15 Days,,,,USD/cwt,FOB/TIS,https://esmis.nal.usda.gov/sites/default/release-files/c821gj77m/cv43pz68t/2514pn51x/NW_LS421.TXT
2022-02-09,AUSTRALIA AND NEW ZEALAND,Beef Trim,85,0-15 Days,East Coast,280.00,280.00,USD/cwt,FOB/TIS,https://esmis.nal.usda.gov/sites/default/release-files/c821gj77m/z890sx506/jh344w090/NW_LS421.TXT
2022-02-09,AUSTRALIA AND NEW ZEALAND,Beef Trim,80,0-15 Days,East Coast,260.00,260.00,USD/cwt,FOB/TIS,https://esmis.nal.usda.gov/sites/default/release-files/c821gj77m/z890sx506/jh344w090/NW_LS421.TXT
2022-02-09,AUSTRALIA AND NEW ZEALAND,Beef Trim,75,0-15 Days,East Coast,,,USD/cwt,FOB/TIS,https://esmis.nal.usda.gov/sites/default/release-files/c821gj77m/z890sx506/jh344w090/NW_LS421.TXT
2022-02-09,AUSTRALIA AND NEW ZEALAND,Beef Trim,70,0-15 Days,East Coast,,,USD/cwt,FOB/TIS,https://esmis.nal.usda.gov/sites/default/release-files/c821gj77m/z890sx506/jh344w090/NW_LS421.TXT
2022-02-09,AUSTRALIA AND NEW ZEALAND,Beef Trim,65,0-15 Days,East Coast,,,USD/cwt,FOB/TIS,https://esmis.nal.usda.gov/sites/default/release-files/c821gj77m/z890sx506/jh344w090/NW_LS421.TXT
2022-02-09,URUGUAY,Beef Trim,85,0-15 Days,,,,USD/cwt,FOB/TIS,https://esmis.nal.usda.gov/sites/default/release-files/c821gj77m/z890sx506/jh344w090/NW_LS421.TXT
2022-02-09,URUGUAY,Beef Trim,80,0-15 Days,,,,USD/cwt,FOB/TIS,https://esmis.nal.usda.gov/sites/default/release-files/c821gj77m/z890sx506/jh344w090/NW_LS421.TXT
2022-02-09,URUGUAY,Beef Trim,75,0-15 Days,,,,USD/cwt,FOB/TIS,https://esmis.nal.usda.gov/sites/default/release-files/c821gj77m/z890sx506/jh344w090/NW_LS421.TXT
2022-02-11,AUSTRALIA AND NEW ZEALAND,Beef Trim,85,0-15 Days,East Coast,280.00,280.00,USD/cwt,FOB/TIS,https://esmis.nal.usda.gov/sites/default/release-files/c821gj77m/5712n869w/x346f642c/NW_LS421.TXT
2022-02-11,AUSTRALIA AND NEW ZEALAND,Beef Trim,80,0-15 Days,East Coast,260.00,260.00,USD/cwt,FOB/TIS,https://esmis.nal.usda.gov/sites/default/release-files/c821gj77m/5712n869w/x346f642c/NW_LS421.TXT
2022-02-11,AUSTRALIA AND NEW ZEALAND,Beef Trim,75,0-15 Days,East Coast,,,USD/cwt,FOB/TIS,https://esmis.nal.usda.gov/sites/default/release-files/c821gj77m/5712n869w/x346f642c/NW_LS421.TXT
2022-02-11,AUSTRALIA AND NEW ZEALAND,Beef Trim,70,0-15 Days,East Coast,,,USD/cwt,FOB/TIS,https://esmis.nal.usda.gov/sites/default/release-files/c821gj77m/5712n869w/x346f642c/NW_LS421.TXT
2022-02-11,AUSTRALIA AND NEW ZEALAND,Beef Trim,65,0-15 Days,East Coast,,,USD/cwt,FOB/TIS,https://esmis.nal.usda.gov/sites/default/release-files/c821gj77m/5712n869w/x346f642c/NW_LS421.TXT
2022-02-11,URUGUAY,Beef Trim,85,0-15 Days,,,,USD/cwt,FOB/TIS,https://esmis.nal.usda.gov/sites/default/release-files/c821gj77m/5712n869w/x346f642c/NW_LS421.TXT
2022-02-11,URUGUAY,Beef Trim,80,0-15 Days,,,,USD/cwt,FOB/TIS,https://esmis.nal.usda.gov/sites/default/release-files/c821gj77m/5712n869w/x346f642c/NW_LS421.TXT
2022-02-11,URUGUAY,Beef Trim,75,0-15 Days,,,,USD/cwt,FOB/TIS,https://esmis.nal.usda.gov/sites/default/release-files/c821gj77m/5712n869w/x346f642c/NW_LS421.TXT
2022-02-16,AUSTRALIA AND NEW ZEALAND,Beef Trim,85,0-15 Days,East Coast,283.00,285.00,USD/cwt,FOB/TIS,https://esmis.nal.usda.gov/sites/default/release-files/c821gj77m/1v53m070g/ht24xn08q/NW_LS421.TXT
2022-02-16,AUSTRALIA AND NEW ZEALAND,Beef Trim,80,0-15 Days,East Coast,,,USD/cwt,FOB/TIS,https://esmis.nal.usda.gov/sites/default/release-files/c821gj77m/1v53m070g/ht24xn08q/NW_LS421.TXT
2022-02-16,AUSTRALIA AND NEW ZEALAND,Beef Trim,75,0-15 Days,East Coast,,,USD/cwt,FOB/TIS,https://esmis.nal.usda.gov/sites/default/release-files/c821gj77m/1v53m070g/ht24xn08q/NW_LS421.TXT
2022-02-16,AUSTRALIA AND NEW ZEALAND,Beef Trim,70,0-15 Days,East Coast,,,USD/cwt,FOB/TIS,https://esmis.nal.usda.gov/sites/default/release-files/c821gj77m/1v53m070g/ht24xn08q/NW_LS421.TXT
2022-02-16,AUSTRALIA AND NEW ZEALAND,Beef Trim,65,0-15 Days,East Coast,,,USD/cwt,FOB/TIS,https://esmis.nal.usda.gov/sites/default/release-files/c821gj77m/1v53m070g/ht24xn08q/NW_LS421.TXT
2022-02-16,URUGUAY,Beef Trim,85,0-15 Days,,,,USD/cwt,FOB/TIS,https://esmis.nal.usda.gov/sites/default/release-files/c821gj77m/1v53m070g/ht24xn08q/NW_LS421.TXT
2022-02-16,URUGUAY,Beef Trim,80,0-15 Days,,,,USD/cwt,FOB/TIS,https://esmis.nal.usda.gov/sites/default/release-files/c821gj77m/1v53m070g/ht24xn08q/NW_LS421.TXT
2022-02-16,URUGUAY,Beef Trim,75,0-15 Days,,,,USD/cwt,FOB/TIS,https://esmis.nal.usda.gov/sites/default/release-files/c821gj77m/1v53m070g/ht24xn08q/NW_LS421.TXT
2022-02-18,AUSTRALIA AND NEW ZEALAND,Beef Trim,85,0-15 Days,East Coast,283.00,285.00,USD/cwt,FOB/TIS,https://esmis.nal.usda.gov/sites/default/release-files/c821gj77m/f7624g304/79409138z/NW_LS421.TXT
2022-02-18,AUSTRALIA AND NEW ZEALAND,Beef Trim,80,0-15 Days,East Coast,,,USD/cwt,FOB/TIS,https://esmis.nal.usda.gov/sites/default/release-files/c821gj77m/f7624g304/79409138z/NW_LS421.TXT
2022-02-18,AUSTRALIA AND NEW ZEALAND,Beef Trim,75,0-15 Days,East Coast,,,USD/cwt,FOB/TIS,https://esmis.nal.usda.gov/sites/default/release-files/c821gj77m/f7624g304/79409138z/NW_LS421.TXT
2022-02-18,AUSTRALIA AND NEW ZEALAND,Beef Trim,70,0-15 Days,East Coast,,,USD/cwt,FOB/TIS,https://esmis.nal.usda.gov/sites/default/release-files/c821gj77m/f7624g304/79409138z/NW_LS421.TXT
2022-02-18,AUSTRALIA AND NEW ZEALAND,Beef Trim,65,0-15 Days,East Coast,,,USD/cwt,FOB/TIS,https://esmis.nal.usda.gov/sites/default/release-files/c821gj77m/f7624g304/79409138z/NW_LS421.TXT
2022-02-18,URUGUAY,Beef Trim,85,0-15 Days,,,,USD/cwt,FOB/TIS,https://esmis.nal.usda.gov/sites/default/release-files/c821gj77m/f7624g304/79409138z/NW_LS421.TXT
2022-02-18,URUGUAY,Beef Trim,80,0-15 Days,,,,USD/cwt,FOB/TIS,https://esmis.nal.usda.gov/sites/default/release-files/c821gj77m/f7624g304/79409138z/NW_LS421.TXT
2022-02-18,URUGUAY,Beef Trim,75,0-15 Days,,,,USD/cwt,FOB/TIS,https://esmis.nal.usda.gov/sites/default/release-files/c821gj77m/f7624g304/79409138z/NW_LS421.TXT
2022-02-23,AUSTRALIA AND NEW ZEALAND,Beef Trim,85,0-15 Days,East Coast,284.00,286.00,USD/cwt,FOB/TIS,https://esmis.nal.usda.gov/sites/default/release-files/c821gj77m/tq57pt960/34850m10v/NW_LS421.TXT
2022-02-23,AUSTRALIA AND NEW ZEALAND,Beef Trim,80,0-15 Days,East Coast,259.00,260.00,USD/cwt,FOB/TIS,https://esmis.nal.usda.gov/sites/default/release-files/c821gj77m/tq57pt960/34850m10v/NW_LS421.TXT
2022-02-23,AUSTRALIA AND NEW ZEALAND,Beef Trim,75,0-15 Days,East Coast,,,USD/cwt,FOB/TIS,https://esmis.nal.usda.gov/sites/default/release-files/c821gj77m/tq57pt960/34850m10v/NW_LS421.TXT
2022-02-23,AUSTRALIA AND NEW ZEALAND,Beef Trim,70,0-15 Days,East Coast,,,USD/cwt,FOB/TIS,https://esmis.nal.usda.gov/sites/default/release-files/c821gj77m/tq57pt960/34850m10v/NW_LS421.TXT
2022-02-23,AUSTRALIA AND NEW ZEALAND,Beef Trim,65,0-15 Days,East Coast,,,USD/cwt,FOB/TIS,https://esmis.nal.usda.gov/sites/default/release-files/c821gj77m/tq57pt960/34850m10v/NW_LS421.TXT
2022-02-23,URUGUAY,Beef Trim,85,0-15 Days,,,,USD/cwt,FOB/TIS,https://esmis.nal.usda.gov/sites/default/release-files/c821gj77m/tq57pt960/34850m10v/NW_LS421.TXT
2022-02-23,URUGUAY,Beef Trim,80,0-15 Days,,,,USD/cwt,FOB/TIS,https://esmis.nal.usda.gov/sites/default/release-files/c821gj77m/tq57pt960/34850m10v/NW_LS421.TXT
2022-02-23,URUGUAY,Beef Trim,75,0-15 Days,,,,USD/cwt,FOB/TIS,https://esmis.nal.usda.gov/sites/default/release-files/c821gj77m/tq57pt960/34850m10v/NW_LS421.TXT
2022-02-25,AUSTRALIA AND NEW ZEALAND,Beef Trim,85,0-15 Days,East Coast,284.00,286.00,USD/cwt,FOB/TIS,https://esmis.nal.usda.gov/sites/default/release-files/c821gj77m/9k420j021/hd76t3336/NW_LS421.TXT
2022-02-25,AUSTRALIA AND NEW ZEALAND,Beef Trim,80,0-15 Days,East Coast,259.00,260.00,USD/cwt,FOB/TIS,https://esmis.nal.usda.gov/sites/default/release-files/c821gj77m/9k420j021/hd76t3336/NW_LS421.TXT
2022-02-25,AUSTRALIA AND NEW ZEALAND,Beef Trim,75,0-15 Days,East Coast,,,USD/cwt,FOB/TIS,https://esmis.nal.usda.gov/sites/default/release-files/c821gj77m/9k420j021/hd76t3336/NW_LS421.TXT
2022-02-25,AUSTRALIA AND NEW ZEALAND,Beef Trim,70,0-15 Days,East Coast,,,USD/cwt,FOB/TIS,https://esmis.nal.usda.gov/sites/default/release-files/c821gj77m/9k420j021/hd76t3336/NW_LS421.TXT
2022-02-25,AUSTRALIA AND NEW ZEALAND,Beef Trim,65,0-15 Days,East Coast,,,USD/cwt,FOB/TIS,https://esmis.nal.usda.gov/sites/default/release-files/c821gj77m/9k420j021/hd76t3336/NW_LS421.TXT
2022-02-25,URUGUAY,Beef Trim,85,0-15 Days,,,,USD/cwt,FOB/TIS,https://esmis.nal.usda.gov/sites/default/release-files/c821gj77m/9k420j021/hd76t3336/NW_LS421.TXT
2022-02-25,URUGUAY,Beef Trim,80,0-15 Days,,,,USD/cwt,FOB/TIS,https://esmis.nal.usda.gov/sites/default/release-files/c821gj77m/9k420j021/hd76t3336/NW_LS421.TXT
2022-02-25,URUGUAY,Beef Trim,75,0-15 Days,,,,USD/cwt,FOB/TIS,https://esmis.nal.usda.gov/sites/default/release-files/c821gj77m/9k420j021/hd76t3336/NW_LS421.TXT
2022-03-02,AUSTRALIA AND NEW ZEALAND,Beef Trim,85,0-15 Days,East Coast,286.00,288.00,USD/cwt,FOB/TIS,https://esmis.nal.usda.gov/sites/default/release-files/c821gj77m/bg258g69d/xs55ng59k/NW_LS421.TXT
2022-03-02,AUSTRALIA AND NEW ZEALAND,Beef Trim,80,0-15 Days,East Coast,258.00,260.00,USD/cwt,FOB/TIS,https://esmis.nal.usda.gov/sites/default/release-files/c821gj77m/bg258g69d/xs55ng59k/NW_LS421.TXT
2022-03-02,AUSTRALIA AND NEW ZEALAND,Beef Trim,75,0-15 Days,East Coast,,,USD/cwt,FOB/TIS,https://esmis.nal.usda.gov/sites/default/release-files/c821gj77m/bg258g69d/xs55ng59k/NW_LS421.TXT
2022-03-02,AUSTRALIA AND NEW ZEALAND,Beef Trim,70,0-15 Days,East Coast,,,USD/cwt,FOB/TIS,https://esmis.nal.usda.gov/sites/default/release-files/c821gj77m/bg258g69d/xs55ng59k/NW_LS421.TXT
2022-03-02,AUSTRALIA AND NEW ZEALAND,Beef Trim,65,0-15 Days,East Coast,,,USD/cwt,FOB/TIS,https://esmis.nal.usda.gov/sites/default/release-files/c821gj77m/bg258g69d/xs55ng59k/NW_LS421.TXT
2022-03-02,URUGUAY,Beef Trim,85,0-15 Days,,,,USD/cwt,FOB/TIS,https://esmis.nal.usda.gov/sites/default/release-files/c821gj77m/bg258g69d/xs55ng59k/NW_LS421.TXT
2022-03-02,URUGUAY,Beef Trim,80,0-15 Days,,,,USD/cwt,FOB/TIS,https://esmis.nal.usda.gov/sites/default/release-files/c821gj77m/bg258g69d/xs55ng59k/NW_LS421.TXT
2022-03-02,URUGUAY,Beef Trim,75,0-15 Days,,,,USD/cwt,FOB/TIS,https://esmis.nal.usda.gov/sites/default/release-files/c821gj77m/bg258g69d/xs55ng59k/NW_LS421.TXT
2022-03-04,AUSTRALIA AND NEW ZEALAND,Beef Trim,85,0-15 Days,East Coast,285.00,288.00,USD/cwt,FOB/TIS,https://esmis.nal.usda.gov/sites/default/release-files/c821gj77m/bz60dz83h/4x51jp26p/NW_LS421.TXT
2022-03-04,AUSTRALIA AND NEW ZEALAND,Beef Trim,80,0-15 Days,East Coast,258.00,260.00,USD/cwt,FOB/TIS,https://esmis.nal.usda.gov/sites/default/release-files/c821gj77m/bz60dz83h/4x51jp26p/NW_LS421.TXT
2022-03-04,AUSTRALIA AND NEW ZEALAND,Beef Trim,75,0-15 Days,East Coast,,,USD/cwt,FOB/TIS,https://esmis.nal.usda.gov/sites/default/release-files/c821gj77m/bz60dz83h/4x51jp26p/NW_LS421.TXT
2022-03-04,AUSTRALIA AND NEW ZEALAND,Beef Trim,70,0-15 Days,East Coast,,,USD/cwt,FOB/TIS,https://esmis.nal.usda.gov/sites/default/release-files/c821gj77m/bz60dz83h/4x51jp26p/NW_LS421.TXT
2022-03-04,AUSTRALIA AND NEW ZEALAND,Beef Trim,65,0-15 Days,East Coast,,,USD/cwt,FOB/TIS,https://esmis.nal.usda.gov/sites/default/release-files/c821gj77m/bz60dz83h/4x51jp26p/NW_LS421.TXT
2022-03-04,URUGUAY,Beef Trim,85,0-15 Days,,,,USD/cwt,FOB/TIS,https://esmis.nal.usda.gov/sites/default/release-files/c821gj77m/bz60dz83h/4x51jp26p/NW_LS421.TXT
2022-03-04,URUGUAY,Beef Trim,80,0-15 Days,,,,USD/cwt,FOB/TIS,https://esmis.nal.usda.gov/sites/default/release-files/c821gj77m/bz60dz83h/4x51jp26p/NW_LS421.TXT
2022-03-04,URUGUAY,Beef Trim,75,0-15 Days,,,,USD/cwt,FOB/TIS,https://esmis.nal.usda.gov/sites/default/release-files/c821gj77m/bz60dz83h/4x51jp26p/NW_LS421.TXT
2022-03-09,AUSTRALIA AND NEW ZEALAND,Beef Trim,85,0-15 Days,East Coast,284.00,286.00,USD/cwt,FOB/TIS,https://esmis.nal.usda.gov/sites/default/release-files/c821gj77m/k643c4732/0z70b1181/NW_LS421.TXT
2022-03-09,AUSTRALIA AND NEW ZEALAND,Beef Trim,80,0-15 Days,East Coast,256.00,258.00,USD/cwt,FOB/TIS,https://esmis.nal.usda.gov/sites/default/release-files/c821gj77m/k643c4732/0z70b1181/NW_LS421.TXT
2022-03-09,AUSTRALIA AND NEW ZEALAND,Beef Trim,75,0-15 Days,East Coast,,,USD/cwt,FOB/TIS,https://esmis.nal.usda.gov/sites/default/release-files/c821gj77m/k643c4732/0z70b1181/NW_LS421.TXT
2022-03-09,AUSTRALIA AND NEW ZEALAND,Beef Trim,70,0-15 Days,East Coast,,,USD/cwt,FOB/TIS,https://esmis.nal.usda.gov/sites/default/release-files/c821gj77m/k643c4732/0z70b1181/NW_LS421.TXT
2022-03-09,AUSTRALIA AND NEW ZEALAND,Beef Trim,65,0-15 Days,East Coast,,,USD/cwt,FOB/TIS,https://esmis.nal.usda.gov/sites/default/release-files/c821gj77m/k643c4732/0z70b1181/NW_LS421.TXT
2022-03-09,URUGUAY,Beef Trim,85,0-15 Days,,,,USD/cwt,FOB/TIS,https://esmis.nal.usda.gov/sites/default/release-files/c821gj77m/k643c4732/0z70b1181/NW_LS421.TXT
2022-03-09,URUGUAY,Beef Trim,80,0-15 Days,,,,USD/cwt,FOB/TIS,https://esmis.nal.usda.gov/sites/default/release-files/c821gj77m/k643c4732/0z70b1181/NW_LS421.TXT
2022-03-09,URUGUAY,Beef Trim,75,0-15 Days,,,,USD/cwt,FOB/TIS,https://esmis.nal.usda.gov/sites/default/release-files/c821gj77m/k643c4732/0z70b1181/NW_LS421.TXT
2022-03-11,AUSTRALIA AND NEW ZEALAND,Beef Trim,85,0-15 Days,East Coast,284.00,286.00,USD/cwt,FOB/TIS,https://esmis.nal.usda.gov/sites/default/release-files/c821gj77m/ft849t30q/rf560b68q/NW_LS421.TXT
2022-03-11,AUSTRALIA AND NEW ZEALAND,Beef Trim,80,0-15 Days,East Coast,256.00,258.00,USD/cwt,FOB/TIS,https://esmis.nal.usda.gov/sites/default/release-files/c821gj77m/ft849t30q/rf560b68q/NW_LS421.TXT
2022-03-11,AUSTRALIA AND NEW ZEALAND,Beef Trim,75,0-15 Days,East Coast,,,USD/cwt,FOB/TIS,https://esmis.nal.usda.gov/sites/default/release-files/c821gj77m/ft849t30q/rf560b68q/NW_LS421.TXT
2022-03-11,AUSTRALIA AND NEW ZEALAND,Beef Trim,70,0-15 Days,East Coast,,,USD/cwt,FOB/TIS,https://esmis.nal.usda.gov/sites/default/release-files/c821gj77m/ft849t30q/rf560b68q/NW_LS421.TXT
2022-03-11,AUSTRALIA AND NEW ZEALAND,Beef Trim,65,0-15 Days,East Coast,,,USD/cwt,FOB/TIS,https://esmis.nal.usda.gov/sites/default/release-files/c821gj77m/ft849t30q/rf560b68q/NW_LS421.TXT
2022-03-11,URUGUAY,Beef Trim,85,0-15 Days,,,,USD/cwt,FOB/TIS,https://esmis.nal.usda.gov/sites/default/release-files/c821gj77m/ft849t30q/rf560b68q/NW_LS421.TXT
2022-03-11,URUGUAY,Beef Trim,80,0-15 Days,,,,USD/cwt,FOB/TIS,https://esmis.nal.usda.gov/sites/default/release-files/c821gj77m/ft849t30q/rf560b68q/NW_LS421.TXT
2022-03-11,URUGUAY,Beef Trim,75,0-15 Days,,,,USD/cwt,FOB/TIS,https://esmis.nal.usda.gov/sites/default/release-files/c821gj77m/ft849t30q/rf560b68q/NW_LS421.TXT
2022-03-16,AUSTRALIA AND NEW ZEALAND,Beef Trim,85,0-15 Days,East Coast,284.00,284.00,USD/cwt,FOB/TIS,https://esmis.nal.usda.gov/sites/default/release-files/c821gj77m/b5645w509/r494wp51m/NW_LS421.TXT
2022-03-16,AUSTRALIA AND NEW ZEALAND,Beef Trim,80,0-15 Days,East Coast,258.00,258.00,USD/cwt,FOB/TIS,https://esmis.nal.usda.gov/sites/default/release-files/c821gj77m/b5645w509/r494wp51m/NW_LS421.TXT
2022-03-16,AUSTRALIA AND NEW ZEALAND,Beef Trim,75,0-15 Days,East Coast,,,USD/cwt,FOB/TIS,https://esmis.nal.usda.gov/sites/default/release-files/c821gj77m/b5645w509/r494wp51m/NW_LS421.TXT
2022-03-16,AUSTRALIA AND NEW ZEALAND,Beef Trim,70,0-15 Days,East Coast,,,USD/cwt,FOB/TIS,https://esmis.nal.usda.gov/sites/default/release-files/c821gj77m/b5645w509/r494wp51m/NW_LS421.TXT
2022-03-16,AUSTRALIA AND NEW ZEALAND,Beef Trim,65,0-15 Days,East Coast,,,USD/cwt,FOB/TIS,https://esmis.nal.usda.gov/sites/default/release-files/c821gj77m/b5645w509/r494wp51m/NW_LS421.TXT
2022-03-16,URUGUAY,Beef Trim,85,0-15 Days,,,,USD/cwt,FOB/TIS,https://esmis.nal.usda.gov/sites/default/release-files/c821gj77m/b5645w509/r494wp51m/NW_LS421.TXT
2022-03-16,URUGUAY,Beef Trim,80,0-15 Days,,,,USD/cwt,FOB/TIS,https://esmis.nal.usda.gov/sites/default/release-files/c821gj77m/b5645w509/r494wp51m/NW_LS421.TXT
2022-03-16,URUGUAY,Beef Trim,75,0-15 Days,,,,USD/cwt,FOB/TIS,https://esmis.nal.usda.gov/sites/default/release-files/c821gj77m/b5645w509/r494wp51m/NW_LS421.TXT
2022-03-18,AUSTRALIA AND NEW ZEALAND,Beef Trim,85,0-15 Days,East Coast,284.00,284.00,USD/cwt,FOB/TIS,https://esmis.nal.usda.gov/sites/default/release-files/c821gj77m/mk61sn241/2v23wz141/NW_LS421.TXT
2022-03-18,AUSTRALIA AND NEW ZEALAND,Beef Trim,80,0-15 Days,East Coast,258.00,258.00,USD/cwt,FOB/TIS,https://esmis.nal.usda.gov/sites/default/release-files/c821gj77m/mk61sn241/2v23wz141/NW_LS421.TXT
2022-03-18,AUSTRALIA AND NEW ZEALAND,Beef Trim,75,0-15 Days,East Coast,,,USD/cwt,FOB/TIS,https://esmis.nal.usda.gov/sites/default/release-files/c821gj77m/mk61sn241/2v23wz141/NW_LS421.TXT
2022-03-18,AUSTRALIA AND NEW ZEALAND,Beef Trim,70,0-15 Days,East Coast,,,USD/cwt,FOB/TIS,https://esmis.nal.usda.gov/sites/default/release-files/c821gj77m/mk61sn241/2v23wz141/NW_LS421.TXT
2022-03-18,AUSTRALIA AND NEW ZEALAND,Beef Trim,65,0-15 Days,East Coast,,,USD/cwt,FOB/TIS,https://esmis.nal.usda.gov/sites/default/release-files/c821gj77m/mk61sn241/2v23wz141/NW_LS421.TXT
2022-03-18,URUGUAY,Beef Trim,85,0-15 Days,,,,USD/cwt,FOB/TIS,https://esmis.nal.usda.gov/sites/default/release-files/c821gj77m/mk61sn241/2v23wz141/NW_LS421.TXT
2022-03-18,URUGUAY,Beef Trim,80,0-15 Days,,,,USD/cwt,FOB/TIS,https://esmis.nal.usda.gov/sites/default/release-files/c821gj77m/mk61sn241/2v23wz141/NW_LS421.TXT
2022-03-18,URUGUAY,Beef Trim,75,0-15 Days,,,,USD/cwt,FOB/TIS,https://esmis.nal.usda.gov/sites/default/release-files/c821gj77m/mk61sn241/2v23wz141/NW_LS421.TXT
2022-03-23,AUSTRALIA AND NEW ZEALAND,Beef Trim,85,0-15 Days,East Coast,282.00,283.00,USD/cwt,FOB/TIS,https://esmis.nal.usda.gov/sites/default/release-files/c821gj77m/5138kk19t/pg15cj17t/NW_LS421.TXT
2022-03-23,AUSTRALIA AND NEW ZEALAND,Beef Trim,80,0-15 Days,East Coast,258.00,260.00,USD/cwt,FOB/TIS,https://esmis.nal.usda.gov/sites/default/release-files/c821gj77m/5138kk19t/pg15cj17t/NW_LS421.TXT
2022-03-23,AUSTRALIA AND NEW ZEALAND,Beef Trim,75,0-15 Days,East Coast,,,USD/cwt,FOB/TIS,https://esmis.nal.usda.gov/sites/default/release-files/c821gj77m/5138kk19t/pg15cj17t/NW_LS421.TXT
2022-03-23,AUSTRALIA AND NEW ZEALAND,Beef Trim,70,0-15 Days,East Coast,,,USD/cwt,FOB/TIS,https://esmis.nal.usda.gov/sites/default/release-files/c821gj77m/5138kk19t/pg15cj17t/NW_LS421.TXT
2022-03-23,AUSTRALIA AND NEW ZEALAND,Beef Trim,65,0-15 Days,East Coast,,,USD/cwt,FOB/TIS,https://esmis.nal.usda.gov/sites/default/release-files/c821gj77m/5138kk19t/pg15cj17t/NW_LS421.TXT
2022-03-23,URUGUAY,Beef Trim,85,0-15 Days,,,,USD/cwt,FOB/TIS,https://esmis.nal.usda.gov/sites/default/release-files/c821gj77m/5138kk19t/pg15cj17t/NW_LS421.TXT
2022-03-23,URUGUAY,Beef Trim,80,0-15 Days,,,,USD/cwt,FOB/TIS,https://esmis.nal.usda.gov/sites/default/release-files/c821gj77m/5138kk19t/pg15cj17t/NW_LS421.TXT
2022-03-23,URUGUAY,Beef Trim,75,0-15 Days,,,,USD/cwt,FOB/TIS,https://esmis.nal.usda.gov/sites/default/release-files/c821gj77m/5138kk19t/pg15cj17t/NW_LS421.TXT
2022-03-25,AUSTRALIA AND NEW ZEALAND,Beef Trim,85,0-15 Days,East Coast,282.00,283.00,USD/cwt,FOB/TIS,https://esmis.nal.usda.gov/sites/default/release-files/c821gj77m/sj13b6079/kw52kd929/NW_LS421.TXT
2022-03-25,AUSTRALIA AND NEW ZEALAND,Beef Trim,80,0-15 Days,East Coast,258.00,260.00,USD/cwt,FOB/TIS,https://esmis.nal.usda.gov/sites/default/release-files/c821gj77m/sj13b6079/kw52kd929/NW_LS421.TXT
2022-03-25,AUSTRALIA AND NEW ZEALAND,Beef Trim,75,0-15 Days,East Coast,,,USD/cwt,FOB/TIS,https://esmis.nal.usda.gov/sites/default/release-files/c821gj77m/sj13b6079/kw52kd929/NW_LS421.TXT
2022-03-25,AUSTRALIA AND NEW ZEALAND,Beef Trim,70,0-15 Days,East Coast,,,USD/cwt,FOB/TIS,https://esmis.nal.usda.gov/sites/default/release-files/c821gj77m/sj13b6079/kw52kd929/NW_LS421.TXT
2022-03-25,AUSTRALIA AND NEW ZEALAND,Beef Trim,65,0-15 Days,East Coast,,,USD/cwt,FOB/TIS,https://esmis.nal.usda.gov/sites/default/release-files/c821gj77m/sj13b6079/kw52kd929/NW_LS421.TXT
2022-03-25,URUGUAY,Beef Trim,85,0-15 Days,,,,USD/cwt,FOB/TIS,https://esmis.nal.usda.gov/sites/default/release-files/c821gj77m/sj13b6079/kw52kd929/NW_LS421.TXT
2022-03-25,URUGUAY,Beef Trim,80,0-15 Days,,,,USD/cwt,FOB/TIS,https://esmis.nal.usda.gov/sites/default/release-files/c821gj77m/sj13b6079/kw52kd929/NW_LS421.TXT
2022-03-25,URUGUAY,Beef Trim,75,0-15 Days,,,,USD/cwt,FOB/TIS,https://esmis.nal.usda.gov/sites/default/release-files/c821gj77m/sj13b6079/kw52kd929/NW_LS421.TXT
2022-03-30,AUSTRALIA AND NEW ZEALAND,Beef Trim,85,0-15 Days,East Coast,282.00,283.00,USD/cwt,FOB/TIS,https://esmis.nal.usda.gov/sites/default/release-files/c821gj77m/j3861c37h/p26780497/NW_LS421.TXT
2022-03-30,AUSTRALIA AND NEW ZEALAND,Beef Trim,80,0-15 Days,East Coast,258.00,260.00,USD/cwt,FOB/TIS,https://esmis.nal.usda.gov/sites/default/release-files/c821gj77m/j3861c37h/p26780497/NW_LS421.TXT
2022-03-30,AUSTRALIA AND NEW ZEALAND,Beef Trim,75,0-15 Days,East Coast,,,USD/cwt,FOB/TIS,https://esmis.nal.usda.gov/sites/default/release-files/c821gj77m/j3861c37h/p26780497/NW_LS421.TXT
2022-03-30,AUSTRALIA AND NEW ZEALAND,Beef Trim,70,0-15 Days,East Coast,,,USD/cwt,FOB/TIS,https://esmis.nal.usda.gov/sites/default/release-files/c821gj77m/j3861c37h/p26780497/NW_LS421.TXT
2022-03-30,AUSTRALIA AND NEW ZEALAND,Beef Trim,65,0-15 Days,East Coast,,,USD/cwt,FOB/TIS,https://esmis.nal.usda.gov/sites/default/release-files/c821gj77m/j3861c37h/p26780497/NW_LS421.TXT
2022-03-30,URUGUAY,Beef Trim,85,0-15 Days,,,,USD/cwt,FOB/TIS,https://esmis.nal.usda.gov/sites/default/release-files/c821gj77m/j3861c37h/p26780497/NW_LS421.TXT
2022-03-30,URUGUAY,Beef Trim,80,0-15 Days,,,,USD/cwt,FOB/TIS,https://esmis.nal.usda.gov/sites/default/release-files/c821gj77m/j3861c37h/p26780497/NW_LS421.TXT
2022-03-30,URUGUAY,Beef Trim,75,0-15 Days,,,,USD/cwt,FOB/TIS,https://esmis.nal.usda.gov/sites/default/release-files/c821gj77m/j3861c37h/p26780497/NW_LS421.TXT
2022-04-01,AUSTRALIA AND NEW ZEALAND,Beef Trim,85,0-15 Days,East Coast,282.00,283.00,USD/cwt,FOB/TIS,https://esmis.nal.usda.gov/sites/default/release-files/c821gj77m/6395xb542/gh93j328x/NW_LS421.TXT
2022-04-01,AUSTRALIA AND NEW ZEALAND,Beef Trim,80,0-15 Days,East Coast,258.00,260.00,USD/cwt,FOB/TIS,https://esmis.nal.usda.gov/sites/default/release-files/c821gj77m/6395xb542/gh93j328x/NW_LS421.TXT
2022-04-01,AUSTRALIA AND NEW ZEALAND,Beef Trim,75,0-15 Days,East Coast,,,USD/cwt,FOB/TIS,https://esmis.nal.usda.gov/sites/default/release-files/c821gj77m/6395xb542/gh93j328x/NW_LS421.TXT
2022-04-01,AUSTRALIA AND NEW ZEALAND,Beef Trim,70,0-15 Days,East Coast,,,USD/cwt,FOB/TIS,https://esmis.nal.usda.gov/sites/default/release-files/c821gj77m/6395xb542/gh93j328x/NW_LS421.TXT
2022-04-01,AUSTRALIA AND NEW ZEALAND,Beef Trim,65,0-15 Days,East Coast,,,USD/cwt,FOB/TIS,https://esmis.nal.usda.gov/sites/default/release-files/c821gj77m/6395xb542/gh93j328x/NW_LS421.TXT
2022-04-01,URUGUAY,Beef Trim,85,0-15 Days,,,,USD/cwt,FOB/TIS,https://esmis.nal.usda.gov/sites/default/release-files/c821gj77m/6395xb542/gh93j328x/NW_LS421.TXT
2022-04-01,URUGUAY,Beef Trim,80,0-15 Days,,,,USD/cwt,FOB/TIS,https://esmis.nal.usda.gov/sites/default/release-files/c821gj77m/6395xb542/gh93j328x/NW_LS421.TXT
2022-04-01,URUGUAY,Beef Trim,75,0-15 Days,,,,USD/cwt,FOB/TIS,https://esmis.nal.usda.gov/sites/default/release-files/c821gj77m/6395xb542/gh93j328x/NW_LS421.TXT
2022-04-06,AUSTRALIA AND NEW ZEALAND,Beef Trim,85,0-15 Days,East Coast,,,USD/cwt,FOB/TIS,https://esmis.nal.usda.gov/sites/default/release-files/c821gj77m/cf95kf72r/vh53z0778/NW_LS421.TXT
2022-04-06,AUSTRALIA AND NEW ZEALAND,Beef Trim,80,0-15 Days,East Coast,,,USD/cwt,FOB/TIS,https://esmis.nal.usda.gov/sites/default/release-files/c821gj77m/cf95kf72r/vh53z0778/NW_LS421.TXT
2022-04-06,AUSTRALIA AND NEW ZEALAND,Beef Trim,75,0-15 Days,East Coast,,,USD/cwt,FOB/TIS,https://esmis.nal.usda.gov/sites/default/release-files/c821gj77m/cf95kf72r/vh53z0778/NW_LS421.TXT
2022-04-06,AUSTRALIA AND NEW ZEALAND,Beef Trim,70,0-15 Days,East Coast,,,USD/cwt,FOB/TIS,https://esmis.nal.usda.gov/sites/default/release-files/c821gj77m/cf95kf72r/vh53z0778/NW_LS421.TXT
2022-04-06,AUSTRALIA AND NEW ZEALAND,Beef Trim,65,0-15 Days,East Coast,,,USD/cwt,FOB/TIS,https://esmis.nal.usda.gov/sites/default/release-files/c821gj77m/cf95kf72r/vh53z0778/NW_LS421.TXT
2022-04-06,URUGUAY,Beef Trim,85,0-15 Days,,,,USD/cwt,FOB/TIS,https://esmis.nal.usda.gov/sites/default/release-files/c821gj77m/cf95kf72r/vh53z0778/NW_LS421.TXT
2022-04-06,URUGUAY,Beef Trim,80,0-15 Days,,,,USD/cwt,FOB/TIS,https://esmis.nal.usda.gov/sites/default/release-files/c821gj77m/cf95kf72r/vh53z0778/NW_LS421.TXT
2022-04-06,URUGUAY,Beef Trim,75,0-15 Days,,,,USD/cwt,FOB/TIS,https://esmis.nal.usda.gov/sites/default/release-files/c821gj77m/cf95kf72r/vh53z0778/NW_LS421.TXT
2022-04-08,AUSTRALIA AND NEW ZEALAND,Beef Trim,85,0-15 Days,East Coast,277.00,282.00,USD/cwt,FOB/TIS,https://esmis.nal.usda.gov/sites/default/release-files/c821gj77m/8910kz338/8623k303p/NW_LS421.TXT
2022-04-08,AUSTRALIA AND NEW ZEALAND,Beef Trim,80,0-15 Days,East Coast,258.00,260.00,USD/cwt,FOB/TIS,https://esmis.nal.usda.gov/sites/default/release-files/c821gj77m/8910kz338/8623k303p/NW_LS421.TXT
2022-04-08,AUSTRALIA AND NEW ZEALAND,Beef Trim,75,0-15 Days,East Coast,,,USD/cwt,FOB/TIS,https://esmis.nal.usda.gov/sites/default/release-files/c821gj77m/8910kz338/8623k303p/NW_LS421.TXT
2022-04-08,AUSTRALIA AND NEW ZEALAND,Beef Trim,70,0-15 Days,East Coast,,,USD/cwt,FOB/TIS,https://esmis.nal.usda.gov/sites/default/release-files/c821gj77m/8910kz338/8623k303p/NW_LS421.TXT
2022-04-08,AUSTRALIA AND NEW ZEALAND,Beef Trim,65,0-15 Days,East Coast,,,USD/cwt,FOB/TIS,https://esmis.nal.usda.gov/sites/default/release-files/c821gj77m/8910kz338/8623k303p/NW_LS421.TXT
2022-04-08,URUGUAY,Beef Trim,85,0-15 Days,,,,USD/cwt,FOB/TIS,https://esmis.nal.usda.gov/sites/default/release-files/c821gj77m/8910kz338/8623k303p/NW_LS421.TXT
2022-04-08,URUGUAY,Beef Trim,80,0-15 Days,,,,USD/cwt,FOB/TIS,https://esmis.nal.usda.gov/sites/default/release-files/c821gj77m/8910kz338/8623k303p/NW_LS421.TXT
2022-04-08,URUGUAY,Beef Trim,75,0-15 Days,,,,USD/cwt,FOB/TIS,https://esmis.nal.usda.gov/sites/default/release-files/c821gj77m/8910kz338/8623k303p/NW_LS421.TXT
2022-04-13,AUSTRALIA AND NEW ZEALAND,Beef Trim,85,0-15 Days,East Coast,278.00,280.00,USD/cwt,FOB/TIS,https://esmis.nal.usda.gov/sites/default/release-files/c821gj77m/6h441x51f/kk91gq687/NW_LS421.TXT
2022-04-13,AUSTRALIA AND NEW ZEALAND,Beef Trim,80,0-15 Days,East Coast,255.00,258.00,USD/cwt,FOB/TIS,https://esmis.nal.usda.gov/sites/default/release-files/c821gj77m/6h441x51f/kk91gq687/NW_LS421.TXT
2022-04-13,AUSTRALIA AND NEW ZEALAND,Beef Trim,75,0-15 Days,East Coast,,,USD/cwt,FOB/TIS,https://esmis.nal.usda.gov/sites/default/release-files/c821gj77m/6h441x51f/kk91gq687/NW_LS421.TXT
2022-04-13,AUSTRALIA AND NEW ZEALAND,Beef Trim,70,0-15 Days,East Coast,,,USD/cwt,FOB/TIS,https://esmis.nal.usda.gov/sites/default/release-files/c821gj77m/6h441x51f/kk91gq687/NW_LS421.TXT
2022-04-13,AUSTRALIA AND NEW ZEALAND,Beef Trim,65,0-15 Days,East Coast,,,USD/cwt,FOB/TIS,https://esmis.nal.usda.gov/sites/default/release-files/c821gj77m/6h441x51f/kk91gq687/NW_LS421.TXT
2022-04-13,URUGUAY,Beef Trim,85,0-15 Days,,,,USD/cwt,FOB/TIS,https://esmis.nal.usda.gov/sites/default/release-files/c821gj77m/6h441x51f/kk91gq687/NW_LS421.TXT
2022-04-13,URUGUAY,Beef Trim,80,0-15 Days,,,,USD/cwt,FOB/TIS,https://esmis.nal.usda.gov/sites/default/release-files/c821gj77m/6h441x51f/kk91gq687/NW_LS421.TXT
2022-04-13,URUGUAY,Beef Trim,75,0-15 Days,,,,USD/cwt,FOB/TIS,https://esmis.nal.usda.gov/sites/default/release-files/c821gj77m/6h441x51f/kk91gq687/NW_LS421.TXT
2022-04-15,AUSTRALIA AND NEW ZEALAND,Beef Trim,85,0-15 Days,East Coast,278.00,280.00,USD/cwt,FOB/TIS,https://esmis.nal.usda.gov/sites/default/release-files/c821gj77m/sq87cz274/bz60f0909/NW_LS421.TXT
2022-04-15,AUSTRALIA AND NEW ZEALAND,Beef Trim,80,0-15 Days,East Coast,255.00,258.00,USD/cwt,FOB/TIS,https://esmis.nal.usda.gov/sites/default/release-files/c821gj77m/sq87cz274/bz60f0909/NW_LS421.TXT
2022-04-15,AUSTRALIA AND NEW ZEALAND,Beef Trim,75,0-15 Days,East Coast,,,USD/cwt,FOB/TIS,https://esmis.nal.usda.gov/sites/default/release-files/c821gj77m/sq87cz274/bz60f0909/NW_LS421.TXT
2022-04-15,AUSTRALIA AND NEW ZEALAND,Beef Trim,70,0-15 Days,East Coast,,,USD/cwt,FOB/TIS,https://esmis.nal.usda.gov/sites/default/release-files/c821gj77m/sq87cz274/bz60f0909/NW_LS421.TXT
2022-04-15,AUSTRALIA AND NEW ZEALAND,Beef Trim,65,0-15 Days,East Coast,,,USD/cwt,FOB/TIS,https://esmis.nal.usda.gov/sites/default/release-files/c821gj77m/sq87cz274/bz60f0909/NW_LS421.TXT
2022-04-15,URUGUAY,Beef Trim,85,0-15 Days,,,,USD/cwt,FOB/TIS,https://esmis.nal.usda.gov/sites/default/release-files/c821gj77m/sq87cz274/bz60f0909/NW_LS421.TXT
2022-04-15,URUGUAY,Beef Trim,80,0-15 Days,,,,USD/cwt,FOB/TIS,https://esmis.nal.usda.gov/sites/default/release-files/c821gj77m/sq87cz274/bz60f0909/NW_LS421.TXT
2022-04-15,URUGUAY,Beef Trim,75,0-15 Days,,,,USD/cwt,FOB/TIS,https://esmis.nal.usda.gov/sites/default/release-files/c821gj77m/sq87cz274/bz60f0909/NW_LS421.TXT
2022-04-20,AUSTRALIA AND NEW ZEALAND,Beef Trim,85,0-15 Days,East Coast,277.00,279.00,USD/cwt,FOB/TIS,https://esmis.nal.usda.gov/sites/default/release-files/c821gj77m/vh53z0999/9w033632j/NW_LS421.TXT
2022-04-20,AUSTRALIA AND NEW ZEALAND,Beef Trim,80,0-15 Days,East Coast,258.00,260.00,USD/cwt,FOB/TIS,https://esmis.nal.usda.gov/sites/default/release-files/c821gj77m/vh53z0999/9w033632j/NW_LS421.TXT
2022-04-20,AUSTRALIA AND NEW ZEALAND,Beef Trim,75,0-15 Days,East Coast,,,USD/cwt,FOB/TIS,https://esmis.nal.usda.gov/sites/default/release-files/c821gj77m/vh53z0999/9w033632j/NW_LS421.TXT
2022-04-20,AUSTRALIA AND NEW ZEALAND,Beef Trim,70,0-15 Days,East Coast,,,USD/cwt,FOB/TIS,https://esmis.nal.usda.gov/sites/default/release-files/c821gj77m/vh53z0999/9w033632j/NW_LS421.TXT
2022-04-20,AUSTRALIA AND NEW ZEALAND,Beef Trim,65,0-15 Days,East Coast,,,USD/cwt,FOB/TIS,https://esmis.nal.usda.gov/sites/default/release-files/c821gj77m/vh53z0999/9w033632j/NW_LS421.TXT
2022-04-20,URUGUAY,Beef Trim,85,0-15 Days,,,,USD/cwt,FOB/TIS,https://esmis.nal.usda.gov/sites/default/release-files/c821gj77m/vh53z0999/9w033632j/NW_LS421.TXT
2022-04-20,URUGUAY,Beef Trim,80,0-15 Days,,,,USD/cwt,FOB/TIS,https://esmis.nal.usda.gov/sites/default/release-files/c821gj77m/vh53z0999/9w033632j/NW_LS421.TXT
2022-04-20,URUGUAY,Beef Trim,75,0-15 Days,,,,USD/cwt,FOB/TIS,https://esmis.nal.usda.gov/sites/default/release-files/c821gj77m/vh53z0999/9w033632j/NW_LS421.TXT
2022-04-22,AUSTRALIA AND NEW ZEALAND,Beef Trim,85,0-15 Days,East Coast,277.00,279.00,USD/cwt,FOB/TIS,https://esmis.nal.usda.gov/sites/default/release-files/c821gj77m/gt54mr86f/k643c578n/NW_LS421.TXT
2022-04-22,AUSTRALIA AND NEW ZEALAND,Beef Trim,80,0-15 Days,East Coast,258.00,260.00,USD/cwt,FOB/TIS,https://esmis.nal.usda.gov/sites/default/release-files/c821gj77m/gt54mr86f/k643c578n/NW_LS421.TXT
2022-04-22,AUSTRALIA AND NEW ZEALAND,Beef Trim,75,0-15 Days,East Coast,,,USD/cwt,FOB/TIS,https://esmis.nal.usda.gov/sites/default/release-files/c821gj77m/gt54mr86f/k643c578n/NW_LS421.TXT
2022-04-22,AUSTRALIA AND NEW ZEALAND,Beef Trim,70,0-15 Days,East Coast,,,USD/cwt,FOB/TIS,https://esmis.nal.usda.gov/sites/default/release-files/c821gj77m/gt54mr86f/k643c578n/NW_LS421.TXT
2022-04-22,AUSTRALIA AND NEW ZEALAND,Beef Trim,65,0-15 Days,East Coast,,,USD/cwt,FOB/TIS,https://esmis.nal.usda.gov/sites/default/release-files/c821gj77m/gt54mr86f/k643c578n/NW_LS421.TXT
2022-04-22,URUGUAY,Beef Trim,85,0-15 Days,,,,USD/cwt,FOB/TIS,https://esmis.nal.usda.gov/sites/default/release-files/c821gj77m/gt54mr86f/k643c578n/NW_LS421.TXT
2022-04-22,URUGUAY,Beef Trim,80,0-15 Days,,,,USD/cwt,FOB/TIS,https://esmis.nal.usda.gov/sites/default/release-files/c821gj77m/gt54mr86f/k643c578n/NW_LS421.TXT
2022-04-22,URUGUAY,Beef Trim,75,0-15 Days,,,,USD/cwt,FOB/TIS,https://esmis.nal.usda.gov/sites/default/release-files/c821gj77m/gt54mr86f/k643c578n/NW_LS421.TXT
2022-04-27,AUSTRALIA AND NEW ZEALAND,Beef Trim,85,0-15 Days,East Coast,277.00,279.00,USD/cwt,FOB/TIS,https://esmis.nal.usda.gov/sites/default/release-files/c821gj77m/w0893g90j/3197zr90m/NW_LS421.TXT
2022-04-27,AUSTRALIA AND NEW ZEALAND,Beef Trim,80,0-15 Days,East Coast,260.00,260.00,USD/cwt,FOB/TIS,https://esmis.nal.usda.gov/sites/default/release-files/c821gj77m/w0893g90j/3197zr90m/NW_LS421.TXT
2022-04-27,AUSTRALIA AND NEW ZEALAND,Beef Trim,75,0-15 Days,East Coast,,,USD/cwt,FOB/TIS,https://esmis.nal.usda.gov/sites/default/release-files/c821gj77m/w0893g90j/3197zr90m/NW_LS421.TXT
2022-04-27,AUSTRALIA AND NEW ZEALAND,Beef Trim,70,0-15 Days,East Coast,,,USD/cwt,FOB/TIS,https://esmis.nal.usda.gov/sites/default/release-files/c821gj77m/w0893g90j/3197zr90m/NW_LS421.TXT
2022-04-27,AUSTRALIA AND NEW ZEALAND,Beef Trim,65,0-15 Days,East Coast,,,USD/cwt,FOB/TIS,https://esmis.nal.usda.gov/sites/default/release-files/c821gj77m/w0893g90j/3197zr90m/NW_LS421.TXT
2022-04-27,URUGUAY,Beef Trim,85,0-15 Days,,,,USD/cwt,FOB/TIS,https://esmis.nal.usda.gov/sites/default/release-files/c821gj77m/w0893g90j/3197zr90m/NW_LS421.TXT
2022-04-27,URUGUAY,Beef Trim,80,0-15 Days,,,,USD/cwt,FOB/TIS,https://esmis.nal.usda.gov/sites/default/release-files/c821gj77m/w0893g90j/3197zr90m/NW_LS421.TXT
2022-04-27,URUGUAY,Beef Trim,75,0-15 Days,,,,USD/cwt,FOB/TIS,https://esmis.nal.usda.gov/sites/default/release-files/c821gj77m/w0893g90j/3197zr90m/NW_LS421.TXT
2022-04-29,AUSTRALIA AND NEW ZEALAND,Beef Trim,85,0-15 Days,East Coast,277.00,279.00,USD/cwt,FOB/TIS,https://esmis.nal.usda.gov/sites/default/release-files/c821gj77m/cv43q165k/t148gp09f/NW_LS421.TXT
2022-04-29,AUSTRALIA AND NEW ZEALAND,Beef Trim,80,0-15 Days,East Coast,260.00,260.00,USD/cwt,FOB/TIS,https://esmis.nal.usda.gov/sites/default/release-files/c821gj77m/cv43q165k/t148gp09f/NW_LS421.TXT
2022-04-29,AUSTRALIA AND NEW ZEALAND,Beef Trim,75,0-15 Days,East Coast,,,USD/cwt,FOB/TIS,https://esmis.nal.usda.gov/sites/default/release-files/c821gj77m/cv43q165k/t148gp09f/NW_LS421.TXT
2022-04-29,AUSTRALIA AND NEW ZEALAND,Beef Trim,70,0-15 Days,East Coast,,,USD/cwt,FOB/TIS,https://esmis.nal.usda.gov/sites/default/release-files/c821gj77m/cv43q165k/t148gp09f/NW_LS421.TXT
2022-04-29,AUSTRALIA AND NEW ZEALAND,Beef Trim,65,0-15 Days,East Coast,,,USD/cwt,FOB/TIS,https://esmis.nal.usda.gov/sites/default/release-files/c821gj77m/cv43q165k/t148gp09f/NW_LS421.TXT
2022-04-29,URUGUAY,Beef Trim,85,0-15 Days,,,,USD/cwt,FOB/TIS,https://esmis.nal.usda.gov/sites/default/release-files/c821gj77m/cv43q165k/t148gp09f/NW_LS421.TXT
2022-04-29,URUGUAY,Beef Trim,80,0-15 Days,,,,USD/cwt,FOB/TIS,https://esmis.nal.usda.gov/sites/default/release-files/c821gj77m/cv43q165k/t148gp09f/NW_LS421.TXT
2022-04-29,URUGUAY,Beef Trim,75,0-15 Days,,,,USD/cwt,FOB/TIS,https://esmis.nal.usda.gov/sites/default/release-files/c821gj77m/cv43q165k/t148gp09f/NW_LS421.TXT
2022-05-04,AUSTRALIA AND NEW ZEALAND,Beef Trim,85,0-15 Days,East Coast,277.00,278.00,USD/cwt,FOB/TIS,https://esmis.nal.usda.gov/sites/default/release-files/c821gj77m/zk51wn61x/v692vc045/NW_LS421.TXT
2022-05-04,AUSTRALIA AND NEW ZEALAND,Beef Trim,80,0-15 Days,East Coast,,,USD/cwt,FOB/TIS,https://esmis.nal.usda.gov/sites/default/release-files/c821gj77m/zk51wn61x/v692vc045/NW_LS421.TXT
2022-05-04,AUSTRALIA AND NEW ZEALAND,Beef Trim,75,0-15 Days,East Coast,,,USD/cwt,FOB/TIS,https://esmis.nal.usda.gov/sites/default/release-files/c821gj77m/zk51wn61x/v692vc045/NW_LS421.TXT
2022-05-04,AUSTRALIA AND NEW ZEALAND,Beef Trim,70,0-15 Days,East Coast,,,USD/cwt,FOB/TIS,https://esmis.nal.usda.gov/sites/default/release-files/c821gj77m/zk51wn61x/v692vc045/NW_LS421.TXT
2022-05-04,AUSTRALIA AND NEW ZEALAND,Beef Trim,65,0-15 Days,East Coast,,,USD/cwt,FOB/TIS,https://esmis.nal.usda.gov/sites/default/release-files/c821gj77m/zk51wn61x/v692vc045/NW_LS421.TXT
2022-05-04,URUGUAY,Beef Trim,85,0-15 Days,,,,USD/cwt,FOB/TIS,https://esmis.nal.usda.gov/sites/default/release-files/c821gj77m/zk51wn61x/v692vc045/NW_LS421.TXT
2022-05-04,URUGUAY,Beef Trim,80,0-15 Days,,,,USD/cwt,FOB/TIS,https://esmis.nal.usda.gov/sites/default/release-files/c821gj77m/zk51wn61x/v692vc045/NW_LS421.TXT
2022-05-04,URUGUAY,Beef Trim,75,0-15 Days,,,,USD/cwt,FOB/TIS,https://esmis.nal.usda.gov/sites/default/release-files/c821gj77m/zk51wn61x/v692vc045/NW_LS421.TXT
2022-05-06,AUSTRALIA AND NEW ZEALAND,Beef Trim,85,0-15 Days,East Coast,277.00,279.00,USD/cwt,FOB/TIS,https://esmis.nal.usda.gov/sites/default/release-files/c821gj77m/1r66k617b/p5548x82j/NW_LS421.TXT
2022-05-06,AUSTRALIA AND NEW ZEALAND,Beef Trim,80,0-15 Days,East Coast,,,USD/cwt,FOB/TIS,https://esmis.nal.usda.gov/sites/default/release-files/c821gj77m/1r66k617b/p5548x82j/NW_LS421.TXT
2022-05-06,AUSTRALIA AND NEW ZEALAND,Beef Trim,75,0-15 Days,East Coast,,,USD/cwt,FOB/TIS,https://esmis.nal.usda.gov/sites/default/release-files/c821gj77m/1r66k617b/p5548x82j/NW_LS421.TXT
2022-05-06,AUSTRALIA AND NEW ZEALAND,Beef Trim,70,0-15 Days,East Coast,,,USD/cwt,FOB/TIS,https://esmis.nal.usda.gov/sites/default/release-files/c821gj77m/1r66k617b/p5548x82j/NW_LS421.TXT
2022-05-06,AUSTRALIA AND NEW ZEALAND,Beef Trim,65,0-15 Days,East Coast,,,USD/cwt,FOB/TIS,https://esmis.nal.usda.gov/sites/default/release-files/c821gj77m/1r66k617b/p5548x82j/NW_LS421.TXT
2022-05-06,URUGUAY,Beef Trim,85,0-15 Days,,,,USD/cwt,FOB/TIS,https://esmis.nal.usda.gov/sites/default/release-files/c821gj77m/1r66k617b/p5548x82j/NW_LS421.TXT
2022-05-06,URUGUAY,Beef Trim,80,0-15 Days,,,,USD/cwt,FOB/TIS,https://esmis.nal.usda.gov/sites/default/release-files/c821gj77m/1r66k617b/p5548x82j/NW_LS421.TXT
2022-05-06,URUGUAY,Beef Trim,75,0-15 Days,,,,USD/cwt,FOB/TIS,https://esmis.nal.usda.gov/sites/default/release-files/c821gj77m/1r66k617b/p5548x82j/NW_LS421.TXT
2022-05-11,AUSTRALIA AND NEW ZEALAND,Beef Trim,85,0-15 Days,East Coast,277.00,278.00,USD/cwt,FOB/TIS,https://esmis.nal.usda.gov/sites/default/release-files/c821gj77m/2514pq56q/q524kt66t/NW_LS421.TXT
2022-05-11,AUSTRALIA AND NEW ZEALAND,Beef Trim,80,0-15 Days,East Coast,,,USD/cwt,FOB/TIS,https://esmis.nal.usda.gov/sites/default/release-files/c821gj77m/2514pq56q/q524kt66t/NW_LS421.TXT
2022-05-11,AUSTRALIA AND NEW ZEALAND,Beef Trim,75,0-15 Days,East Coast,,,USD/cwt,FOB/TIS,https://esmis.nal.usda.gov/sites/default/release-files/c821gj77m/2514pq56q/q524kt66t/NW_LS421.TXT
2022-05-11,AUSTRALIA AND NEW ZEALAND,Beef Trim,70,0-15 Days,East Coast,,,USD/cwt,FOB/TIS,https://esmis.nal.usda.gov/sites/default/release-files/c821gj77m/2514pq56q/q524kt66t/NW_LS421.TXT
2022-05-11,AUSTRALIA AND NEW ZEALAND,Beef Trim,65,0-15 Days,East Coast,,,USD/cwt,FOB/TIS,https://esmis.nal.usda.gov/sites/default/release-files/c821gj77m/2514pq56q/q524kt66t/NW_LS421.TXT
2022-05-11,URUGUAY,Beef Trim,85,0-15 Days,,,,USD/cwt,FOB/TIS,https://esmis.nal.usda.gov/sites/default/release-files/c821gj77m/2514pq56q/q524kt66t/NW_LS421.TXT
2022-05-11,URUGUAY,Beef Trim,80,0-15 Days,,,,USD/cwt,FOB/TIS,https://esmis.nal.usda.gov/sites/default/release-files/c821gj77m/2514pq56q/q524kt66t/NW_LS421.TXT
2022-05-11,URUGUAY,Beef Trim,75,0-15 Days,,,,USD/cwt,FOB/TIS,https://esmis.nal.usda.gov/sites/default/release-files/c821gj77m/2514pq56q/q524kt66t/NW_LS421.TXT
2022-05-13,AUSTRALIA AND NEW ZEALAND,Beef Trim,85,0-15 Days,East Coast,277.00,278.00,USD/cwt,FOB/TIS,https://esmis.nal.usda.gov/sites/default/release-files/c821gj77m/k643c624j/8g84ns71m/NW_LS421.TXT
2022-05-13,AUSTRALIA AND NEW ZEALAND,Beef Trim,80,0-15 Days,East Coast,,,USD/cwt,FOB/TIS,https://esmis.nal.usda.gov/sites/default/release-files/c821gj77m/k643c624j/8g84ns71m/NW_LS421.TXT
2022-05-13,AUSTRALIA AND NEW ZEALAND,Beef Trim,75,0-15 Days,East Coast,,,USD/cwt,FOB/TIS,https://esmis.nal.usda.gov/sites/default/release-files/c821gj77m/k643c624j/8g84ns71m/NW_LS421.TXT
2022-05-13,AUSTRALIA AND NEW ZEALAND,Beef Trim,70,0-15 Days,East Coast,,,USD/cwt,FOB/TIS,https://esmis.nal.usda.gov/sites/default/release-files/c821gj77m/k643c624j/8g84ns71m/NW_LS421.TXT
2022-05-13,AUSTRALIA AND NEW ZEALAND,Beef Trim,65,0-15 Days,East Coast,,,USD/cwt,FOB/TIS,https://esmis.nal.usda.gov/sites/default/release-files/c821gj77m/k643c624j/8g84ns71m/NW_LS421.TXT
2022-05-13,URUGUAY,Beef Trim,85,0-15 Days,,,,USD/cwt,FOB/TIS,https://esmis.nal.usda.gov/sites/default/release-files/c821gj77m/k643c624j/8g84ns71m/NW_LS421.TXT
2022-05-13,URUGUAY,Beef Trim,80,0-15 Days,,,,USD/cwt,FOB/TIS,https://esmis.nal.usda.gov/sites/default/release-files/c821gj77m/k643c624j/8g84ns71m/NW_LS421.TXT
2022-05-13,URUGUAY,Beef Trim,75,0-15 Days,,,,USD/cwt,FOB/TIS,https://esmis.nal.usda.gov/sites/default/release-files/c821gj77m/k643c624j/8g84ns71m/NW_LS421.TXT
2022-05-18,AUSTRALIA AND NEW ZEALAND,Beef Trim,85,0-15 Days,East Coast,272.00,275.00,USD/cwt,FOB/TIS,https://esmis.nal.usda.gov/sites/default/release-files/c821gj77m/4b29cc57k/8910m019t/NW_LS421.TXT
2022-05-18,AUSTRALIA AND NEW ZEALAND,Beef Trim,80,0-15 Days,East Coast,,,USD/cwt,FOB/TIS,https://esmis.nal.usda.gov/sites/default/release-files/c821gj77m/4b29cc57k/8910m019t/NW_LS421.TXT
2022-05-18,AUSTRALIA AND NEW ZEALAND,Beef Trim,75,0-15 Days,East Coast,,,USD/cwt,FOB/TIS,https://esmis.nal.usda.gov/sites/default/release-files/c821gj77m/4b29cc57k/8910m019t/NW_LS421.TXT
2022-05-18,AUSTRALIA AND NEW ZEALAND,Beef Trim,70,0-15 Days,East Coast,,,USD/cwt,FOB/TIS,https://esmis.nal.usda.gov/sites/default/release-files/c821gj77m/4b29cc57k/8910m019t/NW_LS421.TXT
2022-05-18,AUSTRALIA AND NEW ZEALAND,Beef Trim,65,0-15 Days,East Coast,,,USD/cwt,FOB/TIS,https://esmis.nal.usda.gov/sites/default/release-files/c821gj77m/4b29cc57k/8910m019t/NW_LS421.TXT
2022-05-18,URUGUAY,Beef Trim,85,0-15 Days,,,,USD/cwt,FOB/TIS,https://esmis.nal.usda.gov/sites/default/release-files/c821gj77m/4b29cc57k/8910m019t/NW_LS421.TXT
2022-05-18,URUGUAY,Beef Trim,80,0-15 Days,,,,USD/cwt,FOB/TIS,https://esmis.nal.usda.gov/sites/default/release-files/c821gj77m/4b29cc57k/8910m019t/NW_LS421.TXT
2022-05-18,URUGUAY,Beef Trim,75,0-15 Days,,,,USD/cwt,FOB/TIS,https://esmis.nal.usda.gov/sites/default/release-files/c821gj77m/4b29cc57k/8910m019t/NW_LS421.TXT
2022-05-20,AUSTRALIA AND NEW ZEALAND,Beef Trim,85,0-15 Days,East Coast,272.00,275.00,USD/cwt,FOB/TIS,https://esmis.nal.usda.gov/sites/default/release-files/c821gj77m/5712nc05z/nk323k16b/NW_LS421.TXT
2022-05-20,AUSTRALIA AND NEW ZEALAND,Beef Trim,80,0-15 Days,East Coast,,,USD/cwt,FOB/TIS,https://esmis.nal.usda.gov/sites/default/release-files/c821gj77m/5712nc05z/nk323k16b/NW_LS421.TXT
2022-05-20,AUSTRALIA AND NEW ZEALAND,Beef Trim,75,0-15 Days,East Coast,,,USD/cwt,FOB/TIS,https://esmis.nal.usda.gov/sites/default/release-files/c821gj77m/5712nc05z/nk323k16b/NW_LS421.TXT
2022-05-20,AUSTRALIA AND NEW ZEALAND,Beef Trim,70,0-15 Days,East Coast,,,USD/cwt,FOB/TIS,https://esmis.nal.usda.gov/sites/default/release-files/c821gj77m/5712nc05z/nk323k16b/NW_LS421.TXT
2022-05-20,AUSTRALIA AND NEW ZEALAND,Beef Trim,65,0-15 Days,East Coast,,,USD/cwt,FOB/TIS,https://esmis.nal.usda.gov/sites/default/release-files/c821gj77m/5712nc05z/nk323k16b/NW_LS421.TXT
2022-05-20,URUGUAY,Beef Trim,85,0-15 Days,,,,USD/cwt,FOB/TIS,https://esmis.nal.usda.gov/sites/default/release-files/c821gj77m/5712nc05z/nk323k16b/NW_LS421.TXT
2022-05-20,URUGUAY,Beef Trim,80,0-15 Days,,,,USD/cwt,FOB/TIS,https://esmis.nal.usda.gov/sites/default/release-files/c821gj77m/5712nc05z/nk323k16b/NW_LS421.TXT
2022-05-20,URUGUAY,Beef Trim,75,0-15 Days,,,,USD/cwt,FOB/TIS,https://esmis.nal.usda.gov/sites/default/release-files/c821gj77m/5712nc05z/nk323k16b/NW_LS421.TXT
2022-05-25,AUSTRALIA AND NEW ZEALAND,Beef Trim,85,0-15 Days,East Coast,273.00,275.00,USD/cwt,FOB/TIS,https://esmis.nal.usda.gov/sites/default/release-files/c821gj77m/mc87qv80w/3f463b12m/NW_LS421.TXT
2022-05-25,AUSTRALIA AND NEW ZEALAND,Beef Trim,80,0-15 Days,East Coast,,,USD/cwt,FOB/TIS,https://esmis.nal.usda.gov/sites/default/release-files/c821gj77m/mc87qv80w/3f463b12m/NW_LS421.TXT
2022-05-25,AUSTRALIA AND NEW ZEALAND,Beef Trim,75,0-15 Days,East Coast,,,USD/cwt,FOB/TIS,https://esmis.nal.usda.gov/sites/default/release-files/c821gj77m/mc87qv80w/3f463b12m/NW_LS421.TXT
2022-05-25,AUSTRALIA AND NEW ZEALAND,Beef Trim,70,0-15 Days,East Coast,,,USD/cwt,FOB/TIS,https://esmis.nal.usda.gov/sites/default/release-files/c821gj77m/mc87qv80w/3f463b12m/NW_LS421.TXT
2022-05-25,AUSTRALIA AND NEW ZEALAND,Beef Trim,65,0-15 Days,East Coast,,,USD/cwt,FOB/TIS,https://esmis.nal.usda.gov/sites/default/release-files/c821gj77m/mc87qv80w/3f463b12m/NW_LS421.TXT
2022-05-25,URUGUAY,Beef Trim,85,0-15 Days,,,,USD/cwt,FOB/TIS,https://esmis.nal.usda.gov/sites/default/release-files/c821gj77m/mc87qv80w/3f463b12m/NW_LS421.TXT
2022-05-25,URUGUAY,Beef Trim,80,0-15 Days,,,,USD/cwt,FOB/TIS,https://esmis.nal.usda.gov/sites/default/release-files/c821gj77m/mc87qv80w/3f463b12m/NW_LS421.TXT
2022-05-25,URUGUAY,Beef Trim,75,0-15 Days,,,,USD/cwt,FOB/TIS,https://esmis.nal.usda.gov/sites/default/release-files/c821gj77m/mc87qv80w/3f463b12m/NW_LS421.TXT
2022-05-27,AUSTRALIA AND NEW ZEALAND,Beef Trim,85,0-15 Days,East Coast,273.00,275.00,USD/cwt,FOB/TIS,https://esmis.nal.usda.gov/sites/default/release-files/c821gj77m/9w033708p/02872193g/NW_LS421.TXT
2022-05-27,AUSTRALIA AND NEW ZEALAND,Beef Trim,80,0-15 Days,East Coast,,,USD/cwt,FOB/TIS,https://esmis.nal.usda.gov/sites/default/release-files/c821gj77m/9w033708p/02872193g/NW_LS421.TXT
2022-05-27,AUSTRALIA AND NEW ZEALAND,Beef Trim,75,0-15 Days,East Coast,,,USD/cwt,FOB/TIS,https://esmis.nal.usda.gov/sites/default/release-files/c821gj77m/9w033708p/02872193g/NW_LS421.TXT
2022-05-27,AUSTRALIA AND NEW ZEALAND,Beef Trim,70,0-15 Days,East Coast,,,USD/cwt,FOB/TIS,https://esmis.nal.usda.gov/sites/default/release-files/c821gj77m/9w033708p/02872193g/NW_LS421.TXT
2022-05-27,AUSTRALIA AND NEW ZEALAND,Beef Trim,65,0-15 Days,East Coast,,,USD/cwt,FOB/TIS,https://esmis.nal.usda.gov/sites/default/release-files/c821gj77m/9w033708p/02872193g/NW_LS421.TXT
2022-05-27,URUGUAY,Beef Trim,85,0-15 Days,,,,USD/cwt,FOB/TIS,https://esmis.nal.usda.gov/sites/default/release-files/c821gj77m/9w033708p/02872193g/NW_LS421.TXT
2022-05-27,URUGUAY,Beef Trim,80,0-15 Days,,,,USD/cwt,FOB/TIS,https://esmis.nal.usda.gov/sites/default/release-files/c821gj77m/9w033708p/02872193g/NW_LS421.TXT
2022-05-27,URUGUAY,Beef Trim,75,0-15 Days,,,,USD/cwt,FOB/TIS,https://esmis.nal.usda.gov/sites/default/release-files/c821gj77m/9w033708p/02872193g/NW_LS421.TXT
2022-06-01,AUSTRALIA AND NEW ZEALAND,Beef Trim,85,0-15 Days,East Coast,,,USD/cwt,FOB/TIS,https://esmis.nal.usda.gov/sites/default/release-files/c821gj77m/41688p437/kw52kg46m/NW_LS421.TXT
2022-06-01,AUSTRALIA AND NEW ZEALAND,Beef Trim,80,0-15 Days,East Coast,,,USD/cwt,FOB/TIS,https://esmis.nal.usda.gov/sites/default/release-files/c821gj77m/41688p437/kw52kg46m/NW_LS421.TXT
2022-06-01,AUSTRALIA AND NEW ZEALAND,Beef Trim,75,0-15 Days,East Coast,,,USD/cwt,FOB/TIS,https://esmis.nal.usda.gov/sites/default/release-files/c821gj77m/41688p437/kw52kg46m/NW_LS421.TXT
2022-06-01,AUSTRALIA AND NEW ZEALAND,Beef Trim,70,0-15 Days,East Coast,,,USD/cwt,FOB/TIS,https://esmis.nal.usda.gov/sites/default/release-files/c821gj77m/41688p437/kw52kg46m/NW_LS421.TXT
2022-06-01,AUSTRALIA AND NEW ZEALAND,Beef Trim,65,0-15 Days,East Coast,,,USD/cwt,FOB/TIS,https://esmis.nal.usda.gov/sites/default/release-files/c821gj77m/41688p437/kw52kg46m/NW_LS421.TXT
2022-06-01,URUGUAY,Beef Trim,85,0-15 Days,,,,USD/cwt,FOB/TIS,https://esmis.nal.usda.gov/sites/default/release-files/c821gj77m/41688p437/kw52kg46m/NW_LS421.TXT
2022-06-01,URUGUAY,Beef Trim,80,0-15 Days,,,,USD/cwt,FOB/TIS,https://esmis.nal.usda.gov/sites/default/release-files/c821gj77m/41688p437/kw52kg46m/NW_LS421.TXT
2022-06-01,URUGUAY,Beef Trim,75,0-15 Days,,,,USD/cwt,FOB/TIS,https://esmis.nal.usda.gov/sites/default/release-files/c821gj77m/41688p437/kw52kg46m/NW_LS421.TXT
2022-06-03,AUSTRALIA AND NEW ZEALAND,Beef Trim,85,0-15 Days,East Coast,272.00,274.00,USD/cwt,FOB/TIS,https://esmis.nal.usda.gov/sites/default/release-files/c821gj77m/bv73d4445/6t054p04g/NW_LS421.TXT
2022-06-03,AUSTRALIA AND NEW ZEALAND,Beef Trim,80,0-15 Days,East Coast,,,USD/cwt,FOB/TIS,https://esmis.nal.usda.gov/sites/default/release-files/c821gj77m/bv73d4445/6t054p04g/NW_LS421.TXT
2022-06-03,AUSTRALIA AND NEW ZEALAND,Beef Trim,75,0-15 Days,East Coast,,,USD/cwt,FOB/TIS,https://esmis.nal.usda.gov/sites/default/release-files/c821gj77m/bv73d4445/6t054p04g/NW_LS421.TXT
2022-06-03,AUSTRALIA AND NEW ZEALAND,Beef Trim,70,0-15 Days,East Coast,,,USD/cwt,FOB/TIS,https://esmis.nal.usda.gov/sites/default/release-files/c821gj77m/bv73d4445/6t054p04g/NW_LS421.TXT
2022-06-03,AUSTRALIA AND NEW ZEALAND,Beef Trim,65,0-15 Days,East Coast,,,USD/cwt,FOB/TIS,https://esmis.nal.usda.gov/sites/default/release-files/c821gj77m/bv73d4445/6t054p04g/NW_LS421.TXT
2022-06-03,URUGUAY,Beef Trim,85,0-15 Days,,,,USD/cwt,FOB/TIS,https://esmis.nal.usda.gov/sites/default/release-files/c821gj77m/bv73d4445/6t054p04g/NW_LS421.TXT
2022-06-03,URUGUAY,Beef Trim,80,0-15 Days,,,,USD/cwt,FOB/TIS,https://esmis.nal.usda.gov/sites/default/release-files/c821gj77m/bv73d4445/6t054p04g/NW_LS421.TXT
2022-06-03,URUGUAY,Beef Trim,75,0-15 Days,,,,USD/cwt,FOB/TIS,https://esmis.nal.usda.gov/sites/default/release-files/c821gj77m/bv73d4445/6t054p04g/NW_LS421.TXT
2022-06-08,AUSTRALIA AND NEW ZEALAND,Beef Trim,85,0-15 Days,East Coast,270.00,273.00,USD/cwt,FOB/TIS,https://esmis.nal.usda.gov/sites/default/release-files/c821gj77m/kp78hp49z/tt44qs765/NW_LS421.TXT
2022-06-08,AUSTRALIA AND NEW ZEALAND,Beef Trim,80,0-15 Days,East Coast,,,USD/cwt,FOB/TIS,https://esmis.nal.usda.gov/sites/default/release-files/c821gj77m/kp78hp49z/tt44qs765/NW_LS421.TXT
2022-06-08,AUSTRALIA AND NEW ZEALAND,Beef Trim,75,0-15 Days,East Coast,,,USD/cwt,FOB/TIS,https://esmis.nal.usda.gov/sites/default/release-files/c821gj77m/kp78hp49z/tt44qs765/NW_LS421.TXT
2022-06-08,AUSTRALIA AND NEW ZEALAND,Beef Trim,70,0-15 Days,East Coast,,,USD/cwt,FOB/TIS,https://esmis.nal.usda.gov/sites/default/release-files/c821gj77m/kp78hp49z/tt44qs765/NW_LS421.TXT
2022-06-08,AUSTRALIA AND NEW ZEALAND,Beef Trim,65,0-15 Days,East Coast,,,USD/cwt,FOB/TIS,https://esmis.nal.usda.gov/sites/default/release-files/c821gj77m/kp78hp49z/tt44qs765/NW_LS421.TXT
2022-06-08,URUGUAY,Beef Trim,85,0-15 Days,,,,USD/cwt,FOB/TIS,https://esmis.nal.usda.gov/sites/default/release-files/c821gj77m/kp78hp49z/tt44qs765/NW_LS421.TXT
2022-06-08,URUGUAY,Beef Trim,80,0-15 Days,,,,USD/cwt,FOB/TIS,https://esmis.nal.usda.gov/sites/default/release-files/c821gj77m/kp78hp49z/tt44qs765/NW_LS421.TXT
2022-06-08,URUGUAY,Beef Trim,75,0-15 Days,,,,USD/cwt,FOB/TIS,https://esmis.nal.usda.gov/sites/default/release-files/c821gj77m/kp78hp49z/tt44qs765/NW_LS421.TXT
2022-06-10,AUSTRALIA AND NEW ZEALAND,Beef Trim,85,0-15 Days,East Coast,270.00,273.00,USD/cwt,FOB/TIS,https://esmis.nal.usda.gov/sites/default/release-files/c821gj77m/2227nw23b/05742x686/NW_LS421.TXT
2022-06-10,AUSTRALIA AND NEW ZEALAND,Beef Trim,80,0-15 Days,East Coast,,,USD/cwt,FOB/TIS,https://esmis.nal.usda.gov/sites/default/release-files/c821gj77m/2227nw23b/05742x686/NW_LS421.TXT
2022-06-10,AUSTRALIA AND NEW ZEALAND,Beef Trim,75,0-15 Days,East Coast,,,USD/cwt,FOB/TIS,https://esmis.nal.usda.gov/sites/default/release-files/c821gj77m/2227nw23b/05742x686/NW_LS421.TXT
2022-06-10,AUSTRALIA AND NEW ZEALAND,Beef Trim,70,0-15 Days,East Coast,,,USD/cwt,FOB/TIS,https://esmis.nal.usda.gov/sites/default/release-files/c821gj77m/2227nw23b/05742x686/NW_LS421.TXT
2022-06-10,AUSTRALIA AND NEW ZEALAND,Beef Trim,65,0-15 Days,East Coast,,,USD/cwt,FOB/TIS,https://esmis.nal.usda.gov/sites/default/release-files/c821gj77m/2227nw23b/05742x686/NW_LS421.TXT
2022-06-10,URUGUAY,Beef Trim,85,0-15 Days,,,,USD/cwt,FOB/TIS,https://esmis.nal.usda.gov/sites/default/release-files/c821gj77m/2227nw23b/05742x686/NW_LS421.TXT
2022-06-10,URUGUAY,Beef Trim,80,0-15 Days,,,,USD/cwt,FOB/TIS,https://esmis.nal.usda.gov/sites/default/release-files/c821gj77m/2227nw23b/05742x686/NW_LS421.TXT
2022-06-10,URUGUAY,Beef Trim,75,0-15 Days,,,,USD/cwt,FOB/TIS,https://esmis.nal.usda.gov/sites/default/release-files/c821gj77m/2227nw23b/05742x686/NW_LS421.TXT
2022-06-15,AUSTRALIA AND NEW ZEALAND,Beef Trim,85,0-15 Days,East Coast,,,USD/cwt,FOB/TIS,https://esmis.nal.usda.gov/sites/default/release-files/c821gj77m/hm50vx98j/wd377296f/NW_LS421.TXT
2022-06-15,AUSTRALIA AND NEW ZEALAND,Beef Trim,80,0-15 Days,East Coast,,,USD/cwt,FOB/TIS,https://esmis.nal.usda.gov/sites/default/release-files/c821gj77m/hm50vx98j/wd377296f/NW_LS421.TXT
2022-06-15,AUSTRALIA AND NEW ZEALAND,Beef Trim,75,0-15 Days,East Coast,,,USD/cwt,FOB/TIS,https://esmis.nal.usda.gov/sites/default/release-files/c821gj77m/hm50vx98j/wd377296f/NW_LS421.TXT
2022-06-15,AUSTRALIA AND NEW ZEALAND,Beef Trim,70,0-15 Days,East Coast,,,USD/cwt,FOB/TIS,https://esmis.nal.usda.gov/sites/default/release-files/c821gj77m/hm50vx98j/wd377296f/NW_LS421.TXT
2022-06-15,AUSTRALIA AND NEW ZEALAND,Beef Trim,65,0-15 Days,East Coast,,,USD/cwt,FOB/TIS,https://esmis.nal.usda.gov/sites/default/release-files/c821gj77m/hm50vx98j/wd377296f/NW_LS421.TXT
2022-06-15,URUGUAY,Beef Trim,85,0-15 Days,,,,USD/cwt,FOB/TIS,https://esmis.nal.usda.gov/sites/default/release-files/c821gj77m/hm50vx98j/wd377296f/NW_LS421.TXT
2022-06-15,URUGUAY,Beef Trim,80,0-15 Days,,,,USD/cwt,FOB/TIS,https://esmis.nal.usda.gov/sites/default/release-files/c821gj77m/hm50vx98j/wd377296f/NW_LS421.TXT
2022-06-15,URUGUAY,Beef Trim,75,0-15 Days,,,,USD/cwt,FOB/TIS,https://esmis.nal.usda.gov/sites/default/release-files/c821gj77m/hm50vx98j/wd377296f/NW_LS421.TXT
2022-06-17,AUSTRALIA AND NEW ZEALAND,Beef Trim,85,0-15 Days,East Coast,,,USD/cwt,FOB/TIS,https://esmis.nal.usda.gov/sites/default/release-files/c821gj77m/zp38xj29p/9w0337420/NW_LS421.TXT
2022-06-17,AUSTRALIA AND NEW ZEALAND,Beef Trim,80,0-15 Days,East Coast,,,USD/cwt,FOB/TIS,https://esmis.nal.usda.gov/sites/default/release-files/c821gj77m/zp38xj29p/9w0337420/NW_LS421.TXT
2022-06-17,AUSTRALIA AND NEW ZEALAND,Beef Trim,75,0-15 Days,East Coast,,,USD/cwt,FOB/TIS,https://esmis.nal.usda.gov/sites/default/release-files/c821gj77m/zp38xj29p/9w0337420/NW_LS421.TXT
2022-06-17,AUSTRALIA AND NEW ZEALAND,Beef Trim,70,0-15 Days,East Coast,,,USD/cwt,FOB/TIS,https://esmis.nal.usda.gov/sites/default/release-files/c821gj77m/zp38xj29p/9w0337420/NW_LS421.TXT
2022-06-17,AUSTRALIA AND NEW ZEALAND,Beef Trim,65,0-15 Days,East Coast,,,USD/cwt,FOB/TIS,https://esmis.nal.usda.gov/sites/default/release-files/c821gj77m/zp38xj29p/9w0337420/NW_LS421.TXT
2022-06-17,URUGUAY,Beef Trim,85,0-15 Days,,,,USD/cwt,FOB/TIS,https://esmis.nal.usda.gov/sites/default/release-files/c821gj77m/zp38xj29p/9w0337420/NW_LS421.TXT
2022-06-17,URUGUAY,Beef Trim,80,0-15 Days,,,,USD/cwt,FOB/TIS,https://esmis.nal.usda.gov/sites/default/release-files/c821gj77m/zp38xj29p/9w0337420/NW_LS421.TXT
2022-06-17,URUGUAY,Beef Trim,75,0-15 Days,,,,USD/cwt,FOB/TIS,https://esmis.nal.usda.gov/sites/default/release-files/c821gj77m/zp38xj29p/9w0337420/NW_LS421.TXT
2022-06-22,AUSTRALIA AND NEW ZEALAND,Beef Trim,85,0-15 Days,East Coast,268.00,270.00,USD/cwt,FOB/TIS,https://esmis.nal.usda.gov/sites/default/release-files/c821gj77m/p5548z73s/8336j7633/NW_LS421.TXT
2022-06-22,AUSTRALIA AND NEW ZEALAND,Beef Trim,80,0-15 Days,East Coast,,,USD/cwt,FOB/TIS,https://esmis.nal.usda.gov/sites/default/release-files/c821gj77m/p5548z73s/8336j7633/NW_LS421.TXT
2022-06-22,AUSTRALIA AND NEW ZEALAND,Beef Trim,75,0-15 Days,East Coast,,,USD/cwt,FOB/TIS,https://esmis.nal.usda.gov/sites/default/release-files/c821gj77m/p5548z73s/8336j7633/NW_LS421.TXT
2022-06-22,AUSTRALIA AND NEW ZEALAND,Beef Trim,70,0-15 Days,East Coast,,,USD/cwt,FOB/TIS,https://esmis.nal.usda.gov/sites/default/release-files/c821gj77m/p5548z73s/8336j7633/NW_LS421.TXT
2022-06-22,AUSTRALIA AND NEW ZEALAND,Beef Trim,65,0-15 Days,East Coast,,,USD/cwt,FOB/TIS,https://esmis.nal.usda.gov/sites/default/release-files/c821gj77m/p5548z73s/8336j7633/NW_LS421.TXT
2022-06-22,URUGUAY,Beef Trim,85,0-15 Days,,,,USD/cwt,FOB/TIS,https://esmis.nal.usda.gov/sites/default/release-files/c821gj77m/p5548z73s/8336j7633/NW_LS421.TXT
2022-06-22,URUGUAY,Beef Trim,80,0-15 Days,,,,USD/cwt,FOB/TIS,https://esmis.nal.usda.gov/sites/default/release-files/c821gj77m/p5548z73s/8336j7633/NW_LS421.TXT
2022-06-22,URUGUAY,Beef Trim,75,0-15 Days,,,,USD/cwt,FOB/TIS,https://esmis.nal.usda.gov/sites/default/release-files/c821gj77m/p5548z73s/8336j7633/NW_LS421.TXT
2022-06-24,AUSTRALIA AND NEW ZEALAND,Beef Trim,85,0-15 Days,East Coast,268.00,270.00,USD/cwt,FOB/TIS,https://esmis.nal.usda.gov/sites/default/release-files/c821gj77m/4m90g218k/gb19gc384/NW_LS421.TXT
2022-06-24,AUSTRALIA AND NEW ZEALAND,Beef Trim,80,0-15 Days,East Coast,,,USD/cwt,FOB/TIS,https://esmis.nal.usda.gov/sites/default/release-files/c821gj77m/4m90g218k/gb19gc384/NW_LS421.TXT
2022-06-24,AUSTRALIA AND NEW ZEALAND,Beef Trim,75,0-15 Days,East Coast,,,USD/cwt,FOB/TIS,https://esmis.nal.usda.gov/sites/default/release-files/c821gj77m/4m90g218k/gb19gc384/NW_LS421.TXT
2022-06-24,AUSTRALIA AND NEW ZEALAND,Beef Trim,70,0-15 Days,East Coast,,,USD/cwt,FOB/TIS,https://esmis.nal.usda.gov/sites/default/release-files/c821gj77m/4m90g218k/gb19gc384/NW_LS421.TXT
2022-06-24,AUSTRALIA AND NEW ZEALAND,Beef Trim,65,0-15 Days,East Coast,,,USD/cwt,FOB/TIS,https://esmis.nal.usda.gov/sites/default/release-files/c821gj77m/4m90g218k/gb19gc384/NW_LS421.TXT
2022-06-24,URUGUAY,Beef Trim,85,0-15 Days,,,,USD/cwt,FOB/TIS,https://esmis.nal.usda.gov/sites/default/release-files/c821gj77m/4m90g218k/gb19gc384/NW_LS421.TXT
2022-06-24,URUGUAY,Beef Trim,80,0-15 Days,,,,USD/cwt,FOB/TIS,https://esmis.nal.usda.gov/sites/default/release-files/c821gj77m/4m90g218k/gb19gc384/NW_LS421.TXT
2022-06-24,URUGUAY,Beef Trim,75,0-15 Days,,,,USD/cwt,FOB/TIS,https://esmis.nal.usda.gov/sites/default/release-files/c821gj77m/4m90g218k/gb19gc384/NW_LS421.TXT
2022-06-29,AUSTRALIA AND NEW ZEALAND,Beef Trim,85,0-15 Days,East Coast,,,USD/cwt,FOB/TIS,https://esmis.nal.usda.gov/sites/default/release-files/c821gj77m/qn59r950n/2227nw621/NW_LS421.TXT
2022-06-29,AUSTRALIA AND NEW ZEALAND,Beef Trim,80,0-15 Days,East Coast,,,USD/cwt,FOB/TIS,https://esmis.nal.usda.gov/sites/default/release-files/c821gj77m/qn59r950n/2227nw621/NW_LS421.TXT
2022-06-29,AUSTRALIA AND NEW ZEALAND,Beef Trim,75,0-15 Days,East Coast,,,USD/cwt,FOB/TIS,https://esmis.nal.usda.gov/sites/default/release-files/c821gj77m/qn59r950n/2227nw621/NW_LS421.TXT
2022-06-29,AUSTRALIA AND NEW ZEALAND,Beef Trim,70,0-15 Days,East Coast,,,USD/cwt,FOB/TIS,https://esmis.nal.usda.gov/sites/default/release-files/c821gj77m/qn59r950n/2227nw621/NW_LS421.TXT
2022-06-29,AUSTRALIA AND NEW ZEALAND,Beef Trim,65,0-15 Days,East Coast,,,USD/cwt,FOB/TIS,https://esmis.nal.usda.gov/sites/default/release-files/c821gj77m/qn59r950n/2227nw621/NW_LS421.TXT
2022-06-29,URUGUAY,Beef Trim,85,0-15 Days,,,,USD/cwt,FOB/TIS,https://esmis.nal.usda.gov/sites/default/release-files/c821gj77m/qn59r950n/2227nw621/NW_LS421.TXT
2022-06-29,URUGUAY,Beef Trim,80,0-15 Days,,,,USD/cwt,FOB/TIS,https://esmis.nal.usda.gov/sites/default/release-files/c821gj77m/qn59r950n/2227nw621/NW_LS421.TXT
2022-06-29,URUGUAY,Beef Trim,75,0-15 Days,,,,USD/cwt,FOB/TIS,https://esmis.nal.usda.gov/sites/default/release-files/c821gj77m/qn59r950n/2227nw621/NW_LS421.TXT
2022-07-01,AUSTRALIA AND NEW ZEALAND,Beef Trim,85,0-15 Days,East Coast,,,USD/cwt,FOB/TIS,https://esmis.nal.usda.gov/sites/default/release-files/c821gj77m/tq57px853/zw130c45w/NW_LS421.TXT
2022-07-01,AUSTRALIA AND NEW ZEALAND,Beef Trim,80,0-15 Days,East Coast,,,USD/cwt,FOB/TIS,https://esmis.nal.usda.gov/sites/default/release-files/c821gj77m/tq57px853/zw130c45w/NW_LS421.TXT
2022-07-01,AUSTRALIA AND NEW ZEALAND,Beef Trim,75,0-15 Days,East Coast,,,USD/cwt,FOB/TIS,https://esmis.nal.usda.gov/sites/default/release-files/c821gj77m/tq57px853/zw130c45w/NW_LS421.TXT
2022-07-01,AUSTRALIA AND NEW ZEALAND,Beef Trim,70,0-15 Days,East Coast,,,USD/cwt,FOB/TIS,https://esmis.nal.usda.gov/sites/default/release-files/c821gj77m/tq57px853/zw130c45w/NW_LS421.TXT
2022-07-01,AUSTRALIA AND NEW ZEALAND,Beef Trim,65,0-15 Days,East Coast,,,USD/cwt,FOB/TIS,https://esmis.nal.usda.gov/sites/default/release-files/c821gj77m/tq57px853/zw130c45w/NW_LS421.TXT
2022-07-01,URUGUAY,Beef Trim,85,0-15 Days,,,,USD/cwt,FOB/TIS,https://esmis.nal.usda.gov/sites/default/release-files/c821gj77m/tq57px853/zw130c45w/NW_LS421.TXT
2022-07-01,URUGUAY,Beef Trim,80,0-15 Days,,,,USD/cwt,FOB/TIS,https://esmis.nal.usda.gov/sites/default/release-files/c821gj77m/tq57px853/zw130c45w/NW_LS421.TXT
2022-07-01,URUGUAY,Beef Trim,75,0-15 Days,,,,USD/cwt,FOB/TIS,https://esmis.nal.usda.gov/sites/default/release-files/c821gj77m/tq57px853/zw130c45w/NW_LS421.TXT
2022-07-06,AUSTRALIA AND NEW ZEALAND,Beef Trim,85,0-15 Days,East Coast,266.00,266.00,USD/cwt,FOB/TIS,https://esmis.nal.usda.gov/sites/default/release-files/c821gj77m/pg15cm444/zk51wp93d/NW_LS421.TXT
2022-07-06,AUSTRALIA AND NEW ZEALAND,Beef Trim,80,0-15 Days,East Coast,,,USD/cwt,FOB/TIS,https://esmis.nal.usda.gov/sites/default/release-files/c821gj77m/pg15cm444/zk51wp93d/NW_LS421.TXT
2022-07-06,AUSTRALIA AND NEW ZEALAND,Beef Trim,75,0-15 Days,East Coast,,,USD/cwt,FOB/TIS,https://esmis.nal.usda.gov/sites/default/release-files/c821gj77m/pg15cm444/zk51wp93d/NW_LS421.TXT
2022-07-06,AUSTRALIA AND NEW ZEALAND,Beef Trim,70,0-15 Days,East Coast,,,USD/cwt,FOB/TIS,https://esmis.nal.usda.gov/sites/default/release-files/c821gj77m/pg15cm444/zk51wp93d/NW_LS421.TXT
2022-07-06,AUSTRALIA AND NEW ZEALAND,Beef Trim,65,0-15 Days,East Coast,,,USD/cwt,FOB/TIS,https://esmis.nal.usda.gov/sites/default/release-files/c821gj77m/pg15cm444/zk51wp93d/NW_LS421.TXT
2022-07-06,URUGUAY,Beef Trim,85,0-15 Days,,,,USD/cwt,FOB/TIS,https://esmis.nal.usda.gov/sites/default/release-files/c821gj77m/pg15cm444/zk51wp93d/NW_LS421.TXT
2022-07-06,URUGUAY,Beef Trim,80,0-15 Days,,,,USD/cwt,FOB/TIS,https://esmis.nal.usda.gov/sites/default/release-files/c821gj77m/pg15cm444/zk51wp93d/NW_LS421.TXT
2022-07-06,URUGUAY,Beef Trim,75,0-15 Days,,,,USD/cwt,FOB/TIS,https://esmis.nal.usda.gov/sites/default/release-files/c821gj77m/pg15cm444/zk51wp93d/NW_LS421.TXT
2022-07-08,AUSTRALIA AND NEW ZEALAND,Beef Trim,85,0-15 Days,East Coast,266.00,266.00,USD/cwt,FOB/TIS,https://esmis.nal.usda.gov/sites/default/release-files/c821gj77m/pz50j305w/w0893j33b/NW_LS421.TXT
2022-07-08,AUSTRALIA AND NEW ZEALAND,Beef Trim,80,0-15 Days,East Coast,,,USD/cwt,FOB/TIS,https://esmis.nal.usda.gov/sites/default/release-files/c821gj77m/pz50j305w/w0893j33b/NW_LS421.TXT
2022-07-08,AUSTRALIA AND NEW ZEALAND,Beef Trim,75,0-15 Days,East Coast,,,USD/cwt,FOB/TIS,https://esmis.nal.usda.gov/sites/default/release-files/c821gj77m/pz50j305w/w0893j33b/NW_LS421.TXT
2022-07-08,AUSTRALIA AND NEW ZEALAND,Beef Trim,70,0-15 Days,East Coast,,,USD/cwt,FOB/TIS,https://esmis.nal.usda.gov/sites/default/release-files/c821gj77m/pz50j305w/w0893j33b/NW_LS421.TXT
2022-07-08,AUSTRALIA AND NEW ZEALAND,Beef Trim,65,0-15 Days,East Coast,,,USD/cwt,FOB/TIS,https://esmis.nal.usda.gov/sites/default/release-files/c821gj77m/pz50j305w/w0893j33b/NW_LS421.TXT
2022-07-08,URUGUAY,Beef Trim,85,0-15 Days,,,,USD/cwt,FOB/TIS,https://esmis.nal.usda.gov/sites/default/release-files/c821gj77m/pz50j305w/w0893j33b/NW_LS421.TXT
2022-07-08,URUGUAY,Beef Trim,80,0-15 Days,,,,USD/cwt,FOB/TIS,https://esmis.nal.usda.gov/sites/default/release-files/c821gj77m/pz50j305w/w0893j33b/NW_LS421.TXT
2022-07-08,URUGUAY,Beef Trim,75,0-15 Days,,,,USD/cwt,FOB/TIS,https://esmis.nal.usda.gov/sites/default/release-files/c821gj77m/pz50j305w/w0893j33b/NW_LS421.TXT
2022-07-13,AUSTRALIA AND NEW ZEALAND,Beef Trim,85,0-15 Days,East Coast,265.00,266.00,USD/cwt,FOB/TIS,https://esmis.nal.usda.gov/sites/default/release-files/c821gj77m/5138kn88n/3r076256w/NW_LS421.TXT
2022-07-13,AUSTRALIA AND NEW ZEALAND,Beef Trim,80,0-15 Days,East Coast,,,USD/cwt,FOB/TIS,https://esmis.nal.usda.gov/sites/default/release-files/c821gj77m/5138kn88n/3r076256w/NW_LS421.TXT
2022-07-13,AUSTRALIA AND NEW ZEALAND,Beef Trim,75,0-15 Days,East Coast,,,USD/cwt,FOB/TIS,https://esmis.nal.usda.gov/sites/default/release-files/c821gj77m/5138kn88n/3r076256w/NW_LS421.TXT
2022-07-13,AUSTRALIA AND NEW ZEALAND,Beef Trim,70,0-15 Days,East Coast,,,USD/cwt,FOB/TIS,https://esmis.nal.usda.gov/sites/default/release-files/c821gj77m/5138kn88n/3r076256w/NW_LS421.TXT
2022-07-13,AUSTRALIA AND NEW ZEALAND,Beef Trim,65,0-15 Days,East Coast,,,USD/cwt,FOB/TIS,https://esmis.nal.usda.gov/sites/default/release-files/c821gj77m/5138kn88n/3r076256w/NW_LS421.TXT
2022-07-13,URUGUAY,Beef Trim,85,0-15 Days,,,,USD/cwt,FOB/TIS,https://esmis.nal.usda.gov/sites/default/release-files/c821gj77m/5138kn88n/3r076256w/NW_LS421.TXT
2022-07-13,URUGUAY,Beef Trim,80,0-15 Days,,,,USD/cwt,FOB/TIS,https://esmis.nal.usda.gov/sites/default/release-files/c821gj77m/5138kn88n/3r076256w/NW_LS421.TXT
2022-07-13,URUGUAY,Beef Trim,75,0-15 Days,,,,USD/cwt,FOB/TIS,https://esmis.nal.usda.gov/sites/default/release-files/c821gj77m/5138kn88n/3r076256w/NW_LS421.TXT
2022-07-15,AUSTRALIA AND NEW ZEALAND,Beef Trim,85,0-15 Days,East Coast,265.00,266.00,USD/cwt,FOB/TIS,https://esmis.nal.usda.gov/sites/default/release-files/c821gj77m/2v23x214t/ns065d525/NW_LS421.TXT
2022-07-15,AUSTRALIA AND NEW ZEALAND,Beef Trim,80,0-15 Days,East Coast,,,USD/cwt,FOB/TIS,https://esmis.nal.usda.gov/sites/default/release-files/c821gj77m/2v23x214t/ns065d525/NW_LS421.TXT
2022-07-15,AUSTRALIA AND NEW ZEALAND,Beef Trim,75,0-15 Days,East Coast,,,USD/cwt,FOB/TIS,https://esmis.nal.usda.gov/sites/default/release-files/c821gj77m/2v23x214t/ns065d525/NW_LS421.TXT
2022-07-15,AUSTRALIA AND NEW ZEALAND,Beef Trim,70,0-15 Days,East Coast,,,USD/cwt,FOB/TIS,https://esmis.nal.usda.gov/sites/default/release-files/c821gj77m/2v23x214t/ns065d525/NW_LS421.TXT
2022-07-15,AUSTRALIA AND NEW ZEALAND,Beef Trim,65,0-15 Days,East Coast,,,USD/cwt,FOB/TIS,https://esmis.nal.usda.gov/sites/default/release-files/c821gj77m/2v23x214t/ns065d525/NW_LS421.TXT
2022-07-15,URUGUAY,Beef Trim,85,0-15 Days,,,,USD/cwt,FOB/TIS,https://esmis.nal.usda.gov/sites/default/release-files/c821gj77m/2v23x214t/ns065d525/NW_LS421.TXT
2022-07-15,URUGUAY,Beef Trim,80,0-15 Days,,,,USD/cwt,FOB/TIS,https://esmis.nal.usda.gov/sites/default/release-files/c821gj77m/2v23x214t/ns065d525/NW_LS421.TXT
2022-07-15,URUGUAY,Beef Trim,75,0-15 Days,,,,USD/cwt,FOB/TIS,https://esmis.nal.usda.gov/sites/default/release-files/c821gj77m/2v23x214t/ns065d525/NW_LS421.TXT
2022-07-20,AUSTRALIA AND NEW ZEALAND,Beef Trim,85,0-15 Days,East Coast,260.00,260.00,USD/cwt,FOB/TIS,https://esmis.nal.usda.gov/sites/default/release-files/c821gj77m/q524kw20m/j9603787m/NW_LS421.TXT
2022-07-20,AUSTRALIA AND NEW ZEALAND,Beef Trim,80,0-15 Days,East Coast,,,USD/cwt,FOB/TIS,https://esmis.nal.usda.gov/sites/default/release-files/c821gj77m/q524kw20m/j9603787m/NW_LS421.TXT
2022-07-20,AUSTRALIA AND NEW ZEALAND,Beef Trim,75,0-15 Days,East Coast,,,USD/cwt,FOB/TIS,https://esmis.nal.usda.gov/sites/default/release-files/c821gj77m/q524kw20m/j9603787m/NW_LS421.TXT
2022-07-20,AUSTRALIA AND NEW ZEALAND,Beef Trim,70,0-15 Days,East Coast,,,USD/cwt,FOB/TIS,https://esmis.nal.usda.gov/sites/default/release-files/c821gj77m/q524kw20m/j9603787m/NW_LS421.TXT
2022-07-20,AUSTRALIA AND NEW ZEALAND,Beef Trim,65,0-15 Days,East Coast,,,USD/cwt,FOB/TIS,https://esmis.nal.usda.gov/sites/default/release-files/c821gj77m/q524kw20m/j9603787m/NW_LS421.TXT
2022-07-20,URUGUAY,Beef Trim,85,0-15 Days,,,,USD/cwt,FOB/TIS,https://esmis.nal.usda.gov/sites/default/release-files/c821gj77m/q524kw20m/j9603787m/NW_LS421.TXT
2022-07-20,URUGUAY,Beef Trim,80,0-15 Days,,,,USD/cwt,FOB/TIS,https://esmis.nal.usda.gov/sites/default/release-files/c821gj77m/q524kw20m/j9603787m/NW_LS421.TXT
2022-07-20,URUGUAY,Beef Trim,75,0-15 Days,,,,USD/cwt,FOB/TIS,https://esmis.nal.usda.gov/sites/default/release-files/c821gj77m/q524kw20m/j9603787m/NW_LS421.TXT
2022-07-22,AUSTRALIA AND NEW ZEALAND,Beef Trim,85,0-15 Days,East Coast,260.00,260.00,USD/cwt,FOB/TIS,https://esmis.nal.usda.gov/sites/default/release-files/c821gj77m/mk61sr16z/6108wj70v/NW_LS421.TXT
2022-07-22,AUSTRALIA AND NEW ZEALAND,Beef Trim,80,0-15 Days,East Coast,,,USD/cwt,FOB/TIS,https://esmis.nal.usda.gov/sites/default/release-files/c821gj77m/mk61sr16z/6108wj70v/NW_LS421.TXT
2022-07-22,AUSTRALIA AND NEW ZEALAND,Beef Trim,75,0-15 Days,East Coast,,,USD/cwt,FOB/TIS,https://esmis.nal.usda.gov/sites/default/release-files/c821gj77m/mk61sr16z/6108wj70v/NW_LS421.TXT
2022-07-22,AUSTRALIA AND NEW ZEALAND,Beef Trim,70,0-15 Days,East Coast,,,USD/cwt,FOB/TIS,https://esmis.nal.usda.gov/sites/default/release-files/c821gj77m/mk61sr16z/6108wj70v/NW_LS421.TXT
2022-07-22,AUSTRALIA AND NEW ZEALAND,Beef Trim,65,0-15 Days,East Coast,,,USD/cwt,FOB/TIS,https://esmis.nal.usda.gov/sites/default/release-files/c821gj77m/mk61sr16z/6108wj70v/NW_LS421.TXT
2022-07-22,URUGUAY,Beef Trim,85,0-15 Days,,,,USD/cwt,FOB/TIS,https://esmis.nal.usda.gov/sites/default/release-files/c821gj77m/mk61sr16z/6108wj70v/NW_LS421.TXT
2022-07-22,URUGUAY,Beef Trim,80,0-15 Days,,,,USD/cwt,FOB/TIS,https://esmis.nal.usda.gov/sites/default/release-files/c821gj77m/mk61sr16z/6108wj70v/NW_LS421.TXT
2022-07-22,URUGUAY,Beef Trim,75,0-15 Days,,,,USD/cwt,FOB/TIS,https://esmis.nal.usda.gov/sites/default/release-files/c821gj77m/mk61sr16z/6108wj70v/NW_LS421.TXT
2022-07-27,AUSTRALIA AND NEW ZEALAND,Beef Trim,85,0-15 Days,East Coast,,,USD/cwt,FOB/TIS,https://esmis.nal.usda.gov/sites/default/release-files/c821gj77m/k930d432p/dz011w98d/NW_LS421.TXT
2022-07-27,AUSTRALIA AND NEW ZEALAND,Beef Trim,80,0-15 Days,East Coast,,,USD/cwt,FOB/TIS,https://esmis.nal.usda.gov/sites/default/release-files/c821gj77m/k930d432p/dz011w98d/NW_LS421.TXT
2022-07-27,AUSTRALIA AND NEW ZEALAND,Beef Trim,75,0-15 Days,East Coast,,,USD/cwt,FOB/TIS,https://esmis.nal.usda.gov/sites/default/release-files/c821gj77m/k930d432p/dz011w98d/NW_LS421.TXT
2022-07-27,AUSTRALIA AND NEW ZEALAND,Beef Trim,70,0-15 Days,East Coast,,,USD/cwt,FOB/TIS,https://esmis.nal.usda.gov/sites/default/release-files/c821gj77m/k930d432p/dz011w98d/NW_LS421.TXT
2022-07-27,AUSTRALIA AND NEW ZEALAND,Beef Trim,65,0-15 Days,East Coast,,,USD/cwt,FOB/TIS,https://esmis.nal.usda.gov/sites/default/release-files/c821gj77m/k930d432p/dz011w98d/NW_LS421.TXT
2022-07-27,URUGUAY,Beef Trim,85,0-15 Days,,,,USD/cwt,FOB/TIS,https://esmis.nal.usda.gov/sites/default/release-files/c821gj77m/k930d432p/dz011w98d/NW_LS421.TXT
2022-07-27,URUGUAY,Beef Trim,80,0-15 Days,,,,USD/cwt,FOB/TIS,https://esmis.nal.usda.gov/sites/default/release-files/c821gj77m/k930d432p/dz011w98d/NW_LS421.TXT
2022-07-27,URUGUAY,Beef Trim,75,0-15 Days,,,,USD/cwt,FOB/TIS,https://esmis.nal.usda.gov/sites/default/release-files/c821gj77m/k930d432p/dz011w98d/NW_LS421.TXT
2022-07-29,AUSTRALIA AND NEW ZEALAND,Beef Trim,85,0-15 Days,East Coast,,,USD/cwt,FOB/TIS,https://esmis.nal.usda.gov/sites/default/release-files/c821gj77m/vq280v30h/xk81ks62r/NW_LS421.TXT
2022-07-29,AUSTRALIA AND NEW ZEALAND,Beef Trim,80,0-15 Days,East Coast,,,USD/cwt,FOB/TIS,https://esmis.nal.usda.gov/sites/default/release-files/c821gj77m/vq280v30h/xk81ks62r/NW_LS421.TXT
2022-07-29,AUSTRALIA AND NEW ZEALAND,Beef Trim,75,0-15 Days,East Coast,,,USD/cwt,FOB/TIS,https://esmis.nal.usda.gov/sites/default/release-files/c821gj77m/vq280v30h/xk81ks62r/NW_LS421.TXT
2022-07-29,AUSTRALIA AND NEW ZEALAND,Beef Trim,70,0-15 Days,East Coast,,,USD/cwt,FOB/TIS,https://esmis.nal.usda.gov/sites/default/release-files/c821gj77m/vq280v30h/xk81ks62r/NW_LS421.TXT
2022-07-29,AUSTRALIA AND NEW ZEALAND,Beef Trim,65,0-15 Days,East Coast,,,USD/cwt,FOB/TIS,https://esmis.nal.usda.gov/sites/default/release-files/c821gj77m/vq280v30h/xk81ks62r/NW_LS421.TXT
2022-07-29,URUGUAY,Beef Trim,85,0-15 Days,,,,USD/cwt,FOB/TIS,https://esmis.nal.usda.gov/sites/default/release-files/c821gj77m/vq280v30h/xk81ks62r/NW_LS421.TXT
2022-07-29,URUGUAY,Beef Trim,80,0-15 Days,,,,USD/cwt,FOB/TIS,https://esmis.nal.usda.gov/sites/default/release-files/c821gj77m/vq280v30h/xk81ks62r/NW_LS421.TXT
2022-07-29,URUGUAY,Beef Trim,75,0-15 Days,,,,USD/cwt,FOB/TIS,https://esmis.nal.usda.gov/sites/default/release-files/c821gj77m/vq280v30h/xk81ks62r/NW_LS421.TXT
2022-08-03,AUSTRALIA AND NEW ZEALAND,Beef Trim,85,0-15 Days,East Coast,259.00,260.00,USD/cwt,FOB/TIS,https://esmis.nal.usda.gov/sites/default/release-files/c821gj77m/79409502d/v979w935w/NW_LS421.TXT
2022-08-03,AUSTRALIA AND NEW ZEALAND,Beef Trim,80,0-15 Days,East Coast,,,USD/cwt,FOB/TIS,https://esmis.nal.usda.gov/sites/default/release-files/c821gj77m/79409502d/v979w935w/NW_LS421.TXT
2022-08-03,AUSTRALIA AND NEW ZEALAND,Beef Trim,75,0-15 Days,East Coast,,,USD/cwt,FOB/TIS,https://esmis.nal.usda.gov/sites/default/release-files/c821gj77m/79409502d/v979w935w/NW_LS421.TXT
2022-08-03,AUSTRALIA AND NEW ZEALAND,Beef Trim,70,0-15 Days,East Coast,,,USD/cwt,FOB/TIS,https://esmis.nal.usda.gov/sites/default/release-files/c821gj77m/79409502d/v979w935w/NW_LS421.TXT
2022-08-03,AUSTRALIA AND NEW ZEALAND,Beef Trim,65,0-15 Days,East Coast,,,USD/cwt,FOB/TIS,https://esmis.nal.usda.gov/sites/default/release-files/c821gj77m/79409502d/v979w935w/NW_LS421.TXT
2022-08-03,URUGUAY,Beef Trim,85,0-15 Days,,,,USD/cwt,FOB/TIS,https://esmis.nal.usda.gov/sites/default/release-files/c821gj77m/79409502d/v979w935w/NW_LS421.TXT
2022-08-03,URUGUAY,Beef Trim,80,0-15 Days,,,,USD/cwt,FOB/TIS,https://esmis.nal.usda.gov/sites/default/release-files/c821gj77m/79409502d/v979w935w/NW_LS421.TXT
2022-08-03,URUGUAY,Beef Trim,75,0-15 Days,,,,USD/cwt,FOB/TIS,https://esmis.nal.usda.gov/sites/default/release-files/c821gj77m/79409502d/v979w935w/NW_LS421.TXT
2022-08-05,AUSTRALIA AND NEW ZEALAND,Beef Trim,85,0-15 Days,East Coast,259.00,260.00,USD/cwt,FOB/TIS,https://esmis.nal.usda.gov/sites/default/release-files/c821gj77m/xp68mq60x/2v23x258w/NW_LS421.TXT
2022-08-05,AUSTRALIA AND NEW ZEALAND,Beef Trim,80,0-15 Days,East Coast,,,USD/cwt,FOB/TIS,https://esmis.nal.usda.gov/sites/default/release-files/c821gj77m/xp68mq60x/2v23x258w/NW_LS421.TXT
2022-08-05,AUSTRALIA AND NEW ZEALAND,Beef Trim,75,0-15 Days,East Coast,,,USD/cwt,FOB/TIS,https://esmis.nal.usda.gov/sites/default/release-files/c821gj77m/xp68mq60x/2v23x258w/NW_LS421.TXT
2022-08-05,AUSTRALIA AND NEW ZEALAND,Beef Trim,70,0-15 Days,East Coast,,,USD/cwt,FOB/TIS,https://esmis.nal.usda.gov/sites/default/release-files/c821gj77m/xp68mq60x/2v23x258w/NW_LS421.TXT
2022-08-05,AUSTRALIA AND NEW ZEALAND,Beef Trim,65,0-15 Days,East Coast,,,USD/cwt,FOB/TIS,https://esmis.nal.usda.gov/sites/default/release-files/c821gj77m/xp68mq60x/2v23x258w/NW_LS421.TXT
2022-08-05,URUGUAY,Beef Trim,85,0-15 Days,,,,USD/cwt,FOB/TIS,https://esmis.nal.usda.gov/sites/default/release-files/c821gj77m/xp68mq60x/2v23x258w/NW_LS421.TXT
2022-08-05,URUGUAY,Beef Trim,80,0-15 Days,,,,USD/cwt,FOB/TIS,https://esmis.nal.usda.gov/sites/default/release-files/c821gj77m/xp68mq60x/2v23x258w/NW_LS421.TXT
2022-08-05,URUGUAY,Beef Trim,75,0-15 Days,,,,USD/cwt,FOB/TIS,https://esmis.nal.usda.gov/sites/default/release-files/c821gj77m/xp68mq60x/2v23x258w/NW_LS421.TXT
2022-08-10,AUSTRALIA AND NEW ZEALAND,Beef Trim,85,0-15 Days,East Coast,,,USD/cwt,FOB/TIS,https://esmis.nal.usda.gov/sites/default/release-files/c821gj77m/r781xq67k/t435hk67k/NW_LS421.TXT
2022-08-10,AUSTRALIA AND NEW ZEALAND,Beef Trim,80,0-15 Days,East Coast,,,USD/cwt,FOB/TIS,https://esmis.nal.usda.gov/sites/default/release-files/c821gj77m/r781xq67k/t435hk67k/NW_LS421.TXT
2022-08-10,AUSTRALIA AND NEW ZEALAND,Beef Trim,75,0-15 Days,East Coast,,,USD/cwt,FOB/TIS,https://esmis.nal.usda.gov/sites/default/release-files/c821gj77m/r781xq67k/t435hk67k/NW_LS421.TXT
2022-08-10,AUSTRALIA AND NEW ZEALAND,Beef Trim,70,0-15 Days,East Coast,,,USD/cwt,FOB/TIS,https://esmis.nal.usda.gov/sites/default/release-files/c821gj77m/r781xq67k/t435hk67k/NW_LS421.TXT
2022-08-10,AUSTRALIA AND NEW ZEALAND,Beef Trim,65,0-15 Days,East Coast,,,USD/cwt,FOB/TIS,https://esmis.nal.usda.gov/sites/default/release-files/c821gj77m/r781xq67k/t435hk67k/NW_LS421.TXT
2022-08-10,URUGUAY,Beef Trim,85,0-15 Days,,,,USD/cwt,FOB/TIS,https://esmis.nal.usda.gov/sites/default/release-files/c821gj77m/r781xq67k/t435hk67k/NW_LS421.TXT
2022-08-10,URUGUAY,Beef Trim,80,0-15 Days,,,,USD/cwt,FOB/TIS,https://esmis.nal.usda.gov/sites/default/release-files/c821gj77m/r781xq67k/t435hk67k/NW_LS421.TXT
2022-08-10,URUGUAY,Beef Trim,75,0-15 Days,,,,USD/cwt,FOB/TIS,https://esmis.nal.usda.gov/sites/default/release-files/c821gj77m/r781xq67k/t435hk67k/NW_LS421.TXT
2022-08-12,AUSTRALIA AND NEW ZEALAND,Beef Trim,85,0-15 Days,East Coast,258.00,260.00,USD/cwt,FOB/TIS,https://esmis.nal.usda.gov/sites/default/release-files/c821gj77m/6t054q45x/4b29cf324/NW_LS421.TXT
2022-08-12,AUSTRALIA AND NEW ZEALAND,Beef Trim,80,0-15 Days,East Coast,,,USD/cwt,FOB/TIS,https://esmis.nal.usda.gov/sites/default/release-files/c821gj77m/6t054q45x/4b29cf324/NW_LS421.TXT
2022-08-12,AUSTRALIA AND NEW ZEALAND,Beef Trim,75,0-15 Days,East Coast,,,USD/cwt,FOB/TIS,https://esmis.nal.usda.gov/sites/default/release-files/c821gj77m/6t054q45x/4b29cf324/NW_LS421.TXT
2022-08-12,AUSTRALIA AND NEW ZEALAND,Beef Trim,70,0-15 Days,East Coast,,,USD/cwt,FOB/TIS,https://esmis.nal.usda.gov/sites/default/release-files/c821gj77m/6t054q45x/4b29cf324/NW_LS421.TXT
2022-08-12,AUSTRALIA AND NEW ZEALAND,Beef Trim,65,0-15 Days,East Coast,,,USD/cwt,FOB/TIS,https://esmis.nal.usda.gov/sites/default/release-files/c821gj77m/6t054q45x/4b29cf324/NW_LS421.TXT
2022-08-12,URUGUAY,Beef Trim,85,0-15 Days,,,,USD/cwt,FOB/TIS,https://esmis.nal.usda.gov/sites/default/release-files/c821gj77m/6t054q45x/4b29cf324/NW_LS421.TXT
2022-08-12,URUGUAY,Beef Trim,80,0-15 Days,,,,USD/cwt,FOB/TIS,https://esmis.nal.usda.gov/sites/default/release-files/c821gj77m/6t054q45x/4b29cf324/NW_LS421.TXT
2022-08-12,URUGUAY,Beef Trim,75,0-15 Days,,,,USD/cwt,FOB/TIS,https://esmis.nal.usda.gov/sites/default/release-files/c821gj77m/6t054q45x/4b29cf324/NW_LS421.TXT
2022-08-17,AUSTRALIA AND NEW ZEALAND,Beef Trim,85,0-15 Days,East Coast,258.00,260.00,USD/cwt,FOB/TIS,https://esmis.nal.usda.gov/sites/default/release-files/c821gj77m/9g54zr206/jw828m26p/NW_LS421.TXT
2022-08-17,AUSTRALIA AND NEW ZEALAND,Beef Trim,80,0-15 Days,East Coast,256.00,256.00,USD/cwt,FOB/TIS,https://esmis.nal.usda.gov/sites/default/release-files/c821gj77m/9g54zr206/jw828m26p/NW_LS421.TXT
2022-08-17,AUSTRALIA AND NEW ZEALAND,Beef Trim,75,0-15 Days,East Coast,,,USD/cwt,FOB/TIS,https://esmis.nal.usda.gov/sites/default/release-files/c821gj77m/9g54zr206/jw828m26p/NW_LS421.TXT
2022-08-17,AUSTRALIA AND NEW ZEALAND,Beef Trim,70,0-15 Days,East Coast,,,USD/cwt,FOB/TIS,https://esmis.nal.usda.gov/sites/default/release-files/c821gj77m/9g54zr206/jw828m26p/NW_LS421.TXT
2022-08-17,AUSTRALIA AND NEW ZEALAND,Beef Trim,65,0-15 Days,East Coast,,,USD/cwt,FOB/TIS,https://esmis.nal.usda.gov/sites/default/release-files/c821gj77m/9g54zr206/jw828m26p/NW_LS421.TXT
2022-08-17,URUGUAY,Beef Trim,85,0-15 Days,,,,USD/cwt,FOB/TIS,https://esmis.nal.usda.gov/sites/default/release-files/c821gj77m/9g54zr206/jw828m26p/NW_LS421.TXT
2022-08-17,URUGUAY,Beef Trim,80,0-15 Days,,,,USD/cwt,FOB/TIS,https://esmis.nal.usda.gov/sites/default/release-files/c821gj77m/9g54zr206/jw828m26p/NW_LS421.TXT
2022-08-17,URUGUAY,Beef Trim,75,0-15 Days,,,,USD/cwt,FOB/TIS,https://esmis.nal.usda.gov/sites/default/release-files/c821gj77m/9g54zr206/jw828m26p/NW_LS421.TXT
2022-08-19,AUSTRALIA AND NEW ZEALAND,Beef Trim,85,0-15 Days,East Coast,258.00,260.00,USD/cwt,FOB/TIS,https://esmis.nal.usda.gov/sites/default/release-files/c821gj77m/8623k6064/tx31rs230/NW_LS421.TXT
2022-08-19,AUSTRALIA AND NEW ZEALAND,Beef Trim,80,0-15 Days,East Coast,256.00,256.00,USD/cwt,FOB/TIS,https://esmis.nal.usda.gov/sites/default/release-files/c821gj77m/8623k6064/tx31rs230/NW_LS421.TXT
2022-08-19,AUSTRALIA AND NEW ZEALAND,Beef Trim,75,0-15 Days,East Coast,,,USD/cwt,FOB/TIS,https://esmis.nal.usda.gov/sites/default/release-files/c821gj77m/8623k6064/tx31rs230/NW_LS421.TXT
2022-08-19,AUSTRALIA AND NEW ZEALAND,Beef Trim,70,0-15 Days,East Coast,,,USD/cwt,FOB/TIS,https://esmis.nal.usda.gov/sites/default/release-files/c821gj77m/8623k6064/tx31rs230/NW_LS421.TXT
2022-08-19,AUSTRALIA AND NEW ZEALAND,Beef Trim,65,0-15 Days,East Coast,,,USD/cwt,FOB/TIS,https://esmis.nal.usda.gov/sites/default/release-files/c821gj77m/8623k6064/tx31rs230/NW_LS421.TXT
2022-08-19,URUGUAY,Beef Trim,85,0-15 Days,,,,USD/cwt,FOB/TIS,https://esmis.nal.usda.gov/sites/default/release-files/c821gj77m/8623k6064/tx31rs230/NW_LS421.TXT
2022-08-19,URUGUAY,Beef Trim,80,0-15 Days,,,,USD/cwt,FOB/TIS,https://esmis.nal.usda.gov/sites/default/release-files/c821gj77m/8623k6064/tx31rs230/NW_LS421.TXT
2022-08-19,URUGUAY,Beef Trim,75,0-15 Days,,,,USD/cwt,FOB/TIS,https://esmis.nal.usda.gov/sites/default/release-files/c821gj77m/8623k6064/tx31rs230/NW_LS421.TXT
2022-08-24,AUSTRALIA AND NEW ZEALAND,Beef Trim,85,0-15 Days,East Coast,258.00,260.00,USD/cwt,FOB/TIS,https://esmis.nal.usda.gov/sites/default/release-files/c821gj77m/ms35vj07r/2j62tc89w/NW_LS421.TXT
2022-08-24,AUSTRALIA AND NEW ZEALAND,Beef Trim,80,0-15 Days,East Coast,,,USD/cwt,FOB/TIS,https://esmis.nal.usda.gov/sites/default/release-files/c821gj77m/ms35vj07r/2j62tc89w/NW_LS421.TXT
2022-08-24,AUSTRALIA AND NEW ZEALAND,Beef Trim,75,0-15 Days,East Coast,,,USD/cwt,FOB/TIS,https://esmis.nal.usda.gov/sites/default/release-files/c821gj77m/ms35vj07r/2j62tc89w/NW_LS421.TXT
2022-08-24,AUSTRALIA AND NEW ZEALAND,Beef Trim,70,0-15 Days,East Coast,,,USD/cwt,FOB/TIS,https://esmis.nal.usda.gov/sites/default/release-files/c821gj77m/ms35vj07r/2j62tc89w/NW_LS421.TXT
2022-08-24,AUSTRALIA AND NEW ZEALAND,Beef Trim,65,0-15 Days,East Coast,,,USD/cwt,FOB/TIS,https://esmis.nal.usda.gov/sites/default/release-files/c821gj77m/ms35vj07r/2j62tc89w/NW_LS421.TXT
2022-08-24,URUGUAY,Beef Trim,85,0-15 Days,,,,USD/cwt,FOB/TIS,https://esmis.nal.usda.gov/sites/default/release-files/c821gj77m/ms35vj07r/2j62tc89w/NW_LS421.TXT
2022-08-24,URUGUAY,Beef Trim,80,0-15 Days,,,,USD/cwt,FOB/TIS,https://esmis.nal.usda.gov/sites/default/release-files/c821gj77m/ms35vj07r/2j62tc89w/NW_LS421.TXT
2022-08-24,URUGUAY,Beef Trim,75,0-15 Days,,,,USD/cwt,FOB/TIS,https://esmis.nal.usda.gov/sites/default/release-files/c821gj77m/ms35vj07r/2j62tc89w/NW_LS421.TXT
2022-08-26,AUSTRALIA AND NEW ZEALAND,Beef Trim,85,0-15 Days,East Coast,258.00,260.00,USD/cwt,FOB/TIS,https://esmis.nal.usda.gov/sites/default/release-files/c821gj77m/j0990m39n/jd474435c/NW_LS421.TXT
2022-08-26,AUSTRALIA AND NEW ZEALAND,Beef Trim,80,0-15 Days,East Coast,,,USD/cwt,FOB/TIS,https://esmis.nal.usda.gov/sites/default/release-files/c821gj77m/j0990m39n/jd474435c/NW_LS421.TXT
2022-08-26,AUSTRALIA AND NEW ZEALAND,Beef Trim,75,0-15 Days,East Coast,,,USD/cwt,FOB/TIS,https://esmis.nal.usda.gov/sites/default/release-files/c821gj77m/j0990m39n/jd474435c/NW_LS421.TXT
2022-08-26,AUSTRALIA AND NEW ZEALAND,Beef Trim,70,0-15 Days,East Coast,,,USD/cwt,FOB/TIS,https://esmis.nal.usda.gov/sites/default/release-files/c821gj77m/j0990m39n/jd474435c/NW_LS421.TXT
2022-08-26,AUSTRALIA AND NEW ZEALAND,Beef Trim,65,0-15 Days,East Coast,,,USD/cwt,FOB/TIS,https://esmis.nal.usda.gov/sites/default/release-files/c821gj77m/j0990m39n/jd474435c/NW_LS421.TXT
2022-08-26,URUGUAY,Beef Trim,85,0-15 Days,,,,USD/cwt,FOB/TIS,https://esmis.nal.usda.gov/sites/default/release-files/c821gj77m/j0990m39n/jd474435c/NW_LS421.TXT
2022-08-26,URUGUAY,Beef Trim,80,0-15 Days,,,,USD/cwt,FOB/TIS,https://esmis.nal.usda.gov/sites/default/release-files/c821gj77m/j0990m39n/jd474435c/NW_LS421.TXT
2022-08-26,URUGUAY,Beef Trim,75,0-15 Days,,,,USD/cwt,FOB/TIS,https://esmis.nal.usda.gov/sites/default/release-files/c821gj77m/j0990m39n/jd474435c/NW_LS421.TXT
2022-08-31,AUSTRALIA AND NEW ZEALAND,Beef Trim,85,0-15 Days,East Coast,,,USD/cwt,FOB/TIS,https://esmis.nal.usda.gov/sites/default/release-files/c821gj77m/vd66x687w/nk323n37h/NW_LS421.TXT
2022-08-31,AUSTRALIA AND NEW ZEALAND,Beef Trim,80,0-15 Days,East Coast,,,USD/cwt,FOB/TIS,https://esmis.nal.usda.gov/sites/default/release-files/c821gj77m/vd66x687w/nk323n37h/NW_LS421.TXT
2022-08-31,AUSTRALIA AND NEW ZEALAND,Beef Trim,75,0-15 Days,East Coast,,,USD/cwt,FOB/TIS,https://esmis.nal.usda.gov/sites/default/release-files/c821gj77m/vd66x687w/nk323n37h/NW_LS421.TXT
2022-08-31,AUSTRALIA AND NEW ZEALAND,Beef Trim,70,0-15 Days,East Coast,,,USD/cwt,FOB/TIS,https://esmis.nal.usda.gov/sites/default/release-files/c821gj77m/vd66x687w/nk323n37h/NW_LS421.TXT
2022-08-31,AUSTRALIA AND NEW ZEALAND,Beef Trim,65,0-15 Days,East Coast,,,USD/cwt,FOB/TIS,https://esmis.nal.usda.gov/sites/default/release-files/c821gj77m/vd66x687w/nk323n37h/NW_LS421.TXT
2022-08-31,URUGUAY,Beef Trim,85,0-15 Days,,,,USD/cwt,FOB/TIS,https://esmis.nal.usda.gov/sites/default/release-files/c821gj77m/vd66x687w/nk323n37h/NW_LS421.TXT
2022-08-31,URUGUAY,Beef Trim,80,0-15 Days,,,,USD/cwt,FOB/TIS,https://esmis.nal.usda.gov/sites/default/release-files/c821gj77m/vd66x687w/nk323n37h/NW_LS421.TXT
2022-08-31,URUGUAY,Beef Trim,75,0-15 Days,,,,USD/cwt,FOB/TIS,https://esmis.nal.usda.gov/sites/default/release-files/c821gj77m/vd66x687w/nk323n37h/NW_LS421.TXT
2022-09-02,AUSTRALIA AND NEW ZEALAND,Beef Trim,85,0-15 Days,East Coast,,,USD/cwt,FOB/TIS,https://esmis.nal.usda.gov/sites/default/release-files/c821gj77m/wd377461r/v405tj24v/NW_LS421.TXT
2022-09-02,AUSTRALIA AND NEW ZEALAND,Beef Trim,80,0-15 Days,East Coast,,,USD/cwt,FOB/TIS,https://esmis.nal.usda.gov/sites/default/release-files/c821gj77m/wd377461r/v405tj24v/NW_LS421.TXT
2022-09-02,AUSTRALIA AND NEW ZEALAND,Beef Trim,75,0-15 Days,East Coast,,,USD/cwt,FOB/TIS,https://esmis.nal.usda.gov/sites/default/release-files/c821gj77m/wd377461r/v405tj24v/NW_LS421.TXT
2022-09-02,AUSTRALIA AND NEW ZEALAND,Beef Trim,70,0-15 Days,East Coast,,,USD/cwt,FOB/TIS,https://esmis.nal.usda.gov/sites/default/release-files/c821gj77m/wd377461r/v405tj24v/NW_LS421.TXT
2022-09-02,AUSTRALIA AND NEW ZEALAND,Beef Trim,65,0-15 Days,East Coast,,,USD/cwt,FOB/TIS,https://esmis.nal.usda.gov/sites/default/release-files/c821gj77m/wd377461r/v405tj24v/NW_LS421.TXT
2022-09-02,URUGUAY,Beef Trim,85,0-15 Days,,,,USD/cwt,FOB/TIS,https://esmis.nal.usda.gov/sites/default/release-files/c821gj77m/wd377461r/v405tj24v/NW_LS421.TXT
2022-09-02,URUGUAY,Beef Trim,80,0-15 Days,,,,USD/cwt,FOB/TIS,https://esmis.nal.usda.gov/sites/default/release-files/c821gj77m/wd377461r/v405tj24v/NW_LS421.TXT
2022-09-02,URUGUAY,Beef Trim,75,0-15 Days,,,,USD/cwt,FOB/TIS,https://esmis.nal.usda.gov/sites/default/release-files/c821gj77m/wd377461r/v405tj24v/NW_LS421.TXT
2022-09-07,AUSTRALIA AND NEW ZEALAND,Beef Trim,85,0-15 Days,East Coast,,,USD/cwt,FOB/TIS,https://esmis.nal.usda.gov/sites/default/release-files/c821gj77m/db78vm99m/k643c8788/NW_LS421.TXT
2022-09-07,AUSTRALIA AND NEW ZEALAND,Beef Trim,80,0-15 Days,East Coast,,,USD/cwt,FOB/TIS,https://esmis.nal.usda.gov/sites/default/release-files/c821gj77m/db78vm99m/k643c8788/NW_LS421.TXT
2022-09-07,AUSTRALIA AND NEW ZEALAND,Beef Trim,75,0-15 Days,East Coast,,,USD/cwt,FOB/TIS,https://esmis.nal.usda.gov/sites/default/release-files/c821gj77m/db78vm99m/k643c8788/NW_LS421.TXT
2022-09-07,AUSTRALIA AND NEW ZEALAND,Beef Trim,70,0-15 Days,East Coast,,,USD/cwt,FOB/TIS,https://esmis.nal.usda.gov/sites/default/release-files/c821gj77m/db78vm99m/k643c8788/NW_LS421.TXT
2022-09-07,AUSTRALIA AND NEW ZEALAND,Beef Trim,65,0-15 Days,East Coast,,,USD/cwt,FOB/TIS,https://esmis.nal.usda.gov/sites/default/release-files/c821gj77m/db78vm99m/k643c8788/NW_LS421.TXT
2022-09-07,URUGUAY,Beef Trim,85,0-15 Days,,,,USD/cwt,FOB/TIS,https://esmis.nal.usda.gov/sites/default/release-files/c821gj77m/db78vm99m/k643c8788/NW_LS421.TXT
2022-09-07,URUGUAY,Beef Trim,80,0-15 Days,,,,USD/cwt,FOB/TIS,https://esmis.nal.usda.gov/sites/default/release-files/c821gj77m/db78vm99m/k643c8788/NW_LS421.TXT
2022-09-07,URUGUAY,Beef Trim,75,0-15 Days,,,,USD/cwt,FOB/TIS,https://esmis.nal.usda.gov/sites/default/release-files/c821gj77m/db78vm99m/k643c8788/NW_LS421.TXT
2022-09-09,AUSTRALIA AND NEW ZEALAND,Beef Trim,85,0-15 Days,East Coast,,,USD/cwt,FOB/TIS,https://esmis.nal.usda.gov/sites/default/release-files/c821gj77m/765388980/t435hm35h/NW_LS421.TXT
2022-09-09,AUSTRALIA AND NEW ZEALAND,Beef Trim,80,0-15 Days,East Coast,,,USD/cwt,FOB/TIS,https://esmis.nal.usda.gov/sites/default/release-files/c821gj77m/765388980/t435hm35h/NW_LS421.TXT
2022-09-09,AUSTRALIA AND NEW ZEALAND,Beef Trim,75,0-15 Days,East Coast,,,USD/cwt,FOB/TIS,https://esmis.nal.usda.gov/sites/default/release-files/c821gj77m/765388980/t435hm35h/NW_LS421.TXT
2022-09-09,AUSTRALIA AND NEW ZEALAND,Beef Trim,70,0-15 Days,East Coast,,,USD/cwt,FOB/TIS,https://esmis.nal.usda.gov/sites/default/release-files/c821gj77m/765388980/t435hm35h/NW_LS421.TXT
2022-09-09,AUSTRALIA AND NEW ZEALAND,Beef Trim,65,0-15 Days,East Coast,,,USD/cwt,FOB/TIS,https://esmis.nal.usda.gov/sites/default/release-files/c821gj77m/765388980/t435hm35h/NW_LS421.TXT
2022-09-09,URUGUAY,Beef Trim,85,0-15 Days,,,,USD/cwt,FOB/TIS,https://esmis.nal.usda.gov/sites/default/release-files/c821gj77m/765388980/t435hm35h/NW_LS421.TXT
2022-09-09,URUGUAY,Beef Trim,80,0-15 Days,,,,USD/cwt,FOB/TIS,https://esmis.nal.usda.gov/sites/default/release-files/c821gj77m/765388980/t435hm35h/NW_LS421.TXT
2022-09-09,URUGUAY,Beef Trim,75,0-15 Days,,,,USD/cwt,FOB/TIS,https://esmis.nal.usda.gov/sites/default/release-files/c821gj77m/765388980/t435hm35h/NW_LS421.TXT
2022-09-14,AUSTRALIA AND NEW ZEALAND,Beef Trim,85,0-15 Days,East Coast,252.00,254.00,USD/cwt,FOB/TIS,https://esmis.nal.usda.gov/sites/default/release-files/c821gj77m/sj13bb06v/kh04fz163/NW_LS421.TXT
2022-09-14,AUSTRALIA AND NEW ZEALAND,Beef Trim,80,0-15 Days,East Coast,252.00,254.00,USD/cwt,FOB/TIS,https://esmis.nal.usda.gov/sites/default/release-files/c821gj77m/sj13bb06v/kh04fz163/NW_LS421.TXT
2022-09-14,AUSTRALIA AND NEW ZEALAND,Beef Trim,75,0-15 Days,East Coast,,,USD/cwt,FOB/TIS,https://esmis.nal.usda.gov/sites/default/release-files/c821gj77m/sj13bb06v/kh04fz163/NW_LS421.TXT
2022-09-14,AUSTRALIA AND NEW ZEALAND,Beef Trim,70,0-15 Days,East Coast,,,USD/cwt,FOB/TIS,https://esmis.nal.usda.gov/sites/default/release-files/c821gj77m/sj13bb06v/kh04fz163/NW_LS421.TXT
2022-09-14,AUSTRALIA AND NEW ZEALAND,Beef Trim,65,0-15 Days,East Coast,,,USD/cwt,FOB/TIS,https://esmis.nal.usda.gov/sites/default/release-files/c821gj77m/sj13bb06v/kh04fz163/NW_LS421.TXT
2022-09-14,URUGUAY,Beef Trim,85,0-15 Days,,,,USD/cwt,FOB/TIS,https://esmis.nal.usda.gov/sites/default/release-files/c821gj77m/sj13bb06v/kh04fz163/NW_LS421.TXT
2022-09-14,URUGUAY,Beef Trim,80,0-15 Days,,,,USD/cwt,FOB/TIS,https://esmis.nal.usda.gov/sites/default/release-files/c821gj77m/sj13bb06v/kh04fz163/NW_LS421.TXT
2022-09-14,URUGUAY,Beef Trim,75,0-15 Days,,,,USD/cwt,FOB/TIS,https://esmis.nal.usda.gov/sites/default/release-files/c821gj77m/sj13bb06v/kh04fz163/NW_LS421.TXT
2022-09-16,AUSTRALIA AND NEW ZEALAND,Beef Trim,85,0-15 Days,East Coast,252.00,254.00,USD/cwt,FOB/TIS,https://esmis.nal.usda.gov/sites/default/release-files/c821gj77m/np194j592/x346fc16s/NW_LS421.TXT
2022-09-16,AUSTRALIA AND NEW ZEALAND,Beef Trim,80,0-15 Days,East Coast,252.00,254.00,USD/cwt,FOB/TIS,https://esmis.nal.usda.gov/sites/default/release-files/c821gj77m/np194j592/x346fc16s/NW_LS421.TXT
2022-09-16,AUSTRALIA AND NEW ZEALAND,Beef Trim,75,0-15 Days,East Coast,,,USD/cwt,FOB/TIS,https://esmis.nal.usda.gov/sites/default/release-files/c821gj77m/np194j592/x346fc16s/NW_LS421.TXT
2022-09-16,AUSTRALIA AND NEW ZEALAND,Beef Trim,70,0-15 Days,East Coast,,,USD/cwt,FOB/TIS,https://esmis.nal.usda.gov/sites/default/release-files/c821gj77m/np194j592/x346fc16s/NW_LS421.TXT
2022-09-16,AUSTRALIA AND NEW ZEALAND,Beef Trim,65,0-15 Days,East Coast,,,USD/cwt,FOB/TIS,https://esmis.nal.usda.gov/sites/default/release-files/c821gj77m/np194j592/x346fc16s/NW_LS421.TXT
2022-09-16,URUGUAY,Beef Trim,85,0-15 Days,,,,USD/cwt,FOB/TIS,https://esmis.nal.usda.gov/sites/default/release-files/c821gj77m/np194j592/x346fc16s/NW_LS421.TXT
2022-09-16,URUGUAY,Beef Trim,80,0-15 Days,,,,USD/cwt,FOB/TIS,https://esmis.nal.usda.gov/sites/default/release-files/c821gj77m/np194j592/x346fc16s/NW_LS421.TXT
2022-09-16,URUGUAY,Beef Trim,75,0-15 Days,,,,USD/cwt,FOB/TIS,https://esmis.nal.usda.gov/sites/default/release-files/c821gj77m/np194j592/x346fc16s/NW_LS421.TXT
2022-09-21,AUSTRALIA AND NEW ZEALAND,Beef Trim,85,0-15 Days,East Coast,254.00,254.00,USD/cwt,FOB/TIS,https://esmis.nal.usda.gov/sites/default/release-files/c821gj77m/0r968c31x/5m60s155s/NW_LS421.TXT
2022-09-21,AUSTRALIA AND NEW ZEALAND,Beef Trim,80,0-15 Days,East Coast,,,USD/cwt,FOB/TIS,https://esmis.nal.usda.gov/sites/default/release-files/c821gj77m/0r968c31x/5m60s155s/NW_LS421.TXT
2022-09-21,AUSTRALIA AND NEW ZEALAND,Beef Trim,75,0-15 Days,East Coast,,,USD/cwt,FOB/TIS,https://esmis.nal.usda.gov/sites/default/release-files/c821gj77m/0r968c31x/5m60s155s/NW_LS421.TXT
2022-09-21,AUSTRALIA AND NEW ZEALAND,Beef Trim,70,0-15 Days,East Coast,,,USD/cwt,FOB/TIS,https://esmis.nal.usda.gov/sites/default/release-files/c821gj77m/0r968c31x/5m60s155s/NW_LS421.TXT
2022-09-21,AUSTRALIA AND NEW ZEALAND,Beef Trim,65,0-15 Days,East Coast,,,USD/cwt,FOB/TIS,https://esmis.nal.usda.gov/sites/default/release-files/c821gj77m/0r968c31x/5m60s155s/NW_LS421.TXT
2022-09-21,URUGUAY,Beef Trim,85,0-15 Days,,,,USD/cwt,FOB/TIS,https://esmis.nal.usda.gov/sites/default/release-files/c821gj77m/0r968c31x/5m60s155s/NW_LS421.TXT
2022-09-21,URUGUAY,Beef Trim,80,0-15 Days,,,,USD/cwt,FOB/TIS,https://esmis.nal.usda.gov/sites/default/release-files/c821gj77m/0r968c31x/5m60s155s/NW_LS421.TXT
2022-09-21,URUGUAY,Beef Trim,75,0-15 Days,,,,USD/cwt,FOB/TIS,https://esmis.nal.usda.gov/sites/default/release-files/c821gj77m/0r968c31x/5m60s155s/NW_LS421.TXT
2022-09-23,AUSTRALIA AND NEW ZEALAND,Beef Trim,85,0-15 Days,East Coast,254.00,254.00,USD/cwt,FOB/TIS,https://esmis.nal.usda.gov/sites/default/release-files/c821gj77m/6682zc918/8c97mz24d/NW_LS421.TXT
2022-09-23,AUSTRALIA AND NEW ZEALAND,Beef Trim,80,0-15 Days,East Coast,,,USD/cwt,FOB/TIS,https://esmis.nal.usda.gov/sites/default/release-files/c821gj77m/6682zc918/8c97mz24d/NW_LS421.TXT
2022-09-23,AUSTRALIA AND NEW ZEALAND,Beef Trim,75,0-15 Days,East Coast,,,USD/cwt,FOB/TIS,https://esmis.nal.usda.gov/sites/default/release-files/c821gj77m/6682zc918/8c97mz24d/NW_LS421.TXT
2022-09-23,AUSTRALIA AND NEW ZEALAND,Beef Trim,70,0-15 Days,East Coast,,,USD/cwt,FOB/TIS,https://esmis.nal.usda.gov/sites/default/release-files/c821gj77m/6682zc918/8c97mz24d/NW_LS421.TXT
2022-09-23,AUSTRALIA AND NEW ZEALAND,Beef Trim,65,0-15 Days,East Coast,,,USD/cwt,FOB/TIS,https://esmis.nal.usda.gov/sites/default/release-files/c821gj77m/6682zc918/8c97mz24d/NW_LS421.TXT
2022-09-23,URUGUAY,Beef Trim,85,0-15 Days,,,,USD/cwt,FOB/TIS,https://esmis.nal.usda.gov/sites/default/release-files/c821gj77m/6682zc918/8c97mz24d/NW_LS421.TXT
2022-09-23,URUGUAY,Beef Trim,80,0-15 Days,,,,USD/cwt,FOB/TIS,https://esmis.nal.usda.gov/sites/default/release-files/c821gj77m/6682zc918/8c97mz24d/NW_LS421.TXT
2022-09-23,URUGUAY,Beef Trim,75,0-15 Days,,,,USD/cwt,FOB/TIS,https://esmis.nal.usda.gov/sites/default/release-files/c821gj77m/6682zc918/8c97mz24d/NW_LS421.TXT
2022-09-28,AUSTRALIA AND NEW ZEALAND,Beef Trim,85,0-15 Days,East Coast,,,USD/cwt,FOB/TIS,https://esmis.nal.usda.gov/sites/default/release-files/c821gj77m/c821ht97x/xd07j2482/NW_LS421.TXT
2022-09-28,AUSTRALIA AND NEW ZEALAND,Beef Trim,80,0-15 Days,East Coast,,,USD/cwt,FOB/TIS,https://esmis.nal.usda.gov/sites/default/release-files/c821gj77m/c821ht97x/xd07j2482/NW_LS421.TXT
2022-09-28,AUSTRALIA AND NEW ZEALAND,Beef Trim,75,0-15 Days,East Coast,,,USD/cwt,FOB/TIS,https://esmis.nal.usda.gov/sites/default/release-files/c821gj77m/c821ht97x/xd07j2482/NW_LS421.TXT
2022-09-28,AUSTRALIA AND NEW ZEALAND,Beef Trim,70,0-15 Days,East Coast,,,USD/cwt,FOB/TIS,https://esmis.nal.usda.gov/sites/default/release-files/c821gj77m/c821ht97x/xd07j2482/NW_LS421.TXT
2022-09-28,AUSTRALIA AND NEW ZEALAND,Beef Trim,65,0-15 Days,East Coast,,,USD/cwt,FOB/TIS,https://esmis.nal.usda.gov/sites/default/release-files/c821gj77m/c821ht97x/xd07j2482/NW_LS421.TXT
2022-09-28,URUGUAY,Beef Trim,85,0-15 Days,,,,USD/cwt,FOB/TIS,https://esmis.nal.usda.gov/sites/default/release-files/c821gj77m/c821ht97x/xd07j2482/NW_LS421.TXT
2022-09-28,URUGUAY,Beef Trim,80,0-15 Days,,,,USD/cwt,FOB/TIS,https://esmis.nal.usda.gov/sites/default/release-files/c821gj77m/c821ht97x/xd07j2482/NW_LS421.TXT
2022-09-28,URUGUAY,Beef Trim,75,0-15 Days,,,,USD/cwt,FOB/TIS,https://esmis.nal.usda.gov/sites/default/release-files/c821gj77m/c821ht97x/xd07j2482/NW_LS421.TXT
2022-09-30,AUSTRALIA AND NEW ZEALAND,Beef Trim,85,0-15 Days,East Coast,,,USD/cwt,FOB/TIS,https://esmis.nal.usda.gov/sites/default/release-files/c821gj77m/zs25zj52b/70796h24x/NW_LS421.TXT
2022-09-30,AUSTRALIA AND NEW ZEALAND,Beef Trim,80,0-15 Days,East Coast,,,USD/cwt,FOB/TIS,https://esmis.nal.usda.gov/sites/default/release-files/c821gj77m/zs25zj52b/70796h24x/NW_LS421.TXT
2022-09-30,AUSTRALIA AND NEW ZEALAND,Beef Trim,75,0-15 Days,East Coast,,,USD/cwt,FOB/TIS,https://esmis.nal.usda.gov/sites/default/release-files/c821gj77m/zs25zj52b/70796h24x/NW_LS421.TXT
2022-09-30,AUSTRALIA AND NEW ZEALAND,Beef Trim,70,0-15 Days,East Coast,,,USD/cwt,FOB/TIS,https://esmis.nal.usda.gov/sites/default/release-files/c821gj77m/zs25zj52b/70796h24x/NW_LS421.TXT
2022-09-30,AUSTRALIA AND NEW ZEALAND,Beef Trim,65,0-15 Days,East Coast,,,USD/cwt,FOB/TIS,https://esmis.nal.usda.gov/sites/default/release-files/c821gj77m/zs25zj52b/70796h24x/NW_LS421.TXT
2022-09-30,URUGUAY,Beef Trim,85,0-15 Days,,,,USD/cwt,FOB/TIS,https://esmis.nal.usda.gov/sites/default/release-files/c821gj77m/zs25zj52b/70796h24x/NW_LS421.TXT
2022-09-30,URUGUAY,Beef Trim,80,0-15 Days,,,,USD/cwt,FOB/TIS,https://esmis.nal.usda.gov/sites/default/release-files/c821gj77m/zs25zj52b/70796h24x/NW_LS421.TXT
2022-09-30,URUGUAY,Beef Trim,75,0-15 Days,,,,USD/cwt,FOB/TIS,https://esmis.nal.usda.gov/sites/default/release-files/c821gj77m/zs25zj52b/70796h24x/NW_LS421.TXT
2022-10-05,AUSTRALIA AND NEW ZEALAND,Beef Trim,85,0-15 Days,East Coast,250.00,252.00,USD/cwt,FOB/TIS,https://esmis.nal.usda.gov/sites/default/release-files/c821gj77m/zs25zj644/t435hm90k/NW_LS421.TXT
2022-10-05,AUSTRALIA AND NEW ZEALAND,Beef Trim,80,0-15 Days,East Coast,250.00,250.00,USD/cwt,FOB/TIS,https://esmis.nal.usda.gov/sites/default/release-files/c821gj77m/zs25zj644/t435hm90k/NW_LS421.TXT
2022-10-05,AUSTRALIA AND NEW ZEALAND,Beef Trim,75,0-15 Days,East Coast,,,USD/cwt,FOB/TIS,https://esmis.nal.usda.gov/sites/default/release-files/c821gj77m/zs25zj644/t435hm90k/NW_LS421.TXT
2022-10-05,AUSTRALIA AND NEW ZEALAND,Beef Trim,70,0-15 Days,East Coast,,,USD/cwt,FOB/TIS,https://esmis.nal.usda.gov/sites/default/release-files/c821gj77m/zs25zj644/t435hm90k/NW_LS421.TXT
2022-10-05,AUSTRALIA AND NEW ZEALAND,Beef Trim,65,0-15 Days,East Coast,,,USD/cwt,FOB/TIS,https://esmis.nal.usda.gov/sites/default/release-files/c821gj77m/zs25zj644/t435hm90k/NW_LS421.TXT
2022-10-05,URUGUAY,Beef Trim,85,0-15 Days,,,,USD/cwt,FOB/TIS,https://esmis.nal.usda.gov/sites/default/release-files/c821gj77m/zs25zj644/t435hm90k/NW_LS421.TXT
2022-10-05,URUGUAY,Beef Trim,80,0-15 Days,,,,USD/cwt,FOB/TIS,https://esmis.nal.usda.gov/sites/default/release-files/c821gj77m/zs25zj644/t435hm90k/NW_LS421.TXT
2022-10-05,URUGUAY,Beef Trim,75,0-15 Days,,,,USD/cwt,FOB/TIS,https://esmis.nal.usda.gov/sites/default/release-files/c821gj77m/zs25zj644/t435hm90k/NW_LS421.TXT
2022-10-07,AUSTRALIA AND NEW ZEALAND,Beef Trim,85,0-15 Days,East Coast,250.00,252.00,USD/cwt,FOB/TIS,https://esmis.nal.usda.gov/sites/default/release-files/c821gj77m/m900q273s/k0699h30t/NW_LS421.TXT
2022-10-07,AUSTRALIA AND NEW ZEALAND,Beef Trim,80,0-15 Days,East Coast,250.00,250.00,USD/cwt,FOB/TIS,https://esmis.nal.usda.gov/sites/default/release-files/c821gj77m/m900q273s/k0699h30t/NW_LS421.TXT
2022-10-07,AUSTRALIA AND NEW ZEALAND,Beef Trim,75,0-15 Days,East Coast,,,USD/cwt,FOB/TIS,https://esmis.nal.usda.gov/sites/default/release-files/c821gj77m/m900q273s/k0699h30t/NW_LS421.TXT
2022-10-07,AUSTRALIA AND NEW ZEALAND,Beef Trim,70,0-15 Days,East Coast,,,USD/cwt,FOB/TIS,https://esmis.nal.usda.gov/sites/default/release-files/c821gj77m/m900q273s/k0699h30t/NW_LS421.TXT
2022-10-07,AUSTRALIA AND NEW ZEALAND,Beef Trim,65,0-15 Days,East Coast,,,USD/cwt,FOB/TIS,https://esmis.nal.usda.gov/sites/default/release-files/c821gj77m/m900q273s/k0699h30t/NW_LS421.TXT
2022-10-07,URUGUAY,Beef Trim,85,0-15 Days,,,,USD/cwt,FOB/TIS,https://esmis.nal.usda.gov/sites/default/release-files/c821gj77m/m900q273s/k0699h30t/NW_LS421.TXT
2022-10-07,URUGUAY,Beef Trim,80,0-15 Days,,,,USD/cwt,FOB/TIS,https://esmis.nal.usda.gov/sites/default/release-files/c821gj77m/m900q273s/k0699h30t/NW_LS421.TXT
2022-10-07,URUGUAY,Beef Trim,75,0-15 Days,,,,USD/cwt,FOB/TIS,https://esmis.nal.usda.gov/sites/default/release-files/c821gj77m/m900q273s/k0699h30t/NW_LS421.TXT
2022-10-12,AUSTRALIA AND NEW ZEALAND,Beef Trim,85,0-15 Days,East Coast,,,USD/cwt,FOB/TIS,https://esmis.nal.usda.gov/sites/default/release-files/c821gj77m/bn99bg78b/r494wv12z/NW_LS421.TXT
2022-10-12,AUSTRALIA AND NEW ZEALAND,Beef Trim,80,0-15 Days,East Coast,,,USD/cwt,FOB/TIS,https://esmis.nal.usda.gov/sites/default/release-files/c821gj77m/bn99bg78b/r494wv12z/NW_LS421.TXT
2022-10-12,AUSTRALIA AND NEW ZEALAND,Beef Trim,75,0-15 Days,East Coast,,,USD/cwt,FOB/TIS,https://esmis.nal.usda.gov/sites/default/release-files/c821gj77m/bn99bg78b/r494wv12z/NW_LS421.TXT
2022-10-12,AUSTRALIA AND NEW ZEALAND,Beef Trim,70,0-15 Days,East Coast,,,USD/cwt,FOB/TIS,https://esmis.nal.usda.gov/sites/default/release-files/c821gj77m/bn99bg78b/r494wv12z/NW_LS421.TXT
2022-10-12,AUSTRALIA AND NEW ZEALAND,Beef Trim,65,0-15 Days,East Coast,,,USD/cwt,FOB/TIS,https://esmis.nal.usda.gov/sites/default/release-files/c821gj77m/bn99bg78b/r494wv12z/NW_LS421.TXT
2022-10-12,URUGUAY,Beef Trim,85,0-15 Days,,,,USD/cwt,FOB/TIS,https://esmis.nal.usda.gov/sites/default/release-files/c821gj77m/bn99bg78b/r494wv12z/NW_LS421.TXT
2022-10-12,URUGUAY,Beef Trim,80,0-15 Days,,,,USD/cwt,FOB/TIS,https://esmis.nal.usda.gov/sites/default/release-files/c821gj77m/bn99bg78b/r494wv12z/NW_LS421.TXT
2022-10-12,URUGUAY,Beef Trim,75,0-15 Days,,,,USD/cwt,FOB/TIS,https://esmis.nal.usda.gov/sites/default/release-files/c821gj77m/bn99bg78b/r494wv12z/NW_LS421.TXT
2022-10-14,AUSTRALIA AND NEW ZEALAND,Beef Trim,85,0-15 Days,East Coast,248.00,251.00,USD/cwt,FOB/TIS,https://esmis.nal.usda.gov/sites/default/release-files/c821gj77m/6q183v66n/df65wj22f/NW_LS421.TXT
2022-10-14,AUSTRALIA AND NEW ZEALAND,Beef Trim,80,0-15 Days,East Coast,242.00,244.00,USD/cwt,FOB/TIS,https://esmis.nal.usda.gov/sites/default/release-files/c821gj77m/6q183v66n/df65wj22f/NW_LS421.TXT
2022-10-14,AUSTRALIA AND NEW ZEALAND,Beef Trim,75,0-15 Days,East Coast,,,USD/cwt,FOB/TIS,https://esmis.nal.usda.gov/sites/default/release-files/c821gj77m/6q183v66n/df65wj22f/NW_LS421.TXT
2022-10-14,AUSTRALIA AND NEW ZEALAND,Beef Trim,70,0-15 Days,East Coast,,,USD/cwt,FOB/TIS,https://esmis.nal.usda.gov/sites/default/release-files/c821gj77m/6q183v66n/df65wj22f/NW_LS421.TXT
2022-10-14,AUSTRALIA AND NEW ZEALAND,Beef Trim,65,0-15 Days,East Coast,,,USD/cwt,FOB/TIS,https://esmis.nal.usda.gov/sites/default/release-files/c821gj77m/6q183v66n/df65wj22f/NW_LS421.TXT
2022-10-14,URUGUAY,Beef Trim,85,0-15 Days,,,,USD/cwt,FOB/TIS,https://esmis.nal.usda.gov/sites/default/release-files/c821gj77m/6q183v66n/df65wj22f/NW_LS421.TXT
2022-10-14,URUGUAY,Beef Trim,80,0-15 Days,,,,USD/cwt,FOB/TIS,https://esmis.nal.usda.gov/sites/default/release-files/c821gj77m/6q183v66n/df65wj22f/NW_LS421.TXT
2022-10-14,URUGUAY,Beef Trim,75,0-15 Days,,,,USD/cwt,FOB/TIS,https://esmis.nal.usda.gov/sites/default/release-files/c821gj77m/6q183v66n/df65wj22f/NW_LS421.TXT
2022-10-19,AUSTRALIA AND NEW ZEALAND,Beef Trim,85,0-15 Days,East Coast,245.00,247.00,USD/cwt,FOB/TIS,https://esmis.nal.usda.gov/sites/default/release-files/c821gj77m/v979wc17c/2j62tf18b/NW_LS421.TXT
2022-10-19,AUSTRALIA AND NEW ZEALAND,Beef Trim,80,0-15 Days,East Coast,240.00,242.00,USD/cwt,FOB/TIS,https://esmis.nal.usda.gov/sites/default/release-files/c821gj77m/v979wc17c/2j62tf18b/NW_LS421.TXT
2022-10-19,AUSTRALIA AND NEW ZEALAND,Beef Trim,75,0-15 Days,East Coast,,,USD/cwt,FOB/TIS,https://esmis.nal.usda.gov/sites/default/release-files/c821gj77m/v979wc17c/2j62tf18b/NW_LS421.TXT
2022-10-19,AUSTRALIA AND NEW ZEALAND,Beef Trim,70,0-15 Days,East Coast,,,USD/cwt,FOB/TIS,https://esmis.nal.usda.gov/sites/default/release-files/c821gj77m/v979wc17c/2j62tf18b/NW_LS421.TXT
2022-10-19,AUSTRALIA AND NEW ZEALAND,Beef Trim,65,0-15 Days,East Coast,,,USD/cwt,FOB/TIS,https://esmis.nal.usda.gov/sites/default/release-files/c821gj77m/v979wc17c/2j62tf18b/NW_LS421.TXT
2022-10-19,URUGUAY,Beef Trim,85,0-15 Days,,,,USD/cwt,FOB/TIS,https://esmis.nal.usda.gov/sites/default/release-files/c821gj77m/v979wc17c/2j62tf18b/NW_LS421.TXT
2022-10-19,URUGUAY,Beef Trim,80,0-15 Days,,,,USD/cwt,FOB/TIS,https://esmis.nal.usda.gov/sites/default/release-files/c821gj77m/v979wc17c/2j62tf18b/NW_LS421.TXT
2022-10-19,URUGUAY,Beef Trim,75,0-15 Days,,,,USD/cwt,FOB/TIS,https://esmis.nal.usda.gov/sites/default/release-files/c821gj77m/v979wc17c/2j62tf18b/NW_LS421.TXT
2022-10-21,AUSTRALIA AND NEW ZEALAND,Beef Trim,85,0-15 Days,East Coast,245.00,247.00,USD/cwt,FOB/TIS,https://esmis.nal.usda.gov/sites/default/release-files/c821gj77m/k930d634n/2z10z003r/NW_LS421.TXT
2022-10-21,AUSTRALIA AND NEW ZEALAND,Beef Trim,80,0-15 Days,East Coast,240.00,242.00,USD/cwt,FOB/TIS,https://esmis.nal.usda.gov/sites/default/release-files/c821gj77m/k930d634n/2z10z003r/NW_LS421.TXT
2022-10-21,AUSTRALIA AND NEW ZEALAND,Beef Trim,75,0-15 Days,East Coast,,,USD/cwt,FOB/TIS,https://esmis.nal.usda.gov/sites/default/release-files/c821gj77m/k930d634n/2z10z003r/NW_LS421.TXT
2022-10-21,AUSTRALIA AND NEW ZEALAND,Beef Trim,70,0-15 Days,East Coast,,,USD/cwt,FOB/TIS,https://esmis.nal.usda.gov/sites/default/release-files/c821gj77m/k930d634n/2z10z003r/NW_LS421.TXT
2022-10-21,AUSTRALIA AND NEW ZEALAND,Beef Trim,65,0-15 Days,East Coast,,,USD/cwt,FOB/TIS,https://esmis.nal.usda.gov/sites/default/release-files/c821gj77m/k930d634n/2z10z003r/NW_LS421.TXT
2022-10-21,URUGUAY,Beef Trim,85,0-15 Days,,,,USD/cwt,FOB/TIS,https://esmis.nal.usda.gov/sites/default/release-files/c821gj77m/k930d634n/2z10z003r/NW_LS421.TXT
2022-10-21,URUGUAY,Beef Trim,80,0-15 Days,,,,USD/cwt,FOB/TIS,https://esmis.nal.usda.gov/sites/default/release-files/c821gj77m/k930d634n/2z10z003r/NW_LS421.TXT
2022-10-21,URUGUAY,Beef Trim,75,0-15 Days,,,,USD/cwt,FOB/TIS,https://esmis.nal.usda.gov/sites/default/release-files/c821gj77m/k930d634n/2z10z003r/NW_LS421.TXT
2022-10-26,AUSTRALIA AND NEW ZEALAND,Beef Trim,85,0-15 Days,East Coast,245.00,247.00,USD/cwt,FOB/TIS,https://esmis.nal.usda.gov/sites/default/release-files/c821gj77m/b2775502m/dn39z940x/NW_LS421.TXT
2022-10-26,AUSTRALIA AND NEW ZEALAND,Beef Trim,80,0-15 Days,East Coast,240.00,242.00,USD/cwt,FOB/TIS,https://esmis.nal.usda.gov/sites/default/release-files/c821gj77m/b2775502m/dn39z940x/NW_LS421.TXT
2022-10-26,AUSTRALIA AND NEW ZEALAND,Beef Trim,75,0-15 Days,East Coast,,,USD/cwt,FOB/TIS,https://esmis.nal.usda.gov/sites/default/release-files/c821gj77m/b2775502m/dn39z940x/NW_LS421.TXT
2022-10-26,AUSTRALIA AND NEW ZEALAND,Beef Trim,70,0-15 Days,East Coast,,,USD/cwt,FOB/TIS,https://esmis.nal.usda.gov/sites/default/release-files/c821gj77m/b2775502m/dn39z940x/NW_LS421.TXT
2022-10-26,AUSTRALIA AND NEW ZEALAND,Beef Trim,65,0-15 Days,East Coast,,,USD/cwt,FOB/TIS,https://esmis.nal.usda.gov/sites/default/release-files/c821gj77m/b2775502m/dn39z940x/NW_LS421.TXT
2022-10-26,URUGUAY,Beef Trim,85,0-15 Days,,,,USD/cwt,FOB/TIS,https://esmis.nal.usda.gov/sites/default/release-files/c821gj77m/b2775502m/dn39z940x/NW_LS421.TXT
2022-10-26,URUGUAY,Beef Trim,80,0-15 Days,,,,USD/cwt,FOB/TIS,https://esmis.nal.usda.gov/sites/default/release-files/c821gj77m/b2775502m/dn39z940x/NW_LS421.TXT
2022-10-26,URUGUAY,Beef Trim,75,0-15 Days,,,,USD/cwt,FOB/TIS,https://esmis.nal.usda.gov/sites/default/release-files/c821gj77m/b2775502m/dn39z940x/NW_LS421.TXT
2022-10-28,AUSTRALIA AND NEW ZEALAND,Beef Trim,85,0-15 Days,East Coast,245.00,247.00,USD/cwt,FOB/TIS,https://esmis.nal.usda.gov/sites/default/release-files/c821gj77m/1257c299m/z890t408m/NW_LS421.TXT
2022-10-28,AUSTRALIA AND NEW ZEALAND,Beef Trim,80,0-15 Days,East Coast,240.00,242.00,USD/cwt,FOB/TIS,https://esmis.nal.usda.gov/sites/default/release-files/c821gj77m/1257c299m/z890t408m/NW_LS421.TXT
2022-10-28,AUSTRALIA AND NEW ZEALAND,Beef Trim,75,0-15 Days,East Coast,,,USD/cwt,FOB/TIS,https://esmis.nal.usda.gov/sites/default/release-files/c821gj77m/1257c299m/z890t408m/NW_LS421.TXT
2022-10-28,AUSTRALIA AND NEW ZEALAND,Beef Trim,70,0-15 Days,East Coast,,,USD/cwt,FOB/TIS,https://esmis.nal.usda.gov/sites/default/release-files/c821gj77m/1257c299m/z890t408m/NW_LS421.TXT
2022-10-28,AUSTRALIA AND NEW ZEALAND,Beef Trim,65,0-15 Days,East Coast,,,USD/cwt,FOB/TIS,https://esmis.nal.usda.gov/sites/default/release-files/c821gj77m/1257c299m/z890t408m/NW_LS421.TXT
2022-10-28,URUGUAY,Beef Trim,85,0-15 Days,,,,USD/cwt,FOB/TIS,https://esmis.nal.usda.gov/sites/default/release-files/c821gj77m/1257c299m/z890t408m/NW_LS421.TXT
2022-10-28,URUGUAY,Beef Trim,80,0-15 Days,,,,USD/cwt,FOB/TIS,https://esmis.nal.usda.gov/sites/default/release-files/c821gj77m/1257c299m/z890t408m/NW_LS421.TXT
2022-10-28,URUGUAY,Beef Trim,75,0-15 Days,,,,USD/cwt,FOB/TIS,https://esmis.nal.usda.gov/sites/default/release-files/c821gj77m/1257c299m/z890t408m/NW_LS421.TXT
2022-11-02,AUSTRALIA AND NEW ZEALAND,Beef Trim,85,0-15 Days,East Coast,,,USD/cwt,FOB/TIS,https://esmis.nal.usda.gov/sites/default/release-files/c821gj77m/pc28bt23r/tb09kg202/NW_LS421.TXT
2022-11-02,AUSTRALIA AND NEW ZEALAND,Beef Trim,80,0-15 Days,East Coast,,,USD/cwt,FOB/TIS,https://esmis.nal.usda.gov/sites/default/release-files/c821gj77m/pc28bt23r/tb09kg202/NW_LS421.TXT
2022-11-02,AUSTRALIA AND NEW ZEALAND,Beef Trim,75,0-15 Days,East Coast,,,USD/cwt,FOB/TIS,https://esmis.nal.usda.gov/sites/default/release-files/c821gj77m/pc28bt23r/tb09kg202/NW_LS421.TXT
2022-11-02,AUSTRALIA AND NEW ZEALAND,Beef Trim,70,0-15 Days,East Coast,,,USD/cwt,FOB/TIS,https://esmis.nal.usda.gov/sites/default/release-files/c821gj77m/pc28bt23r/tb09kg202/NW_LS421.TXT
2022-11-02,AUSTRALIA AND NEW ZEALAND,Beef Trim,65,0-15 Days,East Coast,,,USD/cwt,FOB/TIS,https://esmis.nal.usda.gov/sites/default/release-files/c821gj77m/pc28bt23r/tb09kg202/NW_LS421.TXT
2022-11-02,URUGUAY,Beef Trim,85,0-15 Days,,,,USD/cwt,FOB/TIS,https://esmis.nal.usda.gov/sites/default/release-files/c821gj77m/pc28bt23r/tb09kg202/NW_LS421.TXT
2022-11-02,URUGUAY,Beef Trim,80,0-15 Days,,,,USD/cwt,FOB/TIS,https://esmis.nal.usda.gov/sites/default/release-files/c821gj77m/pc28bt23r/tb09kg202/NW_LS421.TXT
2022-11-02,URUGUAY,Beef Trim,75,0-15 Days,,,,USD/cwt,FOB/TIS,https://esmis.nal.usda.gov/sites/default/release-files/c821gj77m/pc28bt23r/tb09kg202/NW_LS421.TXT
2022-11-04,AUSTRALIA AND NEW ZEALAND,Beef Trim,85,0-15 Days,East Coast,,,USD/cwt,FOB/TIS,https://esmis.nal.usda.gov/sites/default/release-files/c821gj77m/44559q439/9306v760j/NW_LS421.TXT
2022-11-04,AUSTRALIA AND NEW ZEALAND,Beef Trim,80,0-15 Days,East Coast,,,USD/cwt,FOB/TIS,https://esmis.nal.usda.gov/sites/default/release-files/c821gj77m/44559q439/9306v760j/NW_LS421.TXT
2022-11-04,AUSTRALIA AND NEW ZEALAND,Beef Trim,75,0-15 Days,East Coast,,,USD/cwt,FOB/TIS,https://esmis.nal.usda.gov/sites/default/release-files/c821gj77m/44559q439/9306v760j/NW_LS421.TXT
2022-11-04,AUSTRALIA AND NEW ZEALAND,Beef Trim,70,0-15 Days,East Coast,,,USD/cwt,FOB/TIS,https://esmis.nal.usda.gov/sites/default/release-files/c821gj77m/44559q439/9306v760j/NW_LS421.TXT
2022-11-04,AUSTRALIA AND NEW ZEALAND,Beef Trim,65,0-15 Days,East Coast,,,USD/cwt,FOB/TIS,https://esmis.nal.usda.gov/sites/default/release-files/c821gj77m/44559q439/9306v760j/NW_LS421.TXT
2022-11-04,URUGUAY,Beef Trim,85,0-15 Days,,,,USD/cwt,FOB/TIS,https://esmis.nal.usda.gov/sites/default/release-files/c821gj77m/44559q439/9306v760j/NW_LS421.TXT
2022-11-04,URUGUAY,Beef Trim,80,0-15 Days,,,,USD/cwt,FOB/TIS,https://esmis.nal.usda.gov/sites/default/release-files/c821gj77m/44559q439/9306v760j/NW_LS421.TXT
2022-11-04,URUGUAY,Beef Trim,75,0-15 Days,,,,USD/cwt,FOB/TIS,https://esmis.nal.usda.gov/sites/default/release-files/c821gj77m/44559q439/9306v760j/NW_LS421.TXT
2022-11-09,AUSTRALIA AND NEW ZEALAND,Beef Trim,85,0-15 Days,East Coast,234.00,236.00,USD/cwt,FOB/TIS,https://esmis.nal.usda.gov/sites/default/release-files/c821gj77m/34850t15g/9p291m23b/NW_LS421.TXT
2022-11-09,AUSTRALIA AND NEW ZEALAND,Beef Trim,80,0-15 Days,East Coast,228.00,232.00,USD/cwt,FOB/TIS,https://esmis.nal.usda.gov/sites/default/release-files/c821gj77m/34850t15g/9p291m23b/NW_LS421.TXT
2022-11-09,AUSTRALIA AND NEW ZEALAND,Beef Trim,75,0-15 Days,East Coast,225.00,226.00,USD/cwt,FOB/TIS,https://esmis.nal.usda.gov/sites/default/release-files/c821gj77m/34850t15g/9p291m23b/NW_LS421.TXT
2022-11-09,AUSTRALIA AND NEW ZEALAND,Beef Trim,70,0-15 Days,East Coast,,,USD/cwt,FOB/TIS,https://esmis.nal.usda.gov/sites/default/release-files/c821gj77m/34850t15g/9p291m23b/NW_LS421.TXT
2022-11-09,AUSTRALIA AND NEW ZEALAND,Beef Trim,65,0-15 Days,East Coast,,,USD/cwt,FOB/TIS,https://esmis.nal.usda.gov/sites/default/release-files/c821gj77m/34850t15g/9p291m23b/NW_LS421.TXT
2022-11-09,URUGUAY,Beef Trim,85,0-15 Days,,,,USD/cwt,FOB/TIS,https://esmis.nal.usda.gov/sites/default/release-files/c821gj77m/34850t15g/9p291m23b/NW_LS421.TXT
2022-11-09,URUGUAY,Beef Trim,80,0-15 Days,,,,USD/cwt,FOB/TIS,https://esmis.nal.usda.gov/sites/default/release-files/c821gj77m/34850t15g/9p291m23b/NW_LS421.TXT
2022-11-09,URUGUAY,Beef Trim,75,0-15 Days,,,,USD/cwt,FOB/TIS,https://esmis.nal.usda.gov/sites/default/release-files/c821gj77m/34850t15g/9p291m23b/NW_LS421.TXT
2022-11-11,AUSTRALIA AND NEW ZEALAND,Beef Trim,85,0-15 Days,East Coast,234.00,236.00,USD/cwt,FOB/TIS,https://esmis.nal.usda.gov/sites/default/release-files/c821gj77m/z603s841n/5999pd87r/NW_LS421.TXT
2022-11-11,AUSTRALIA AND NEW ZEALAND,Beef Trim,80,0-15 Days,East Coast,228.00,232.00,USD/cwt,FOB/TIS,https://esmis.nal.usda.gov/sites/default/release-files/c821gj77m/z603s841n/5999pd87r/NW_LS421.TXT
2022-11-11,AUSTRALIA AND NEW ZEALAND,Beef Trim,75,0-15 Days,East Coast,225.00,226.00,USD/cwt,FOB/TIS,https://esmis.nal.usda.gov/sites/default/release-files/c821gj77m/z603s841n/5999pd87r/NW_LS421.TXT
2022-11-11,AUSTRALIA AND NEW ZEALAND,Beef Trim,70,0-15 Days,East Coast,,,USD/cwt,FOB/TIS,https://esmis.nal.usda.gov/sites/default/release-files/c821gj77m/z603s841n/5999pd87r/NW_LS421.TXT
2022-11-11,AUSTRALIA AND NEW ZEALAND,Beef Trim,65,0-15 Days,East Coast,,,USD/cwt,FOB/TIS,https://esmis.nal.usda.gov/sites/default/release-files/c821gj77m/z603s841n/5999pd87r/NW_LS421.TXT
2022-11-11,URUGUAY,Beef Trim,85,0-15 Days,,,,USD/cwt,FOB/TIS,https://esmis.nal.usda.gov/sites/default/release-files/c821gj77m/z603s841n/5999pd87r/NW_LS421.TXT
2022-11-11,URUGUAY,Beef Trim,80,0-15 Days,,,,USD/cwt,FOB/TIS,https://esmis.nal.usda.gov/sites/default/release-files/c821gj77m/z603s841n/5999pd87r/NW_LS421.TXT
2022-11-11,URUGUAY,Beef Trim,75,0-15 Days,,,,USD/cwt,FOB/TIS,https://esmis.nal.usda.gov/sites/default/release-files/c821gj77m/z603s841n/5999pd87r/NW_LS421.TXT
2022-11-16,AUSTRALIA AND NEW ZEALAND,Beef Trim,85,0-15 Days,East Coast,233.00,235.00,USD/cwt,FOB/TIS,https://esmis.nal.usda.gov/sites/default/release-files/c821gj77m/2n49vb69b/hh63v412h/NW_LS421.TXT
2022-11-16,AUSTRALIA AND NEW ZEALAND,Beef Trim,80,0-15 Days,East Coast,225.00,225.00,USD/cwt,FOB/TIS,https://esmis.nal.usda.gov/sites/default/release-files/c821gj77m/2n49vb69b/hh63v412h/NW_LS421.TXT
2022-11-16,AUSTRALIA AND NEW ZEALAND,Beef Trim,75,0-15 Days,East Coast,,,USD/cwt,FOB/TIS,https://esmis.nal.usda.gov/sites/default/release-files/c821gj77m/2n49vb69b/hh63v412h/NW_LS421.TXT
2022-11-16,AUSTRALIA AND NEW ZEALAND,Beef Trim,70,0-15 Days,East Coast,,,USD/cwt,FOB/TIS,https://esmis.nal.usda.gov/sites/default/release-files/c821gj77m/2n49vb69b/hh63v412h/NW_LS421.TXT
2022-11-16,AUSTRALIA AND NEW ZEALAND,Beef Trim,65,0-15 Days,East Coast,,,USD/cwt,FOB/TIS,https://esmis.nal.usda.gov/sites/default/release-files/c821gj77m/2n49vb69b/hh63v412h/NW_LS421.TXT
2022-11-16,URUGUAY,Beef Trim,85,0-15 Days,,,,USD/cwt,FOB/TIS,https://esmis.nal.usda.gov/sites/default/release-files/c821gj77m/2n49vb69b/hh63v412h/NW_LS421.TXT
2022-11-16,URUGUAY,Beef Trim,80,0-15 Days,,,,USD/cwt,FOB/TIS,https://esmis.nal.usda.gov/sites/default/release-files/c821gj77m/2n49vb69b/hh63v412h/NW_LS421.TXT
2022-11-16,URUGUAY,Beef Trim,75,0-15 Days,,,,USD/cwt,FOB/TIS,https://esmis.nal.usda.gov/sites/default/release-files/c821gj77m/2n49vb69b/hh63v412h/NW_LS421.TXT
2022-11-18,AUSTRALIA AND NEW ZEALAND,Beef Trim,85,0-15 Days,East Coast,233.00,235.00,USD/cwt,FOB/TIS,https://esmis.nal.usda.gov/sites/default/release-files/c821gj77m/w3764j425/44559q69f/NW_LS421.TXT
2022-11-18,AUSTRALIA AND NEW ZEALAND,Beef Trim,80,0-15 Days,East Coast,225.00,225.00,USD/cwt,FOB/TIS,https://esmis.nal.usda.gov/sites/default/release-files/c821gj77m/w3764j425/44559q69f/NW_LS421.TXT
2022-11-18,AUSTRALIA AND NEW ZEALAND,Beef Trim,75,0-15 Days,East Coast,,,USD/cwt,FOB/TIS,https://esmis.nal.usda.gov/sites/default/release-files/c821gj77m/w3764j425/44559q69f/NW_LS421.TXT
2022-11-18,AUSTRALIA AND NEW ZEALAND,Beef Trim,70,0-15 Days,East Coast,,,USD/cwt,FOB/TIS,https://esmis.nal.usda.gov/sites/default/release-files/c821gj77m/w3764j425/44559q69f/NW_LS421.TXT
2022-11-18,AUSTRALIA AND NEW ZEALAND,Beef Trim,65,0-15 Days,East Coast,,,USD/cwt,FOB/TIS,https://esmis.nal.usda.gov/sites/default/release-files/c821gj77m/w3764j425/44559q69f/NW_LS421.TXT
2022-11-18,URUGUAY,Beef Trim,85,0-15 Days,,,,USD/cwt,FOB/TIS,https://esmis.nal.usda.gov/sites/default/release-files/c821gj77m/w3764j425/44559q69f/NW_LS421.TXT
2022-11-18,URUGUAY,Beef Trim,80,0-15 Days,,,,USD/cwt,FOB/TIS,https://esmis.nal.usda.gov/sites/default/release-files/c821gj77m/w3764j425/44559q69f/NW_LS421.TXT
2022-11-18,URUGUAY,Beef Trim,75,0-15 Days,,,,USD/cwt,FOB/TIS,https://esmis.nal.usda.gov/sites/default/release-files/c821gj77m/w3764j425/44559q69f/NW_LS421.TXT
2022-11-23,AUSTRALIA AND NEW ZEALAND,Beef Trim,85,0-15 Days,East Coast,,,USD/cwt,FOB/TIS,https://esmis.nal.usda.gov/sites/default/release-files/c821gj77m/2j62tg01c/hq37wz38f/NW_LS421.TXT
2022-11-23,AUSTRALIA AND NEW ZEALAND,Beef Trim,80,0-15 Days,East Coast,,,USD/cwt,FOB/TIS,https://esmis.nal.usda.gov/sites/default/release-files/c821gj77m/2j62tg01c/hq37wz38f/NW_LS421.TXT
2022-11-23,AUSTRALIA AND NEW ZEALAND,Beef Trim,75,0-15 Days,East Coast,,,USD/cwt,FOB/TIS,https://esmis.nal.usda.gov/sites/default/release-files/c821gj77m/2j62tg01c/hq37wz38f/NW_LS421.TXT
2022-11-23,AUSTRALIA AND NEW ZEALAND,Beef Trim,70,0-15 Days,East Coast,,,USD/cwt,FOB/TIS,https://esmis.nal.usda.gov/sites/default/release-files/c821gj77m/2j62tg01c/hq37wz38f/NW_LS421.TXT
2022-11-23,AUSTRALIA AND NEW ZEALAND,Beef Trim,65,0-15 Days,East Coast,,,USD/cwt,FOB/TIS,https://esmis.nal.usda.gov/sites/default/release-files/c821gj77m/2j62tg01c/hq37wz38f/NW_LS421.TXT
2022-11-23,URUGUAY,Beef Trim,85,0-15 Days,,,,USD/cwt,FOB/TIS,https://esmis.nal.usda.gov/sites/default/release-files/c821gj77m/2j62tg01c/hq37wz38f/NW_LS421.TXT
2022-11-23,URUGUAY,Beef Trim,80,0-15 Days,,,,USD/cwt,FOB/TIS,https://esmis.nal.usda.gov/sites/default/release-files/c821gj77m/2j62tg01c/hq37wz38f/NW_LS421.TXT
2022-11-23,URUGUAY,Beef Trim,75,0-15 Days,,,,USD/cwt,FOB/TIS,https://esmis.nal.usda.gov/sites/default/release-files/c821gj77m/2j62tg01c/hq37wz38f/NW_LS421.TXT
2022-11-25,AUSTRALIA AND NEW ZEALAND,Beef Trim,85,0-15 Days,East Coast,,,USD/cwt,FOB/TIS,https://esmis.nal.usda.gov/sites/default/release-files/c821gj77m/7m01cw368/8w32sg04m/NW_LS421.TXT
2022-11-25,AUSTRALIA AND NEW ZEALAND,Beef Trim,80,0-15 Days,East Coast,,,USD/cwt,FOB/TIS,https://esmis.nal.usda.gov/sites/default/release-files/c821gj77m/7m01cw368/8w32sg04m/NW_LS421.TXT
2022-11-25,AUSTRALIA AND NEW ZEALAND,Beef Trim,75,0-15 Days,East Coast,,,USD/cwt,FOB/TIS,https://esmis.nal.usda.gov/sites/default/release-files/c821gj77m/7m01cw368/8w32sg04m/NW_LS421.TXT
2022-11-25,AUSTRALIA AND NEW ZEALAND,Beef Trim,70,0-15 Days,East Coast,,,USD/cwt,FOB/TIS,https://esmis.nal.usda.gov/sites/default/release-files/c821gj77m/7m01cw368/8w32sg04m/NW_LS421.TXT
2022-11-25,AUSTRALIA AND NEW ZEALAND,Beef Trim,65,0-15 Days,East Coast,,,USD/cwt,FOB/TIS,https://esmis.nal.usda.gov/sites/default/release-files/c821gj77m/7m01cw368/8w32sg04m/NW_LS421.TXT
2022-11-25,URUGUAY,Beef Trim,85,0-15 Days,,,,USD/cwt,FOB/TIS,https://esmis.nal.usda.gov/sites/default/release-files/c821gj77m/7m01cw368/8w32sg04m/NW_LS421.TXT
2022-11-25,URUGUAY,Beef Trim,80,0-15 Days,,,,USD/cwt,FOB/TIS,https://esmis.nal.usda.gov/sites/default/release-files/c821gj77m/7m01cw368/8w32sg04m/NW_LS421.TXT
2022-11-25,URUGUAY,Beef Trim,75,0-15 Days,,,,USD/cwt,FOB/TIS,https://esmis.nal.usda.gov/sites/default/release-files/c821gj77m/7m01cw368/8w32sg04m/NW_LS421.TXT
2022-11-30,AUSTRALIA AND NEW ZEALAND,Beef Trim,85,0-15 Days,East Coast,218.00,222.00,USD/cwt,FOB/TIS,https://esmis.nal.usda.gov/sites/default/release-files/c821gj77m/x633gb16f/9g54zt45g/NW_LS421.TXT
2022-11-30,AUSTRALIA AND NEW ZEALAND,Beef Trim,80,0-15 Days,East Coast,210.00,215.00,USD/cwt,FOB/TIS,https://esmis.nal.usda.gov/sites/default/release-files/c821gj77m/x633gb16f/9g54zt45g/NW_LS421.TXT
2022-11-30,AUSTRALIA AND NEW ZEALAND,Beef Trim,75,0-15 Days,East Coast,,,USD/cwt,FOB/TIS,https://esmis.nal.usda.gov/sites/default/release-files/c821gj77m/x633gb16f/9g54zt45g/NW_LS421.TXT
2022-11-30,AUSTRALIA AND NEW ZEALAND,Beef Trim,70,0-15 Days,East Coast,,,USD/cwt,FOB/TIS,https://esmis.nal.usda.gov/sites/default/release-files/c821gj77m/x633gb16f/9g54zt45g/NW_LS421.TXT
2022-11-30,AUSTRALIA AND NEW ZEALAND,Beef Trim,65,0-15 Days,East Coast,,,USD/cwt,FOB/TIS,https://esmis.nal.usda.gov/sites/default/release-files/c821gj77m/x633gb16f/9g54zt45g/NW_LS421.TXT
2022-11-30,URUGUAY,Beef Trim,85,0-15 Days,,,,USD/cwt,FOB/TIS,https://esmis.nal.usda.gov/sites/default/release-files/c821gj77m/x633gb16f/9g54zt45g/NW_LS421.TXT
2022-11-30,URUGUAY,Beef Trim,80,0-15 Days,,,,USD/cwt,FOB/TIS,https://esmis.nal.usda.gov/sites/default/release-files/c821gj77m/x633gb16f/9g54zt45g/NW_LS421.TXT
2022-11-30,URUGUAY,Beef Trim,75,0-15 Days,,,,USD/cwt,FOB/TIS,https://esmis.nal.usda.gov/sites/default/release-files/c821gj77m/x633gb16f/9g54zt45g/NW_LS421.TXT
2022-12-02,AUSTRALIA AND NEW ZEALAND,Beef Trim,85,0-15 Days,East Coast,218.00,225.00,USD/cwt,FOB/TIS,https://esmis.nal.usda.gov/sites/default/release-files/c821gj77m/sj13bc73x/vm410299q/NW_LS421.TXT
2022-12-02,AUSTRALIA AND NEW ZEALAND,Beef Trim,80,0-15 Days,East Coast,210.00,215.00,USD/cwt,FOB/TIS,https://esmis.nal.usda.gov/sites/default/release-files/c821gj77m/sj13bc73x/vm410299q/NW_LS421.TXT
2022-12-02,AUSTRALIA AND NEW ZEALAND,Beef Trim,75,0-15 Days,East Coast,,,USD/cwt,FOB/TIS,https://esmis.nal.usda.gov/sites/default/release-files/c821gj77m/sj13bc73x/vm410299q/NW_LS421.TXT
2022-12-02,AUSTRALIA AND NEW ZEALAND,Beef Trim,70,0-15 Days,East Coast,,,USD/cwt,FOB/TIS,https://esmis.nal.usda.gov/sites/default/release-files/c821gj77m/sj13bc73x/vm410299q/NW_LS421.TXT
2022-12-02,AUSTRALIA AND NEW ZEALAND,Beef Trim,65,0-15 Days,East Coast,,,USD/cwt,FOB/TIS,https://esmis.nal.usda.gov/sites/default/release-files/c821gj77m/sj13bc73x/vm410299q/NW_LS421.TXT
2022-12-02,URUGUAY,Beef Trim,85,0-15 Days,,,,USD/cwt,FOB/TIS,https://esmis.nal.usda.gov/sites/default/release-files/c821gj77m/sj13bc73x/vm410299q/NW_LS421.TXT
2022-12-02,URUGUAY,Beef Trim,80,0-15 Days,,,,USD/cwt,FOB/TIS,https://esmis.nal.usda.gov/sites/default/release-files/c821gj77m/sj13bc73x/vm410299q/NW_LS421.TXT
2022-12-02,URUGUAY,Beef Trim,75,0-15 Days,,,,USD/cwt,FOB/TIS,https://esmis.nal.usda.gov/sites/default/release-files/c821gj77m/sj13bc73x/vm410299q/NW_LS421.TXT
2022-12-07,AUSTRALIA AND NEW ZEALAND,Beef Trim,85,0-15 Days,East Coast,218.00,223.00,USD/cwt,FOB/TIS,https://esmis.nal.usda.gov/sites/default/release-files/c821gj77m/0z70b7323/r494ww40b/NW_LS421.TXT
2022-12-07,AUSTRALIA AND NEW ZEALAND,Beef Trim,80,0-15 Days,East Coast,210.00,215.00,USD/cwt,FOB/TIS,https://esmis.nal.usda.gov/sites/default/release-files/c821gj77m/0z70b7323/r494ww40b/NW_LS421.TXT
2022-12-07,AUSTRALIA AND NEW ZEALAND,Beef Trim,75,0-15 Days,East Coast,,,USD/cwt,FOB/TIS,https://esmis.nal.usda.gov/sites/default/release-files/c821gj77m/0z70b7323/r494ww40b/NW_LS421.TXT
2022-12-07,AUSTRALIA AND NEW ZEALAND,Beef Trim,70,0-15 Days,East Coast,,,USD/cwt,FOB/TIS,https://esmis.nal.usda.gov/sites/default/release-files/c821gj77m/0z70b7323/r494ww40b/NW_LS421.TXT
2022-12-07,AUSTRALIA AND NEW ZEALAND,Beef Trim,65,0-15 Days,East Coast,,,USD/cwt,FOB/TIS,https://esmis.nal.usda.gov/sites/default/release-files/c821gj77m/0z70b7323/r494ww40b/NW_LS421.TXT
2022-12-07,URUGUAY,Beef Trim,85,0-15 Days,,,,USD/cwt,FOB/TIS,https://esmis.nal.usda.gov/sites/default/release-files/c821gj77m/0z70b7323/r494ww40b/NW_LS421.TXT
2022-12-07,URUGUAY,Beef Trim,80,0-15 Days,,,,USD/cwt,FOB/TIS,https://esmis.nal.usda.gov/sites/default/release-files/c821gj77m/0z70b7323/r494ww40b/NW_LS421.TXT
2022-12-07,URUGUAY,Beef Trim,75,0-15 Days,,,,USD/cwt,FOB/TIS,https://esmis.nal.usda.gov/sites/default/release-files/c821gj77m/0z70b7323/r494ww40b/NW_LS421.TXT
2022-12-09,AUSTRALIA AND NEW ZEALAND,Beef Trim,85,0-15 Days,East Coast,218.00,223.00,USD/cwt,FOB/TIS,https://esmis.nal.usda.gov/sites/default/release-files/c821gj77m/f4753t07j/z316rc63f/NW_LS421.TXT
2022-12-09,AUSTRALIA AND NEW ZEALAND,Beef Trim,80,0-15 Days,East Coast,210.00,215.00,USD/cwt,FOB/TIS,https://esmis.nal.usda.gov/sites/default/release-files/c821gj77m/f4753t07j/z316rc63f/NW_LS421.TXT
2022-12-09,AUSTRALIA AND NEW ZEALAND,Beef Trim,75,0-15 Days,East Coast,,,USD/cwt,FOB/TIS,https://esmis.nal.usda.gov/sites/default/release-files/c821gj77m/f4753t07j/z316rc63f/NW_LS421.TXT
2022-12-09,AUSTRALIA AND NEW ZEALAND,Beef Trim,70,0-15 Days,East Coast,,,USD/cwt,FOB/TIS,https://esmis.nal.usda.gov/sites/default/release-files/c821gj77m/f4753t07j/z316rc63f/NW_LS421.TXT
2022-12-09,AUSTRALIA AND NEW ZEALAND,Beef Trim,65,0-15 Days,East Coast,,,USD/cwt,FOB/TIS,https://esmis.nal.usda.gov/sites/default/release-files/c821gj77m/f4753t07j/z316rc63f/NW_LS421.TXT
2022-12-09,URUGUAY,Beef Trim,85,0-15 Days,,,,USD/cwt,FOB/TIS,https://esmis.nal.usda.gov/sites/default/release-files/c821gj77m/f4753t07j/z316rc63f/NW_LS421.TXT
2022-12-09,URUGUAY,Beef Trim,80,0-15 Days,,,,USD/cwt,FOB/TIS,https://esmis.nal.usda.gov/sites/default/release-files/c821gj77m/f4753t07j/z316rc63f/NW_LS421.TXT
2022-12-09,URUGUAY,Beef Trim,75,0-15 Days,,,,USD/cwt,FOB/TIS,https://esmis.nal.usda.gov/sites/default/release-files/c821gj77m/f4753t07j/z316rc63f/NW_LS421.TXT
2022-12-14,AUSTRALIA AND NEW ZEALAND,Beef Trim,85,0-15 Days,East Coast,218.00,223.00,USD/cwt,FOB/TIS,https://esmis.nal.usda.gov/sites/default/release-files/c821gj77m/1n79jf44t/vt151v52d/NW_LS421.TXT
2022-12-14,AUSTRALIA AND NEW ZEALAND,Beef Trim,80,0-15 Days,East Coast,210.00,215.00,USD/cwt,FOB/TIS,https://esmis.nal.usda.gov/sites/default/release-files/c821gj77m/1n79jf44t/vt151v52d/NW_LS421.TXT
2022-12-14,AUSTRALIA AND NEW ZEALAND,Beef Trim,75,0-15 Days,East Coast,,,USD/cwt,FOB/TIS,https://esmis.nal.usda.gov/sites/default/release-files/c821gj77m/1n79jf44t/vt151v52d/NW_LS421.TXT
2022-12-14,AUSTRALIA AND NEW ZEALAND,Beef Trim,70,0-15 Days,East Coast,,,USD/cwt,FOB/TIS,https://esmis.nal.usda.gov/sites/default/release-files/c821gj77m/1n79jf44t/vt151v52d/NW_LS421.TXT
2022-12-14,AUSTRALIA AND NEW ZEALAND,Beef Trim,65,0-15 Days,East Coast,,,USD/cwt,FOB/TIS,https://esmis.nal.usda.gov/sites/default/release-files/c821gj77m/1n79jf44t/vt151v52d/NW_LS421.TXT
2022-12-14,URUGUAY,Beef Trim,85,0-15 Days,,,,USD/cwt,FOB/TIS,https://esmis.nal.usda.gov/sites/default/release-files/c821gj77m/1n79jf44t/vt151v52d/NW_LS421.TXT
2022-12-14,URUGUAY,Beef Trim,80,0-15 Days,,,,USD/cwt,FOB/TIS,https://esmis.nal.usda.gov/sites/default/release-files/c821gj77m/1n79jf44t/vt151v52d/NW_LS421.TXT
2022-12-14,URUGUAY,Beef Trim,75,0-15 Days,,,,USD/cwt,FOB/TIS,https://esmis.nal.usda.gov/sites/default/release-files/c821gj77m/1n79jf44t/vt151v52d/NW_LS421.TXT
2022-12-16,AUSTRALIA AND NEW ZEALAND,Beef Trim,85,0-15 Days,East Coast,218.00,223.00,USD/cwt,FOB/TIS,https://esmis.nal.usda.gov/sites/default/release-files/c821gj77m/cn69nd46x/5m60s329k/NW_LS421.TXT
2022-12-16,AUSTRALIA AND NEW ZEALAND,Beef Trim,80,0-15 Days,East Coast,210.00,215.00,USD/cwt,FOB/TIS,https://esmis.nal.usda.gov/sites/default/release-files/c821gj77m/cn69nd46x/5m60s329k/NW_LS421.TXT
2022-12-16,AUSTRALIA AND NEW ZEALAND,Beef Trim,75,0-15 Days,East Coast,,,USD/cwt,FOB/TIS,https://esmis.nal.usda.gov/sites/default/release-files/c821gj77m/cn69nd46x/5m60s329k/NW_LS421.TXT
2022-12-16,AUSTRALIA AND NEW ZEALAND,Beef Trim,70,0-15 Days,East Coast,,,USD/cwt,FOB/TIS,https://esmis.nal.usda.gov/sites/default/release-files/c821gj77m/cn69nd46x/5m60s329k/NW_LS421.TXT
2022-12-16,AUSTRALIA AND NEW ZEALAND,Beef Trim,65,0-15 Days,East Coast,,,USD/cwt,FOB/TIS,https://esmis.nal.usda.gov/sites/default/release-files/c821gj77m/cn69nd46x/5m60s329k/NW_LS421.TXT
2022-12-16,URUGUAY,Beef Trim,85,0-15 Days,,,,USD/cwt,FOB/TIS,https://esmis.nal.usda.gov/sites/default/release-files/c821gj77m/cn69nd46x/5m60s329k/NW_LS421.TXT
2022-12-16,URUGUAY,Beef Trim,80,0-15 Days,,,,USD/cwt,FOB/TIS,https://esmis.nal.usda.gov/sites/default/release-files/c821gj77m/cn69nd46x/5m60s329k/NW_LS421.TXT
2022-12-16,URUGUAY,Beef Trim,75,0-15 Days,,,,USD/cwt,FOB/TIS,https://esmis.nal.usda.gov/sites/default/release-files/c821gj77m/cn69nd46x/5m60s329k/NW_LS421.TXT
2022-12-21,AUSTRALIA AND NEW ZEALAND,Beef Trim,85,0-15 Days,East Coast,,,USD/cwt,FOB/TIS,https://esmis.nal.usda.gov/sites/default/release-files/c821gj77m/vt151v760/bn99bj171/NW_LS421.TXT
2022-12-21,AUSTRALIA AND NEW ZEALAND,Beef Trim,80,0-15 Days,East Coast,,,USD/cwt,FOB/TIS,https://esmis.nal.usda.gov/sites/default/release-files/c821gj77m/vt151v760/bn99bj171/NW_LS421.TXT
2022-12-21,AUSTRALIA AND NEW ZEALAND,Beef Trim,75,0-15 Days,East Coast,,,USD/cwt,FOB/TIS,https://esmis.nal.usda.gov/sites/default/release-files/c821gj77m/vt151v760/bn99bj171/NW_LS421.TXT
2022-12-21,AUSTRALIA AND NEW ZEALAND,Beef Trim,70,0-15 Days,East Coast,,,USD/cwt,FOB/TIS,https://esmis.nal.usda.gov/sites/default/release-files/c821gj77m/vt151v760/bn99bj171/NW_LS421.TXT
2022-12-21,AUSTRALIA AND NEW ZEALAND,Beef Trim,65,0-15 Days,East Coast,,,USD/cwt,FOB/TIS,https://esmis.nal.usda.gov/sites/default/release-files/c821gj77m/vt151v760/bn99bj171/NW_LS421.TXT
2022-12-21,URUGUAY,Beef Trim,85,0-15 Days,,,,USD/cwt,FOB/TIS,https://esmis.nal.usda.gov/sites/default/release-files/c821gj77m/vt151v760/bn99bj171/NW_LS421.TXT
2022-12-21,URUGUAY,Beef Trim,80,0-15 Days,,,,USD/cwt,FOB/TIS,https://esmis.nal.usda.gov/sites/default/release-files/c821gj77m/vt151v760/bn99bj171/NW_LS421.TXT
2022-12-21,URUGUAY,Beef Trim,75,0-15 Days,,,,USD/cwt,FOB/TIS,https://esmis.nal.usda.gov/sites/default/release-files/c821gj77m/vt151v760/bn99bj171/NW_LS421.TXT
2022-12-23,AUSTRALIA AND NEW ZEALAND,Beef Trim,85,0-15 Days,East Coast,,,USD/cwt,FOB/TIS,https://esmis.nal.usda.gov/sites/default/release-files/c821gj77m/f4753t43d/s4656r530/NW_LS421.TXT
2022-12-23,AUSTRALIA AND NEW ZEALAND,Beef Trim,80,0-15 Days,East Coast,,,USD/cwt,FOB/TIS,https://esmis.nal.usda.gov/sites/default/release-files/c821gj77m/f4753t43d/s4656r530/NW_LS421.TXT
2022-12-23,AUSTRALIA AND NEW ZEALAND,Beef Trim,75,0-15 Days,East Coast,,,USD/cwt,FOB/TIS,https://esmis.nal.usda.gov/sites/default/release-files/c821gj77m/f4753t43d/s4656r530/NW_LS421.TXT
2022-12-23,AUSTRALIA AND NEW ZEALAND,Beef Trim,70,0-15 Days,East Coast,,,USD/cwt,FOB/TIS,https://esmis.nal.usda.gov/sites/default/release-files/c821gj77m/f4753t43d/s4656r530/NW_LS421.TXT
2022-12-23,AUSTRALIA AND NEW ZEALAND,Beef Trim,65,0-15 Days,East Coast,,,USD/cwt,FOB/TIS,https://esmis.nal.usda.gov/sites/default/release-files/c821gj77m/f4753t43d/s4656r530/NW_LS421.TXT
2022-12-23,URUGUAY,Beef Trim,85,0-15 Days,,,,USD/cwt,FOB/TIS,https://esmis.nal.usda.gov/sites/default/release-files/c821gj77m/f4753t43d/s4656r530/NW_LS421.TXT
2022-12-23,URUGUAY,Beef Trim,80,0-15 Days,,,,USD/cwt,FOB/TIS,https://esmis.nal.usda.gov/sites/default/release-files/c821gj77m/f4753t43d/s4656r530/NW_LS421.TXT
2022-12-23,URUGUAY,Beef Trim,75,0-15 Days,,,,USD/cwt,FOB/TIS,https://esmis.nal.usda.gov/sites/default/release-files/c821gj77m/f4753t43d/s4656r530/NW_LS421.TXT
2022-12-28,AUSTRALIA AND NEW ZEALAND,Beef Trim,85,0-15 Days,East Coast,,,USD/cwt,FOB/TIS,https://esmis.nal.usda.gov/sites/default/release-files/c821gj77m/2b88rr19r/dj52xg502/NW_LS421.TXT
2022-12-28,AUSTRALIA AND NEW ZEALAND,Beef Trim,80,0-15 Days,East Coast,,,USD/cwt,FOB/TIS,https://esmis.nal.usda.gov/sites/default/release-files/c821gj77m/2b88rr19r/dj52xg502/NW_LS421.TXT
2022-12-28,AUSTRALIA AND NEW ZEALAND,Beef Trim,75,0-15 Days,East Coast,,,USD/cwt,FOB/TIS,https://esmis.nal.usda.gov/sites/default/release-files/c821gj77m/2b88rr19r/dj52xg502/NW_LS421.TXT
2022-12-28,AUSTRALIA AND NEW ZEALAND,Beef Trim,70,0-15 Days,East Coast,,,USD/cwt,FOB/TIS,https://esmis.nal.usda.gov/sites/default/release-files/c821gj77m/2b88rr19r/dj52xg502/NW_LS421.TXT
2022-12-28,AUSTRALIA AND NEW ZEALAND,Beef Trim,65,0-15 Days,East Coast,,,USD/cwt,FOB/TIS,https://esmis.nal.usda.gov/sites/default/release-files/c821gj77m/2b88rr19r/dj52xg502/NW_LS421.TXT
2022-12-28,URUGUAY,Beef Trim,85,0-15 Days,,,,USD/cwt,FOB/TIS,https://esmis.nal.usda.gov/sites/default/release-files/c821gj77m/2b88rr19r/dj52xg502/NW_LS421.TXT
2022-12-28,URUGUAY,Beef Trim,80,0-15 Days,,,,USD/cwt,FOB/TIS,https://esmis.nal.usda.gov/sites/default/release-files/c821gj77m/2b88rr19r/dj52xg502/NW_LS421.TXT
2022-12-28,URUGUAY,Beef Trim,75,0-15 Days,,,,USD/cwt,FOB/TIS,https://esmis.nal.usda.gov/sites/default/release-files/c821gj77m/2b88rr19r/dj52xg502/NW_LS421.TXT
2022-12-30,AUSTRALIA AND NEW ZEALAND,Beef Trim,85,0-15 Days,East Coast,,,USD/cwt,FOB/TIS,https://esmis.nal.usda.gov/sites/default/release-files/c821gj77m/d504sx71t/c247g415r/NW_LS421.TXT
2022-12-30,AUSTRALIA AND NEW ZEALAND,Beef Trim,80,0-15 Days,East Coast,,,USD/cwt,FOB/TIS,https://esmis.nal.usda.gov/sites/default/release-files/c821gj77m/d504sx71t/c247g415r/NW_LS421.TXT
2022-12-30,AUSTRALIA AND NEW ZEALAND,Beef Trim,75,0-15 Days,East Coast,,,USD/cwt,FOB/TIS,https://esmis.nal.usda.gov/sites/default/release-files/c821gj77m/d504sx71t/c247g415r/NW_LS421.TXT
2022-12-30,AUSTRALIA AND NEW ZEALAND,Beef Trim,70,0-15 Days,East Coast,,,USD/cwt,FOB/TIS,https://esmis.nal.usda.gov/sites/default/release-files/c821gj77m/d504sx71t/c247g415r/NW_LS421.TXT
2022-12-30,AUSTRALIA AND NEW ZEALAND,Beef Trim,65,0-15 Days,East Coast,,,USD/cwt,FOB/TIS,https://esmis.nal.usda.gov/sites/default/release-files/c821gj77m/d504sx71t/c247g415r/NW_LS421.TXT
2022-12-30,URUGUAY,Beef Trim,85,0-15 Days,,,,USD/cwt,FOB/TIS,https://esmis.nal.usda.gov/sites/default/release-files/c821gj77m/d504sx71t/c247g415r/NW_LS421.TXT
2022-12-30,URUGUAY,Beef Trim,80,0-15 Days,,,,USD/cwt,FOB/TIS,https://esmis.nal.usda.gov/sites/default/release-files/c821gj77m/d504sx71t/c247g415r/NW_LS421.TXT
2022-12-30,URUGUAY,Beef Trim,75,0-15 Days,,,,USD/cwt,FOB/TIS,https://esmis.nal.usda.gov/sites/default/release-files/c821gj77m/d504sx71t/c247g415r/NW_LS421.TXT
2023-01-04,AUSTRALIA AND NEW ZEALAND,Beef Trim,85,0-15 Days,East Coast,,,USD/cwt,FOB/TIS,https://esmis.nal.usda.gov/sites/default/release-files/c821gj77m/d217s0687/vm410364t/NW_LS421.TXT
2023-01-04,AUSTRALIA AND NEW ZEALAND,Beef Trim,80,0-15 Days,East Coast,,,USD/cwt,FOB/TIS,https://esmis.nal.usda.gov/sites/default/release-files/c821gj77m/d217s0687/vm410364t/NW_LS421.TXT
2023-01-04,AUSTRALIA AND NEW ZEALAND,Beef Trim,75,0-15 Days,East Coast,,,USD/cwt,FOB/TIS,https://esmis.nal.usda.gov/sites/default/release-files/c821gj77m/d217s0687/vm410364t/NW_LS421.TXT
2023-01-04,AUSTRALIA AND NEW ZEALAND,Beef Trim,70,0-15 Days,East Coast,,,USD/cwt,FOB/TIS,https://esmis.nal.usda.gov/sites/default/release-files/c821gj77m/d217s0687/vm410364t/NW_LS421.TXT
2023-01-04,AUSTRALIA AND NEW ZEALAND,Beef Trim,65,0-15 Days,East Coast,,,USD/cwt,FOB/TIS,https://esmis.nal.usda.gov/sites/default/release-files/c821gj77m/d217s0687/vm410364t/NW_LS421.TXT
2023-01-04,URUGUAY,Beef Trim,85,0-15 Days,,,,USD/cwt,FOB/TIS,https://esmis.nal.usda.gov/sites/default/release-files/c821gj77m/d217s0687/vm410364t/NW_LS421.TXT
2023-01-04,URUGUAY,Beef Trim,80,0-15 Days,,,,USD/cwt,FOB/TIS,https://esmis.nal.usda.gov/sites/default/release-files/c821gj77m/d217s0687/vm410364t/NW_LS421.TXT
2023-01-04,URUGUAY,Beef Trim,75,0-15 Days,,,,USD/cwt,FOB/TIS,https://esmis.nal.usda.gov/sites/default/release-files/c821gj77m/d217s0687/vm410364t/NW_LS421.TXT
2023-01-06,AUSTRALIA AND NEW ZEALAND,Beef Trim,85,0-15 Days,East Coast,215.00,219.00,USD/cwt,FOB/TIS,https://esmis.nal.usda.gov/sites/default/release-files/c821gj77m/6q183x327/7w62gm14d/NW_LS421.TXT
2023-01-06,AUSTRALIA AND NEW ZEALAND,Beef Trim,80,0-15 Days,East Coast,207.00,209.00,USD/cwt,FOB/TIS,https://esmis.nal.usda.gov/sites/default/release-files/c821gj77m/6q183x327/7w62gm14d/NW_LS421.TXT
2023-01-06,AUSTRALIA AND NEW ZEALAND,Beef Trim,75,0-15 Days,East Coast,,,USD/cwt,FOB/TIS,https://esmis.nal.usda.gov/sites/default/release-files/c821gj77m/6q183x327/7w62gm14d/NW_LS421.TXT
2023-01-06,AUSTRALIA AND NEW ZEALAND,Beef Trim,70,0-15 Days,East Coast,,,USD/cwt,FOB/TIS,https://esmis.nal.usda.gov/sites/default/release-files/c821gj77m/6q183x327/7w62gm14d/NW_LS421.TXT
2023-01-06,AUSTRALIA AND NEW ZEALAND,Beef Trim,65,0-15 Days,East Coast,,,USD/cwt,FOB/TIS,https://esmis.nal.usda.gov/sites/default/release-files/c821gj77m/6q183x327/7w62gm14d/NW_LS421.TXT
2023-01-06,URUGUAY,Beef Trim,85,0-15 Days,,,,USD/cwt,FOB/TIS,https://esmis.nal.usda.gov/sites/default/release-files/c821gj77m/6q183x327/7w62gm14d/NW_LS421.TXT
2023-01-06,URUGUAY,Beef Trim,80,0-15 Days,,,,USD/cwt,FOB/TIS,https://esmis.nal.usda.gov/sites/default/release-files/c821gj77m/6q183x327/7w62gm14d/NW_LS421.TXT
2023-01-06,URUGUAY,Beef Trim,75,0-15 Days,,,,USD/cwt,FOB/TIS,https://esmis.nal.usda.gov/sites/default/release-files/c821gj77m/6q183x327/7w62gm14d/NW_LS421.TXT
2023-01-11,AUSTRALIA AND NEW ZEALAND,Beef Trim,85,0-15 Days,East Coast,215.00,219.00,USD/cwt,FOB/TIS,https://esmis.nal.usda.gov/sites/default/release-files/c821gj77m/0k226p37g/x059dm285/NW_LS421.TXT
2023-01-11,AUSTRALIA AND NEW ZEALAND,Beef Trim,80,0-15 Days,East Coast,208.00,210.00,USD/cwt,FOB/TIS,https://esmis.nal.usda.gov/sites/default/release-files/c821gj77m/0k226p37g/x059dm285/NW_LS421.TXT
2023-01-11,AUSTRALIA AND NEW ZEALAND,Beef Trim,75,0-15 Days,East Coast,,,USD/cwt,FOB/TIS,https://esmis.nal.usda.gov/sites/default/release-files/c821gj77m/0k226p37g/x059dm285/NW_LS421.TXT
2023-01-11,AUSTRALIA AND NEW ZEALAND,Beef Trim,70,0-15 Days,East Coast,,,USD/cwt,FOB/TIS,https://esmis.nal.usda.gov/sites/default/release-files/c821gj77m/0k226p37g/x059dm285/NW_LS421.TXT
2023-01-11,AUSTRALIA AND NEW ZEALAND,Beef Trim,65,0-15 Days,East Coast,,,USD/cwt,FOB/TIS,https://esmis.nal.usda.gov/sites/default/release-files/c821gj77m/0k226p37g/x059dm285/NW_LS421.TXT
2023-01-11,URUGUAY,Beef Trim,85,0-15 Days,,,,USD/cwt,FOB/TIS,https://esmis.nal.usda.gov/sites/default/release-files/c821gj77m/0k226p37g/x059dm285/NW_LS421.TXT
2023-01-11,URUGUAY,Beef Trim,80,0-15 Days,,,,USD/cwt,FOB/TIS,https://esmis.nal.usda.gov/sites/default/release-files/c821gj77m/0k226p37g/x059dm285/NW_LS421.TXT
2023-01-11,URUGUAY,Beef Trim,75,0-15 Days,,,,USD/cwt,FOB/TIS,https://esmis.nal.usda.gov/sites/default/release-files/c821gj77m/0k226p37g/x059dm285/NW_LS421.TXT
2023-01-13,AUSTRALIA AND NEW ZEALAND,Beef Trim,85,0-15 Days,East Coast,215.00,219.00,USD/cwt,FOB/TIS,https://esmis.nal.usda.gov/sites/default/release-files/c821gj77m/bn99bj56q/tm70p6153/NW_LS421.TXT
2023-01-13,AUSTRALIA AND NEW ZEALAND,Beef Trim,80,0-15 Days,East Coast,208.00,210.00,USD/cwt,FOB/TIS,https://esmis.nal.usda.gov/sites/default/release-files/c821gj77m/bn99bj56q/tm70p6153/NW_LS421.TXT
2023-01-13,AUSTRALIA AND NEW ZEALAND,Beef Trim,75,0-15 Days,East Coast,,,USD/cwt,FOB/TIS,https://esmis.nal.usda.gov/sites/default/release-files/c821gj77m/bn99bj56q/tm70p6153/NW_LS421.TXT
2023-01-13,AUSTRALIA AND NEW ZEALAND,Beef Trim,70,0-15 Days,East Coast,,,USD/cwt,FOB/TIS,https://esmis.nal.usda.gov/sites/default/release-files/c821gj77m/bn99bj56q/tm70p6153/NW_LS421.TXT
2023-01-13,AUSTRALIA AND NEW ZEALAND,Beef Trim,65,0-15 Days,East Coast,,,USD/cwt,FOB/TIS,https://esmis.nal.usda.gov/sites/default/release-files/c821gj77m/bn99bj56q/tm70p6153/NW_LS421.TXT
2023-01-13,URUGUAY,Beef Trim,85,0-15 Days,,,,USD/cwt,FOB/TIS,https://esmis.nal.usda.gov/sites/default/release-files/c821gj77m/bn99bj56q/tm70p6153/NW_LS421.TXT
2023-01-13,URUGUAY,Beef Trim,80,0-15 Days,,,,USD/cwt,FOB/TIS,https://esmis.nal.usda.gov/sites/default/release-files/c821gj77m/bn99bj56q/tm70p6153/NW_LS421.TXT
2023-01-13,URUGUAY,Beef Trim,75,0-15 Days,,,,USD/cwt,FOB/TIS,https://esmis.nal.usda.gov/sites/default/release-files/c821gj77m/bn99bj56q/tm70p6153/NW_LS421.TXT
2023-01-18,AUSTRALIA AND NEW ZEALAND,Beef Trim,85,0-15 Days,East Coast,215.00,218.00,USD/cwt,FOB/TIS,https://esmis.nal.usda.gov/sites/default/release-files/c821gj77m/69700b87g/5712nj88r/NW_LS421.TXT
2023-01-18,AUSTRALIA AND NEW ZEALAND,Beef Trim,80,0-15 Days,East Coast,206.00,208.00,USD/cwt,FOB/TIS,https://esmis.nal.usda.gov/sites/default/release-files/c821gj77m/69700b87g/5712nj88r/NW_LS421.TXT
2023-01-18,AUSTRALIA AND NEW ZEALAND,Beef Trim,75,0-15 Days,East Coast,,,USD/cwt,FOB/TIS,https://esmis.nal.usda.gov/sites/default/release-files/c821gj77m/69700b87g/5712nj88r/NW_LS421.TXT
2023-01-18,AUSTRALIA AND NEW ZEALAND,Beef Trim,70,0-15 Days,East Coast,,,USD/cwt,FOB/TIS,https://esmis.nal.usda.gov/sites/default/release-files/c821gj77m/69700b87g/5712nj88r/NW_LS421.TXT
2023-01-18,AUSTRALIA AND NEW ZEALAND,Beef Trim,65,0-15 Days,East Coast,,,USD/cwt,FOB/TIS,https://esmis.nal.usda.gov/sites/default/release-files/c821gj77m/69700b87g/5712nj88r/NW_LS421.TXT
2023-01-18,URUGUAY,Beef Trim,85,0-15 Days,,,,USD/cwt,FOB/TIS,https://esmis.nal.usda.gov/sites/default/release-files/c821gj77m/69700b87g/5712nj88r/NW_LS421.TXT
2023-01-18,URUGUAY,Beef Trim,80,0-15 Days,,,,USD/cwt,FOB/TIS,https://esmis.nal.usda.gov/sites/default/release-files/c821gj77m/69700b87g/5712nj88r/NW_LS421.TXT
2023-01-18,URUGUAY,Beef Trim,75,0-15 Days,,,,USD/cwt,FOB/TIS,https://esmis.nal.usda.gov/sites/default/release-files/c821gj77m/69700b87g/5712nj88r/NW_LS421.TXT
2023-01-20,AUSTRALIA AND NEW ZEALAND,Beef Trim,85,0-15 Days,East Coast,215.00,218.00,USD/cwt,FOB/TIS,https://esmis.nal.usda.gov/sites/default/release-files/c821gj77m/1j92hk683/vd66x9778/NW_LS421.TXT
2023-01-20,AUSTRALIA AND NEW ZEALAND,Beef Trim,80,0-15 Days,East Coast,206.00,208.00,USD/cwt,FOB/TIS,https://esmis.nal.usda.gov/sites/default/release-files/c821gj77m/1j92hk683/vd66x9778/NW_LS421.TXT
2023-01-20,AUSTRALIA AND NEW ZEALAND,Beef Trim,75,0-15 Days,East Coast,,,USD/cwt,FOB/TIS,https://esmis.nal.usda.gov/sites/default/release-files/c821gj77m/1j92hk683/vd66x9778/NW_LS421.TXT
2023-01-20,AUSTRALIA AND NEW ZEALAND,Beef Trim,70,0-15 Days,East Coast,,,USD/cwt,FOB/TIS,https://esmis.nal.usda.gov/sites/default/release-files/c821gj77m/1j92hk683/vd66x9778/NW_LS421.TXT
2023-01-20,AUSTRALIA AND NEW ZEALAND,Beef Trim,65,0-15 Days,East Coast,,,USD/cwt,FOB/TIS,https://esmis.nal.usda.gov/sites/default/release-files/c821gj77m/1j92hk683/vd66x9778/NW_LS421.TXT
2023-01-20,URUGUAY,Beef Trim,85,0-15 Days,,,,USD/cwt,FOB/TIS,https://esmis.nal.usda.gov/sites/default/release-files/c821gj77m/1j92hk683/vd66x9778/NW_LS421.TXT
2023-01-20,URUGUAY,Beef Trim,80,0-15 Days,,,,USD/cwt,FOB/TIS,https://esmis.nal.usda.gov/sites/default/release-files/c821gj77m/1j92hk683/vd66x9778/NW_LS421.TXT
2023-01-20,URUGUAY,Beef Trim,75,0-15 Days,,,,USD/cwt,FOB/TIS,https://esmis.nal.usda.gov/sites/default/release-files/c821gj77m/1j92hk683/vd66x9778/NW_LS421.TXT
2023-01-25,AUSTRALIA AND NEW ZEALAND,Beef Trim,85,0-15 Days,East Coast,218.00,221.00,USD/cwt,FOB/TIS,https://esmis.nal.usda.gov/sites/default/release-files/c821gj77m/9w033d04m/n296z923j/NW_LS421.TXT
2023-01-25,AUSTRALIA AND NEW ZEALAND,Beef Trim,80,0-15 Days,East Coast,206.00,206.00,USD/cwt,FOB/TIS,https://esmis.nal.usda.gov/sites/default/release-files/c821gj77m/9w033d04m/n296z923j/NW_LS421.TXT
2023-01-25,AUSTRALIA AND NEW ZEALAND,Beef Trim,75,0-15 Days,East Coast,,,USD/cwt,FOB/TIS,https://esmis.nal.usda.gov/sites/default/release-files/c821gj77m/9w033d04m/n296z923j/NW_LS421.TXT
2023-01-25,AUSTRALIA AND NEW ZEALAND,Beef Trim,70,0-15 Days,East Coast,,,USD/cwt,FOB/TIS,https://esmis.nal.usda.gov/sites/default/release-files/c821gj77m/9w033d04m/n296z923j/NW_LS421.TXT
2023-01-25,AUSTRALIA AND NEW ZEALAND,Beef Trim,65,0-15 Days,East Coast,,,USD/cwt,FOB/TIS,https://esmis.nal.usda.gov/sites/default/release-files/c821gj77m/9w033d04m/n296z923j/NW_LS421.TXT
2023-01-25,URUGUAY,Beef Trim,85,0-15 Days,,,,USD/cwt,FOB/TIS,https://esmis.nal.usda.gov/sites/default/release-files/c821gj77m/9w033d04m/n296z923j/NW_LS421.TXT
2023-01-25,URUGUAY,Beef Trim,80,0-15 Days,,,,USD/cwt,FOB/TIS,https://esmis.nal.usda.gov/sites/default/release-files/c821gj77m/9w033d04m/n296z923j/NW_LS421.TXT
2023-01-25,URUGUAY,Beef Trim,75,0-15 Days,,,,USD/cwt,FOB/TIS,https://esmis.nal.usda.gov/sites/default/release-files/c821gj77m/9w033d04m/n296z923j/NW_LS421.TXT
2023-01-27,AUSTRALIA AND NEW ZEALAND,Beef Trim,85,0-15 Days,East Coast,218.00,221.00,USD/cwt,FOB/TIS,https://esmis.nal.usda.gov/sites/default/release-files/c821gj77m/hd76tb313/7h14c2253/NW_LS421.TXT
2023-01-27,AUSTRALIA AND NEW ZEALAND,Beef Trim,80,0-15 Days,East Coast,206.00,206.00,USD/cwt,FOB/TIS,https://esmis.nal.usda.gov/sites/default/release-files/c821gj77m/hd76tb313/7h14c2253/NW_LS421.TXT
2023-01-27,AUSTRALIA AND NEW ZEALAND,Beef Trim,75,0-15 Days,East Coast,,,USD/cwt,FOB/TIS,https://esmis.nal.usda.gov/sites/default/release-files/c821gj77m/hd76tb313/7h14c2253/NW_LS421.TXT
2023-01-27,AUSTRALIA AND NEW ZEALAND,Beef Trim,70,0-15 Days,East Coast,,,USD/cwt,FOB/TIS,https://esmis.nal.usda.gov/sites/default/release-files/c821gj77m/hd76tb313/7h14c2253/NW_LS421.TXT
2023-01-27,AUSTRALIA AND NEW ZEALAND,Beef Trim,65,0-15 Days,East Coast,,,USD/cwt,FOB/TIS,https://esmis.nal.usda.gov/sites/default/release-files/c821gj77m/hd76tb313/7h14c2253/NW_LS421.TXT
2023-01-27,URUGUAY,Beef Trim,85,0-15 Days,,,,USD/cwt,FOB/TIS,https://esmis.nal.usda.gov/sites/default/release-files/c821gj77m/hd76tb313/7h14c2253/NW_LS421.TXT
2023-01-27,URUGUAY,Beef Trim,80,0-15 Days,,,,USD/cwt,FOB/TIS,https://esmis.nal.usda.gov/sites/default/release-files/c821gj77m/hd76tb313/7h14c2253/NW_LS421.TXT
2023-01-27,URUGUAY,Beef Trim,75,0-15 Days,,,,USD/cwt,FOB/TIS,https://esmis.nal.usda.gov/sites/default/release-files/c821gj77m/hd76tb313/7h14c2253/NW_LS421.TXT
2023-02-01,AUSTRALIA AND NEW ZEALAND,Beef Trim,85,0-15 Days,East Coast,221.00,223.00,USD/cwt,FOB/TIS,https://esmis.nal.usda.gov/sites/default/release-files/c821gj77m/c534h0625/rr1738200/NW_LS421.TXT
2023-02-01,AUSTRALIA AND NEW ZEALAND,Beef Trim,80,0-15 Days,East Coast,208.00,210.00,USD/cwt,FOB/TIS,https://esmis.nal.usda.gov/sites/default/release-files/c821gj77m/c534h0625/rr1738200/NW_LS421.TXT
2023-02-01,AUSTRALIA AND NEW ZEALAND,Beef Trim,75,0-15 Days,East Coast,,,USD/cwt,FOB/TIS,https://esmis.nal.usda.gov/sites/default/release-files/c821gj77m/c534h0625/rr1738200/NW_LS421.TXT
2023-02-01,AUSTRALIA AND NEW ZEALAND,Beef Trim,70,0-15 Days,East Coast,,,USD/cwt,FOB/TIS,https://esmis.nal.usda.gov/sites/default/release-files/c821gj77m/c534h0625/rr1738200/NW_LS421.TXT
2023-02-01,AUSTRALIA AND NEW ZEALAND,Beef Trim,65,0-15 Days,East Coast,,,USD/cwt,FOB/TIS,https://esmis.nal.usda.gov/sites/default/release-files/c821gj77m/c534h0625/rr1738200/NW_LS421.TXT
2023-02-01,URUGUAY,Beef Trim,85,0-15 Days,,,,USD/cwt,FOB/TIS,https://esmis.nal.usda.gov/sites/default/release-files/c821gj77m/c534h0625/rr1738200/NW_LS421.TXT
2023-02-01,URUGUAY,Beef Trim,80,0-15 Days,,,,USD/cwt,FOB/TIS,https://esmis.nal.usda.gov/sites/default/release-files/c821gj77m/c534h0625/rr1738200/NW_LS421.TXT
2023-02-01,URUGUAY,Beef Trim,75,0-15 Days,,,,USD/cwt,FOB/TIS,https://esmis.nal.usda.gov/sites/default/release-files/c821gj77m/c534h0625/rr1738200/NW_LS421.TXT
2023-02-03,AUSTRALIA AND NEW ZEALAND,Beef Trim,85,0-15 Days,East Coast,221.00,223.00,USD/cwt,FOB/TIS,https://esmis.nal.usda.gov/sites/default/release-files/c821gj77m/7d27b546m/cn69nf642/NW_LS421.TXT
2023-02-03,AUSTRALIA AND NEW ZEALAND,Beef Trim,80,0-15 Days,East Coast,208.00,210.00,USD/cwt,FOB/TIS,https://esmis.nal.usda.gov/sites/default/release-files/c821gj77m/7d27b546m/cn69nf642/NW_LS421.TXT
2023-02-03,AUSTRALIA AND NEW ZEALAND,Beef Trim,75,0-15 Days,East Coast,,,USD/cwt,FOB/TIS,https://esmis.nal.usda.gov/sites/default/release-files/c821gj77m/7d27b546m/cn69nf642/NW_LS421.TXT
2023-02-03,AUSTRALIA AND NEW ZEALAND,Beef Trim,70,0-15 Days,East Coast,,,USD/cwt,FOB/TIS,https://esmis.nal.usda.gov/sites/default/release-files/c821gj77m/7d27b546m/cn69nf642/NW_LS421.TXT
2023-02-03,AUSTRALIA AND NEW ZEALAND,Beef Trim,65,0-15 Days,East Coast,,,USD/cwt,FOB/TIS,https://esmis.nal.usda.gov/sites/default/release-files/c821gj77m/7d27b546m/cn69nf642/NW_LS421.TXT
2023-02-03,URUGUAY,Beef Trim,85,0-15 Days,,,,USD/cwt,FOB/TIS,https://esmis.nal.usda.gov/sites/default/release-files/c821gj77m/7d27b546m/cn69nf642/NW_LS421.TXT
2023-02-03,URUGUAY,Beef Trim,80,0-15 Days,,,,USD/cwt,FOB/TIS,https://esmis.nal.usda.gov/sites/default/release-files/c821gj77m/7d27b546m/cn69nf642/NW_LS421.TXT
2023-02-03,URUGUAY,Beef Trim,75,0-15 Days,,,,USD/cwt,FOB/TIS,https://esmis.nal.usda.gov/sites/default/release-files/c821gj77m/7d27b546m/cn69nf642/NW_LS421.TXT
2023-02-08,AUSTRALIA AND NEW ZEALAND,Beef Trim,85,0-15 Days,East Coast,,,USD/cwt,FOB/TIS,https://esmis.nal.usda.gov/sites/default/release-files/c821gj77m/7h14c2431/nz807b37b/NW_LS421.TXT
2023-02-08,AUSTRALIA AND NEW ZEALAND,Beef Trim,80,0-15 Days,East Coast,,,USD/cwt,FOB/TIS,https://esmis.nal.usda.gov/sites/default/release-files/c821gj77m/7h14c2431/nz807b37b/NW_LS421.TXT
2023-02-08,AUSTRALIA AND NEW ZEALAND,Beef Trim,75,0-15 Days,East Coast,,,USD/cwt,FOB/TIS,https://esmis.nal.usda.gov/sites/default/release-files/c821gj77m/7h14c2431/nz807b37b/NW_LS421.TXT
2023-02-08,AUSTRALIA AND NEW ZEALAND,Beef Trim,70,0-15 Days,East Coast,,,USD/cwt,FOB/TIS,https://esmis.nal.usda.gov/sites/default/release-files/c821gj77m/7h14c2431/nz807b37b/NW_LS421.TXT
2023-02-08,AUSTRALIA AND NEW ZEALAND,Beef Trim,65,0-15 Days,East Coast,,,USD/cwt,FOB/TIS,https://esmis.nal.usda.gov/sites/default/release-files/c821gj77m/7h14c2431/nz807b37b/NW_LS421.TXT
2023-02-08,URUGUAY,Beef Trim,85,0-15 Days,,,,USD/cwt,FOB/TIS,https://esmis.nal.usda.gov/sites/default/release-files/c821gj77m/7h14c2431/nz807b37b/NW_LS421.TXT
2023-02-08,URUGUAY,Beef Trim,80,0-15 Days,,,,USD/cwt,FOB/TIS,https://esmis.nal.usda.gov/sites/default/release-files/c821gj77m/7h14c2431/nz807b37b/NW_LS421.TXT
2023-02-08,URUGUAY,Beef Trim,75,0-15 Days,,,,USD/cwt,FOB/TIS,https://esmis.nal.usda.gov/sites/default/release-files/c821gj77m/7h14c2431/nz807b37b/NW_LS421.TXT
2023-02-10,AUSTRALIA AND NEW ZEALAND,Beef Trim,85,0-15 Days,East Coast,,,USD/cwt,FOB/TIS,https://esmis.nal.usda.gov/sites/default/release-files/c821gj77m/m326nd23x/8k71pw268/NW_LS421.TXT
2023-02-10,AUSTRALIA AND NEW ZEALAND,Beef Trim,80,0-15 Days,East Coast,,,USD/cwt,FOB/TIS,https://esmis.nal.usda.gov/sites/default/release-files/c821gj77m/m326nd23x/8k71pw268/NW_LS421.TXT
2023-02-10,AUSTRALIA AND NEW ZEALAND,Beef Trim,75,0-15 Days,East Coast,,,USD/cwt,FOB/TIS,https://esmis.nal.usda.gov/sites/default/release-files/c821gj77m/m326nd23x/8k71pw268/NW_LS421.TXT
2023-02-10,AUSTRALIA AND NEW ZEALAND,Beef Trim,70,0-15 Days,East Coast,,,USD/cwt,FOB/TIS,https://esmis.nal.usda.gov/sites/default/release-files/c821gj77m/m326nd23x/8k71pw268/NW_LS421.TXT
2023-02-10,AUSTRALIA AND NEW ZEALAND,Beef Trim,65,0-15 Days,East Coast,,,USD/cwt,FOB/TIS,https://esmis.nal.usda.gov/sites/default/release-files/c821gj77m/m326nd23x/8k71pw268/NW_LS421.TXT
2023-02-10,URUGUAY,Beef Trim,85,0-15 Days,,,,USD/cwt,FOB/TIS,https://esmis.nal.usda.gov/sites/default/release-files/c821gj77m/m326nd23x/8k71pw268/NW_LS421.TXT
2023-02-10,URUGUAY,Beef Trim,80,0-15 Days,,,,USD/cwt,FOB/TIS,https://esmis.nal.usda.gov/sites/default/release-files/c821gj77m/m326nd23x/8k71pw268/NW_LS421.TXT
2023-02-10,URUGUAY,Beef Trim,75,0-15 Days,,,,USD/cwt,FOB/TIS,https://esmis.nal.usda.gov/sites/default/release-files/c821gj77m/m326nd23x/8k71pw268/NW_LS421.TXT
2023-02-15,AUSTRALIA AND NEW ZEALAND,Beef Trim,85,0-15 Days,East Coast,230.00,235.00,USD/cwt,FOB/TIS,https://esmis.nal.usda.gov/sites/default/release-files/c821gj77m/8c97n203f/4x51jx65t/NW_LS421.TXT
2023-02-15,AUSTRALIA AND NEW ZEALAND,Beef Trim,80,0-15 Days,East Coast,216.00,218.00,USD/cwt,FOB/TIS,https://esmis.nal.usda.gov/sites/default/release-files/c821gj77m/8c97n203f/4x51jx65t/NW_LS421.TXT
2023-02-15,AUSTRALIA AND NEW ZEALAND,Beef Trim,75,0-15 Days,East Coast,,,USD/cwt,FOB/TIS,https://esmis.nal.usda.gov/sites/default/release-files/c821gj77m/8c97n203f/4x51jx65t/NW_LS421.TXT
2023-02-15,AUSTRALIA AND NEW ZEALAND,Beef Trim,70,0-15 Days,East Coast,,,USD/cwt,FOB/TIS,https://esmis.nal.usda.gov/sites/default/release-files/c821gj77m/8c97n203f/4x51jx65t/NW_LS421.TXT
2023-02-15,AUSTRALIA AND NEW ZEALAND,Beef Trim,65,0-15 Days,East Coast,,,USD/cwt,FOB/TIS,https://esmis.nal.usda.gov/sites/default/release-files/c821gj77m/8c97n203f/4x51jx65t/NW_LS421.TXT
2023-02-15,URUGUAY,Beef Trim,85,0-15 Days,,,,USD/cwt,FOB/TIS,https://esmis.nal.usda.gov/sites/default/release-files/c821gj77m/8c97n203f/4x51jx65t/NW_LS421.TXT
2023-02-15,URUGUAY,Beef Trim,80,0-15 Days,,,,USD/cwt,FOB/TIS,https://esmis.nal.usda.gov/sites/default/release-files/c821gj77m/8c97n203f/4x51jx65t/NW_LS421.TXT
2023-02-15,URUGUAY,Beef Trim,75,0-15 Days,,,,USD/cwt,FOB/TIS,https://esmis.nal.usda.gov/sites/default/release-files/c821gj77m/8c97n203f/4x51jx65t/NW_LS421.TXT
2023-02-17,AUSTRALIA AND NEW ZEALAND,Beef Trim,85,0-15 Days,East Coast,230.00,235.00,USD/cwt,FOB/TIS,https://esmis.nal.usda.gov/sites/default/release-files/c821gj77m/ng452v81f/b8517146k/NW_LS421.TXT
2023-02-17,AUSTRALIA AND NEW ZEALAND,Beef Trim,80,0-15 Days,East Coast,216.00,218.00,USD/cwt,FOB/TIS,https://esmis.nal.usda.gov/sites/default/release-files/c821gj77m/ng452v81f/b8517146k/NW_LS421.TXT
2023-02-17,AUSTRALIA AND NEW ZEALAND,Beef Trim,75,0-15 Days,East Coast,,,USD/cwt,FOB/TIS,https://esmis.nal.usda.gov/sites/default/release-files/c821gj77m/ng452v81f/b8517146k/NW_LS421.TXT
2023-02-17,AUSTRALIA AND NEW ZEALAND,Beef Trim,70,0-15 Days,East Coast,,,USD/cwt,FOB/TIS,https://esmis.nal.usda.gov/sites/default/release-files/c821gj77m/ng452v81f/b8517146k/NW_LS421.TXT
2023-02-17,AUSTRALIA AND NEW ZEALAND,Beef Trim,65,0-15 Days,East Coast,,,USD/cwt,FOB/TIS,https://esmis.nal.usda.gov/sites/default/release-files/c821gj77m/ng452v81f/b8517146k/NW_LS421.TXT
2023-02-17,URUGUAY,Beef Trim,85,0-15 Days,,,,USD/cwt,FOB/TIS,https://esmis.nal.usda.gov/sites/default/release-files/c821gj77m/ng452v81f/b8517146k/NW_LS421.TXT
2023-02-17,URUGUAY,Beef Trim,80,0-15 Days,,,,USD/cwt,FOB/TIS,https://esmis.nal.usda.gov/sites/default/release-files/c821gj77m/ng452v81f/b8517146k/NW_LS421.TXT
2023-02-17,URUGUAY,Beef Trim,75,0-15 Days,,,,USD/cwt,FOB/TIS,https://esmis.nal.usda.gov/sites/default/release-files/c821gj77m/ng452v81f/b8517146k/NW_LS421.TXT
2023-02-22,AUSTRALIA AND NEW ZEALAND,Beef Trim,85,0-15 Days,East Coast,237.00,240.00,USD/cwt,FOB/TIS,https://esmis.nal.usda.gov/sites/default/release-files/c821gj77m/rn302d537/zp38xr38w/NW_LS421.TXT
2023-02-22,AUSTRALIA AND NEW ZEALAND,Beef Trim,80,0-15 Days,East Coast,216.00,218.00,USD/cwt,FOB/TIS,https://esmis.nal.usda.gov/sites/default/release-files/c821gj77m/rn302d537/zp38xr38w/NW_LS421.TXT
2023-02-22,AUSTRALIA AND NEW ZEALAND,Beef Trim,75,0-15 Days,East Coast,,,USD/cwt,FOB/TIS,https://esmis.nal.usda.gov/sites/default/release-files/c821gj77m/rn302d537/zp38xr38w/NW_LS421.TXT
2023-02-22,AUSTRALIA AND NEW ZEALAND,Beef Trim,70,0-15 Days,East Coast,,,USD/cwt,FOB/TIS,https://esmis.nal.usda.gov/sites/default/release-files/c821gj77m/rn302d537/zp38xr38w/NW_LS421.TXT
2023-02-22,AUSTRALIA AND NEW ZEALAND,Beef Trim,65,0-15 Days,East Coast,,,USD/cwt,FOB/TIS,https://esmis.nal.usda.gov/sites/default/release-files/c821gj77m/rn302d537/zp38xr38w/NW_LS421.TXT
2023-02-22,URUGUAY,Beef Trim,85,0-15 Days,,,,USD/cwt,FOB/TIS,https://esmis.nal.usda.gov/sites/default/release-files/c821gj77m/rn302d537/zp38xr38w/NW_LS421.TXT
2023-02-22,URUGUAY,Beef Trim,80,0-15 Days,,,,USD/cwt,FOB/TIS,https://esmis.nal.usda.gov/sites/default/release-files/c821gj77m/rn302d537/zp38xr38w/NW_LS421.TXT
2023-02-22,URUGUAY,Beef Trim,75,0-15 Days,,,,USD/cwt,FOB/TIS,https://esmis.nal.usda.gov/sites/default/release-files/c821gj77m/rn302d537/zp38xr38w/NW_LS421.TXT
2023-02-24,AUSTRALIA AND NEW ZEALAND,Beef Trim,85,0-15 Days,East Coast,237.00,240.00,USD/cwt,FOB/TIS,https://esmis.nal.usda.gov/sites/default/release-files/c821gj77m/mg74s0519/tt44r070x/NW_LS421.TXT
2023-02-24,AUSTRALIA AND NEW ZEALAND,Beef Trim,80,0-15 Days,East Coast,216.00,218.00,USD/cwt,FOB/TIS,https://esmis.nal.usda.gov/sites/default/release-files/c821gj77m/mg74s0519/tt44r070x/NW_LS421.TXT
2023-02-24,AUSTRALIA AND NEW ZEALAND,Beef Trim,75,0-15 Days,East Coast,,,USD/cwt,FOB/TIS,https://esmis.nal.usda.gov/sites/default/release-files/c821gj77m/mg74s0519/tt44r070x/NW_LS421.TXT
2023-02-24,AUSTRALIA AND NEW ZEALAND,Beef Trim,70,0-15 Days,East Coast,,,USD/cwt,FOB/TIS,https://esmis.nal.usda.gov/sites/default/release-files/c821gj77m/mg74s0519/tt44r070x/NW_LS421.TXT
2023-02-24,AUSTRALIA AND NEW ZEALAND,Beef Trim,65,0-15 Days,East Coast,,,USD/cwt,FOB/TIS,https://esmis.nal.usda.gov/sites/default/release-files/c821gj77m/mg74s0519/tt44r070x/NW_LS421.TXT
2023-02-24,URUGUAY,Beef Trim,85,0-15 Days,,,,USD/cwt,FOB/TIS,https://esmis.nal.usda.gov/sites/default/release-files/c821gj77m/mg74s0519/tt44r070x/NW_LS421.TXT
2023-02-24,URUGUAY,Beef Trim,80,0-15 Days,,,,USD/cwt,FOB/TIS,https://esmis.nal.usda.gov/sites/default/release-files/c821gj77m/mg74s0519/tt44r070x/NW_LS421.TXT
2023-02-24,URUGUAY,Beef Trim,75,0-15 Days,,,,USD/cwt,FOB/TIS,https://esmis.nal.usda.gov/sites/default/release-files/c821gj77m/mg74s0519/tt44r070x/NW_LS421.TXT
2023-03-01,AUSTRALIA AND NEW ZEALAND,Beef Trim,85,0-15 Days,East Coast,239.00,240.00,USD/cwt,FOB/TIS,https://esmis.nal.usda.gov/sites/default/release-files/c821gj77m/k643cd37v/sj13bf676/NW_LS421.TXT
2023-03-01,AUSTRALIA AND NEW ZEALAND,Beef Trim,80,0-15 Days,East Coast,,,USD/cwt,FOB/TIS,https://esmis.nal.usda.gov/sites/default/release-files/c821gj77m/k643cd37v/sj13bf676/NW_LS421.TXT
2023-03-01,AUSTRALIA AND NEW ZEALAND,Beef Trim,75,0-15 Days,East Coast,,,USD/cwt,FOB/TIS,https://esmis.nal.usda.gov/sites/default/release-files/c821gj77m/k643cd37v/sj13bf676/NW_LS421.TXT
2023-03-01,AUSTRALIA AND NEW ZEALAND,Beef Trim,70,0-15 Days,East Coast,,,USD/cwt,FOB/TIS,https://esmis.nal.usda.gov/sites/default/release-files/c821gj77m/k643cd37v/sj13bf676/NW_LS421.TXT
2023-03-01,AUSTRALIA AND NEW ZEALAND,Beef Trim,65,0-15 Days,East Coast,,,USD/cwt,FOB/TIS,https://esmis.nal.usda.gov/sites/default/release-files/c821gj77m/k643cd37v/sj13bf676/NW_LS421.TXT
2023-03-01,URUGUAY,Beef Trim,85,0-15 Days,,,,USD/cwt,FOB/TIS,https://esmis.nal.usda.gov/sites/default/release-files/c821gj77m/k643cd37v/sj13bf676/NW_LS421.TXT
2023-03-01,URUGUAY,Beef Trim,80,0-15 Days,,,,USD/cwt,FOB/TIS,https://esmis.nal.usda.gov/sites/default/release-files/c821gj77m/k643cd37v/sj13bf676/NW_LS421.TXT
2023-03-01,URUGUAY,Beef Trim,75,0-15 Days,,,,USD/cwt,FOB/TIS,https://esmis.nal.usda.gov/sites/default/release-files/c821gj77m/k643cd37v/sj13bf676/NW_LS421.TXT
2023-03-03,AUSTRALIA AND NEW ZEALAND,Beef Trim,85,0-15 Days,East Coast,239.00,240.00,USD/cwt,FOB/TIS,https://esmis.nal.usda.gov/sites/default/release-files/c821gj77m/9880x396s/02872800x/NW_LS421.TXT
2023-03-03,AUSTRALIA AND NEW ZEALAND,Beef Trim,80,0-15 Days,East Coast,,,USD/cwt,FOB/TIS,https://esmis.nal.usda.gov/sites/default/release-files/c821gj77m/9880x396s/02872800x/NW_LS421.TXT
2023-03-03,AUSTRALIA AND NEW ZEALAND,Beef Trim,75,0-15 Days,East Coast,,,USD/cwt,FOB/TIS,https://esmis.nal.usda.gov/sites/default/release-files/c821gj77m/9880x396s/02872800x/NW_LS421.TXT
2023-03-03,AUSTRALIA AND NEW ZEALAND,Beef Trim,70,0-15 Days,East Coast,,,USD/cwt,FOB/TIS,https://esmis.nal.usda.gov/sites/default/release-files/c821gj77m/9880x396s/02872800x/NW_LS421.TXT
2023-03-03,AUSTRALIA AND NEW ZEALAND,Beef Trim,65,0-15 Days,East Coast,,,USD/cwt,FOB/TIS,https://esmis.nal.usda.gov/sites/default/release-files/c821gj77m/9880x396s/02872800x/NW_LS421.TXT
2023-03-03,URUGUAY,Beef Trim,85,0-15 Days,,,,USD/cwt,FOB/TIS,https://esmis.nal.usda.gov/sites/default/release-files/c821gj77m/9880x396s/02872800x/NW_LS421.TXT
2023-03-03,URUGUAY,Beef Trim,80,0-15 Days,,,,USD/cwt,FOB/TIS,https://esmis.nal.usda.gov/sites/default/release-files/c821gj77m/9880x396s/02872800x/NW_LS421.TXT
2023-03-03,URUGUAY,Beef Trim,75,0-15 Days,,,,USD/cwt,FOB/TIS,https://esmis.nal.usda.gov/sites/default/release-files/c821gj77m/9880x396s/02872800x/NW_LS421.TXT
2023-03-08,AUSTRALIA AND NEW ZEALAND,Beef Trim,85,0-15 Days,East Coast,245.00,246.00,USD/cwt,FOB/TIS,https://esmis.nal.usda.gov/sites/default/release-files/c821gj77m/w9506d62j/4j03fb40x/NW_LS421.TXT
2023-03-08,AUSTRALIA AND NEW ZEALAND,Beef Trim,80,0-15 Days,East Coast,,,USD/cwt,FOB/TIS,https://esmis.nal.usda.gov/sites/default/release-files/c821gj77m/w9506d62j/4j03fb40x/NW_LS421.TXT
2023-03-08,AUSTRALIA AND NEW ZEALAND,Beef Trim,75,0-15 Days,East Coast,,,USD/cwt,FOB/TIS,https://esmis.nal.usda.gov/sites/default/release-files/c821gj77m/w9506d62j/4j03fb40x/NW_LS421.TXT
2023-03-08,AUSTRALIA AND NEW ZEALAND,Beef Trim,70,0-15 Days,East Coast,,,USD/cwt,FOB/TIS,https://esmis.nal.usda.gov/sites/default/release-files/c821gj77m/w9506d62j/4j03fb40x/NW_LS421.TXT
2023-03-08,AUSTRALIA AND NEW ZEALAND,Beef Trim,65,0-15 Days,East Coast,,,USD/cwt,FOB/TIS,https://esmis.nal.usda.gov/sites/default/release-files/c821gj77m/w9506d62j/4j03fb40x/NW_LS421.TXT
2023-03-08,URUGUAY,Beef Trim,85,0-15 Days,,,,USD/cwt,FOB/TIS,https://esmis.nal.usda.gov/sites/default/release-files/c821gj77m/w9506d62j/4j03fb40x/NW_LS421.TXT
2023-03-08,URUGUAY,Beef Trim,80,0-15 Days,,,,USD/cwt,FOB/TIS,https://esmis.nal.usda.gov/sites/default/release-files/c821gj77m/w9506d62j/4j03fb40x/NW_LS421.TXT
2023-03-08,URUGUAY,Beef Trim,75,0-15 Days,,,,USD/cwt,FOB/TIS,https://esmis.nal.usda.gov/sites/default/release-files/c821gj77m/w9506d62j/4j03fb40x/NW_LS421.TXT
2023-03-10,AUSTRALIA AND NEW ZEALAND,Beef Trim,85,0-15 Days,East Coast,245.00,246.00,USD/cwt,FOB/TIS,https://esmis.nal.usda.gov/sites/default/release-files/c821gj77m/qj72qk89c/cj82mm90k/NW_LS421.TXT
2023-03-10,AUSTRALIA AND NEW ZEALAND,Beef Trim,80,0-15 Days,East Coast,,,USD/cwt,FOB/TIS,https://esmis.nal.usda.gov/sites/default/release-files/c821gj77m/qj72qk89c/cj82mm90k/NW_LS421.TXT
2023-03-10,AUSTRALIA AND NEW ZEALAND,Beef Trim,75,0-15 Days,East Coast,,,USD/cwt,FOB/TIS,https://esmis.nal.usda.gov/sites/default/release-files/c821gj77m/qj72qk89c/cj82mm90k/NW_LS421.TXT
2023-03-10,AUSTRALIA AND NEW ZEALAND,Beef Trim,70,0-15 Days,East Coast,,,USD/cwt,FOB/TIS,https://esmis.nal.usda.gov/sites/default/release-files/c821gj77m/qj72qk89c/cj82mm90k/NW_LS421.TXT
2023-03-10,AUSTRALIA AND NEW ZEALAND,Beef Trim,65,0-15 Days,East Coast,,,USD/cwt,FOB/TIS,https://esmis.nal.usda.gov/sites/default/release-files/c821gj77m/qj72qk89c/cj82mm90k/NW_LS421.TXT
2023-03-10,URUGUAY,Beef Trim,85,0-15 Days,,,,USD/cwt,FOB/TIS,https://esmis.nal.usda.gov/sites/default/release-files/c821gj77m/qj72qk89c/cj82mm90k/NW_LS421.TXT
2023-03-10,URUGUAY,Beef Trim,80,0-15 Days,,,,USD/cwt,FOB/TIS,https://esmis.nal.usda.gov/sites/default/release-files/c821gj77m/qj72qk89c/cj82mm90k/NW_LS421.TXT
2023-03-10,URUGUAY,Beef Trim,75,0-15 Days,,,,USD/cwt,FOB/TIS,https://esmis.nal.usda.gov/sites/default/release-files/c821gj77m/qj72qk89c/cj82mm90k/NW_LS421.TXT
2023-03-15,AUSTRALIA AND NEW ZEALAND,Beef Trim,85,0-15 Days,East Coast,248.00,250.00,USD/cwt,FOB/TIS,https://esmis.nal.usda.gov/sites/default/release-files/c821gj77m/6m313196f/34850w55v/NW_LS421.TXT
2023-03-15,AUSTRALIA AND NEW ZEALAND,Beef Trim,80,0-15 Days,East Coast,217.00,222.00,USD/cwt,FOB/TIS,https://esmis.nal.usda.gov/sites/default/release-files/c821gj77m/6m313196f/34850w55v/NW_LS421.TXT
2023-03-15,AUSTRALIA AND NEW ZEALAND,Beef Trim,75,0-15 Days,East Coast,,,USD/cwt,FOB/TIS,https://esmis.nal.usda.gov/sites/default/release-files/c821gj77m/6m313196f/34850w55v/NW_LS421.TXT
2023-03-15,AUSTRALIA AND NEW ZEALAND,Beef Trim,70,0-15 Days,East Coast,,,USD/cwt,FOB/TIS,https://esmis.nal.usda.gov/sites/default/release-files/c821gj77m/6m313196f/34850w55v/NW_LS421.TXT
2023-03-15,AUSTRALIA AND NEW ZEALAND,Beef Trim,65,0-15 Days,East Coast,,,USD/cwt,FOB/TIS,https://esmis.nal.usda.gov/sites/default/release-files/c821gj77m/6m313196f/34850w55v/NW_LS421.TXT
2023-03-15,URUGUAY,Beef Trim,85,0-15 Days,,,,USD/cwt,FOB/TIS,https://esmis.nal.usda.gov/sites/default/release-files/c821gj77m/6m313196f/34850w55v/NW_LS421.TXT
2023-03-15,URUGUAY,Beef Trim,80,0-15 Days,,,,USD/cwt,FOB/TIS,https://esmis.nal.usda.gov/sites/default/release-files/c821gj77m/6m313196f/34850w55v/NW_LS421.TXT
2023-03-15,URUGUAY,Beef Trim,75,0-15 Days,,,,USD/cwt,FOB/TIS,https://esmis.nal.usda.gov/sites/default/release-files/c821gj77m/6m313196f/34850w55v/NW_LS421.TXT
2023-03-17,AUSTRALIA AND NEW ZEALAND,Beef Trim,85,0-15 Days,East Coast,248.00,250.00,USD/cwt,FOB/TIS,https://esmis.nal.usda.gov/sites/default/release-files/c821gj77m/qv33t908c/st74f374c/NW_LS421.TXT
2023-03-17,AUSTRALIA AND NEW ZEALAND,Beef Trim,80,0-15 Days,East Coast,217.00,222.00,USD/cwt,FOB/TIS,https://esmis.nal.usda.gov/sites/default/release-files/c821gj77m/qv33t908c/st74f374c/NW_LS421.TXT
2023-03-17,AUSTRALIA AND NEW ZEALAND,Beef Trim,75,0-15 Days,East Coast,,,USD/cwt,FOB/TIS,https://esmis.nal.usda.gov/sites/default/release-files/c821gj77m/qv33t908c/st74f374c/NW_LS421.TXT
2023-03-17,AUSTRALIA AND NEW ZEALAND,Beef Trim,70,0-15 Days,East Coast,,,USD/cwt,FOB/TIS,https://esmis.nal.usda.gov/sites/default/release-files/c821gj77m/qv33t908c/st74f374c/NW_LS421.TXT
2023-03-17,AUSTRALIA AND NEW ZEALAND,Beef Trim,65,0-15 Days,East Coast,,,USD/cwt,FOB/TIS,https://esmis.nal.usda.gov/sites/default/release-files/c821gj77m/qv33t908c/st74f374c/NW_LS421.TXT
2023-03-17,URUGUAY,Beef Trim,85,0-15 Days,,,,USD/cwt,FOB/TIS,https://esmis.nal.usda.gov/sites/default/release-files/c821gj77m/qv33t908c/st74f374c/NW_LS421.TXT
2023-03-17,URUGUAY,Beef Trim,80,0-15 Days,,,,USD/cwt,FOB/TIS,https://esmis.nal.usda.gov/sites/default/release-files/c821gj77m/qv33t908c/st74f374c/NW_LS421.TXT
2023-03-17,URUGUAY,Beef Trim,75,0-15 Days,,,,USD/cwt,FOB/TIS,https://esmis.nal.usda.gov/sites/default/release-files/c821gj77m/qv33t908c/st74f374c/NW_LS421.TXT
2023-03-22,AUSTRALIA AND NEW ZEALAND,Beef Trim,85,0-15 Days,East Coast,252.00,254.00,USD/cwt,FOB/TIS,https://esmis.nal.usda.gov/sites/default/release-files/c821gj77m/qn59rh57t/jw828r834/NW_LS421.TXT
2023-03-22,AUSTRALIA AND NEW ZEALAND,Beef Trim,80,0-15 Days,East Coast,216.00,218.00,USD/cwt,FOB/TIS,https://esmis.nal.usda.gov/sites/default/release-files/c821gj77m/qn59rh57t/jw828r834/NW_LS421.TXT
2023-03-22,AUSTRALIA AND NEW ZEALAND,Beef Trim,75,0-15 Days,East Coast,,,USD/cwt,FOB/TIS,https://esmis.nal.usda.gov/sites/default/release-files/c821gj77m/qn59rh57t/jw828r834/NW_LS421.TXT
2023-03-22,AUSTRALIA AND NEW ZEALAND,Beef Trim,70,0-15 Days,East Coast,,,USD/cwt,FOB/TIS,https://esmis.nal.usda.gov/sites/default/release-files/c821gj77m/qn59rh57t/jw828r834/NW_LS421.TXT
2023-03-22,AUSTRALIA AND NEW ZEALAND,Beef Trim,65,0-15 Days,East Coast,,,USD/cwt,FOB/TIS,https://esmis.nal.usda.gov/sites/default/release-files/c821gj77m/qn59rh57t/jw828r834/NW_LS421.TXT
2023-03-22,URUGUAY,Beef Trim,85,0-15 Days,,,,USD/cwt,FOB/TIS,https://esmis.nal.usda.gov/sites/default/release-files/c821gj77m/qn59rh57t/jw828r834/NW_LS421.TXT
2023-03-22,URUGUAY,Beef Trim,80,0-15 Days,,,,USD/cwt,FOB/TIS,https://esmis.nal.usda.gov/sites/default/release-files/c821gj77m/qn59rh57t/jw828r834/NW_LS421.TXT
2023-03-22,URUGUAY,Beef Trim,75,0-15 Days,,,,USD/cwt,FOB/TIS,https://esmis.nal.usda.gov/sites/default/release-files/c821gj77m/qn59rh57t/jw828r834/NW_LS421.TXT
2023-03-24,AUSTRALIA AND NEW ZEALAND,Beef Trim,85,0-15 Days,East Coast,252.00,254.00,USD/cwt,FOB/TIS,https://esmis.nal.usda.gov/sites/default/release-files/c821gj77m/c247g588g/z316rg02b/NW_LS421.TXT
2023-03-24,AUSTRALIA AND NEW ZEALAND,Beef Trim,80,0-15 Days,East Coast,216.00,218.00,USD/cwt,FOB/TIS,https://esmis.nal.usda.gov/sites/default/release-files/c821gj77m/c247g588g/z316rg02b/NW_LS421.TXT
2023-03-24,AUSTRALIA AND NEW ZEALAND,Beef Trim,75,0-15 Days,East Coast,,,USD/cwt,FOB/TIS,https://esmis.nal.usda.gov/sites/default/release-files/c821gj77m/c247g588g/z316rg02b/NW_LS421.TXT
2023-03-24,AUSTRALIA AND NEW ZEALAND,Beef Trim,70,0-15 Days,East Coast,,,USD/cwt,FOB/TIS,https://esmis.nal.usda.gov/sites/default/release-files/c821gj77m/c247g588g/z316rg02b/NW_LS421.TXT
2023-03-24,AUSTRALIA AND NEW ZEALAND,Beef Trim,65,0-15 Days,East Coast,,,USD/cwt,FOB/TIS,https://esmis.nal.usda.gov/sites/default/release-files/c821gj77m/c247g588g/z316rg02b/NW_LS421.TXT
2023-03-24,URUGUAY,Beef Trim,85,0-15 Days,,,,USD/cwt,FOB/TIS,https://esmis.nal.usda.gov/sites/default/release-files/c821gj77m/c247g588g/z316rg02b/NW_LS421.TXT
2023-03-24,URUGUAY,Beef Trim,80,0-15 Days,,,,USD/cwt,FOB/TIS,https://esmis.nal.usda.gov/sites/default/release-files/c821gj77m/c247g588g/z316rg02b/NW_LS421.TXT
2023-03-24,URUGUAY,Beef Trim,75,0-15 Days,,,,USD/cwt,FOB/TIS,https://esmis.nal.usda.gov/sites/default/release-files/c821gj77m/c247g588g/z316rg02b/NW_LS421.TXT
2023-03-29,AUSTRALIA AND NEW ZEALAND,Beef Trim,85,0-15 Days,East Coast,252.00,254.00,USD/cwt,FOB/TIS,https://esmis.nal.usda.gov/sites/default/release-files/c821gj77m/g732fp30n/1n79jh89k/NW_LS421.TXT
2023-03-29,AUSTRALIA AND NEW ZEALAND,Beef Trim,80,0-15 Days,East Coast,218.00,222.00,USD/cwt,FOB/TIS,https://esmis.nal.usda.gov/sites/default/release-files/c821gj77m/g732fp30n/1n79jh89k/NW_LS421.TXT
2023-03-29,AUSTRALIA AND NEW ZEALAND,Beef Trim,75,0-15 Days,East Coast,,,USD/cwt,FOB/TIS,https://esmis.nal.usda.gov/sites/default/release-files/c821gj77m/g732fp30n/1n79jh89k/NW_LS421.TXT
2023-03-29,AUSTRALIA AND NEW ZEALAND,Beef Trim,70,0-15 Days,East Coast,,,USD/cwt,FOB/TIS,https://esmis.nal.usda.gov/sites/default/release-files/c821gj77m/g732fp30n/1n79jh89k/NW_LS421.TXT
2023-03-29,AUSTRALIA AND NEW ZEALAND,Beef Trim,65,0-15 Days,East Coast,,,USD/cwt,FOB/TIS,https://esmis.nal.usda.gov/sites/default/release-files/c821gj77m/g732fp30n/1n79jh89k/NW_LS421.TXT
2023-03-29,URUGUAY,Beef Trim,85,0-15 Days,,,,USD/cwt,FOB/TIS,https://esmis.nal.usda.gov/sites/default/release-files/c821gj77m/g732fp30n/1n79jh89k/NW_LS421.TXT
2023-03-29,URUGUAY,Beef Trim,80,0-15 Days,,,,USD/cwt,FOB/TIS,https://esmis.nal.usda.gov/sites/default/release-files/c821gj77m/g732fp30n/1n79jh89k/NW_LS421.TXT
2023-03-29,URUGUAY,Beef Trim,75,0-15 Days,,,,USD/cwt,FOB/TIS,https://esmis.nal.usda.gov/sites/default/release-files/c821gj77m/g732fp30n/1n79jh89k/NW_LS421.TXT
2023-03-31,AUSTRALIA AND NEW ZEALAND,Beef Trim,85,0-15 Days,East Coast,252.00,254.00,USD/cwt,FOB/TIS,https://esmis.nal.usda.gov/sites/default/release-files/c821gj77m/5m60s5311/z890t7354/NW_LS421.TXT
2023-03-31,AUSTRALIA AND NEW ZEALAND,Beef Trim,80,0-15 Days,East Coast,218.00,222.00,USD/cwt,FOB/TIS,https://esmis.nal.usda.gov/sites/default/release-files/c821gj77m/5m60s5311/z890t7354/NW_LS421.TXT
2023-03-31,AUSTRALIA AND NEW ZEALAND,Beef Trim,75,0-15 Days,East Coast,,,USD/cwt,FOB/TIS,https://esmis.nal.usda.gov/sites/default/release-files/c821gj77m/5m60s5311/z890t7354/NW_LS421.TXT
2023-03-31,AUSTRALIA AND NEW ZEALAND,Beef Trim,70,0-15 Days,East Coast,,,USD/cwt,FOB/TIS,https://esmis.nal.usda.gov/sites/default/release-files/c821gj77m/5m60s5311/z890t7354/NW_LS421.TXT
2023-03-31,AUSTRALIA AND NEW ZEALAND,Beef Trim,65,0-15 Days,East Coast,,,USD/cwt,FOB/TIS,https://esmis.nal.usda.gov/sites/default/release-files/c821gj77m/5m60s5311/z890t7354/NW_LS421.TXT
2023-03-31,URUGUAY,Beef Trim,85,0-15 Days,,,,USD/cwt,FOB/TIS,https://esmis.nal.usda.gov/sites/default/release-files/c821gj77m/5m60s5311/z890t7354/NW_LS421.TXT
2023-03-31,URUGUAY,Beef Trim,80,0-15 Days,,,,USD/cwt,FOB/TIS,https://esmis.nal.usda.gov/sites/default/release-files/c821gj77m/5m60s5311/z890t7354/NW_LS421.TXT
2023-03-31,URUGUAY,Beef Trim,75,0-15 Days,,,,USD/cwt,FOB/TIS,https://esmis.nal.usda.gov/sites/default/release-files/c821gj77m/5m60s5311/z890t7354/NW_LS421.TXT
2023-04-05,AUSTRALIA AND NEW ZEALAND,Beef Trim,85,0-15 Days,East Coast,,,USD/cwt,FOB/TIS,https://esmis.nal.usda.gov/sites/default/release-files/c821gj77m/1r66kf688/mp48tt00m/NW_LS421.TXT
2023-04-05,AUSTRALIA AND NEW ZEALAND,Beef Trim,80,0-15 Days,East Coast,,,USD/cwt,FOB/TIS,https://esmis.nal.usda.gov/sites/default/release-files/c821gj77m/1r66kf688/mp48tt00m/NW_LS421.TXT
2023-04-05,AUSTRALIA AND NEW ZEALAND,Beef Trim,75,0-15 Days,East Coast,,,USD/cwt,FOB/TIS,https://esmis.nal.usda.gov/sites/default/release-files/c821gj77m/1r66kf688/mp48tt00m/NW_LS421.TXT
2023-04-05,AUSTRALIA AND NEW ZEALAND,Beef Trim,70,0-15 Days,East Coast,,,USD/cwt,FOB/TIS,https://esmis.nal.usda.gov/sites/default/release-files/c821gj77m/1r66kf688/mp48tt00m/NW_LS421.TXT
2023-04-05,AUSTRALIA AND NEW ZEALAND,Beef Trim,65,0-15 Days,East Coast,,,USD/cwt,FOB/TIS,https://esmis.nal.usda.gov/sites/default/release-files/c821gj77m/1r66kf688/mp48tt00m/NW_LS421.TXT
2023-04-05,URUGUAY,Beef Trim,85,0-15 Days,,,,USD/cwt,FOB/TIS,https://esmis.nal.usda.gov/sites/default/release-files/c821gj77m/1r66kf688/mp48tt00m/NW_LS421.TXT
2023-04-05,URUGUAY,Beef Trim,80,0-15 Days,,,,USD/cwt,FOB/TIS,https://esmis.nal.usda.gov/sites/default/release-files/c821gj77m/1r66kf688/mp48tt00m/NW_LS421.TXT
2023-04-05,URUGUAY,Beef Trim,75,0-15 Days,,,,USD/cwt,FOB/TIS,https://esmis.nal.usda.gov/sites/default/release-files/c821gj77m/1r66kf688/mp48tt00m/NW_LS421.TXT
2023-04-07,AUSTRALIA AND NEW ZEALAND,Beef Trim,85,0-15 Days,East Coast,,,USD/cwt,FOB/TIS,https://esmis.nal.usda.gov/sites/default/release-files/c821gj77m/cr56pd536/9019tg59c/NW_LS421.TXT
2023-04-07,AUSTRALIA AND NEW ZEALAND,Beef Trim,80,0-15 Days,East Coast,,,USD/cwt,FOB/TIS,https://esmis.nal.usda.gov/sites/default/release-files/c821gj77m/cr56pd536/9019tg59c/NW_LS421.TXT
2023-04-07,AUSTRALIA AND NEW ZEALAND,Beef Trim,75,0-15 Days,East Coast,,,USD/cwt,FOB/TIS,https://esmis.nal.usda.gov/sites/default/release-files/c821gj77m/cr56pd536/9019tg59c/NW_LS421.TXT
2023-04-07,AUSTRALIA AND NEW ZEALAND,Beef Trim,70,0-15 Days,East Coast,,,USD/cwt,FOB/TIS,https://esmis.nal.usda.gov/sites/default/release-files/c821gj77m/cr56pd536/9019tg59c/NW_LS421.TXT
2023-04-07,AUSTRALIA AND NEW ZEALAND,Beef Trim,65,0-15 Days,East Coast,,,USD/cwt,FOB/TIS,https://esmis.nal.usda.gov/sites/default/release-files/c821gj77m/cr56pd536/9019tg59c/NW_LS421.TXT
2023-04-07,URUGUAY,Beef Trim,85,0-15 Days,,,,USD/cwt,FOB/TIS,https://esmis.nal.usda.gov/sites/default/release-files/c821gj77m/cr56pd536/9019tg59c/NW_LS421.TXT
2023-04-07,URUGUAY,Beef Trim,80,0-15 Days,,,,USD/cwt,FOB/TIS,https://esmis.nal.usda.gov/sites/default/release-files/c821gj77m/cr56pd536/9019tg59c/NW_LS421.TXT
2023-04-07,URUGUAY,Beef Trim,75,0-15 Days,,,,USD/cwt,FOB/TIS,https://esmis.nal.usda.gov/sites/default/release-files/c821gj77m/cr56pd536/9019tg59c/NW_LS421.TXT
2023-04-12,AUSTRALIA AND NEW ZEALAND,Beef Trim,85,0-15 Days,East Coast,255.00,256.00,USD/cwt,FOB/TIS,https://esmis.nal.usda.gov/sites/default/release-files/c821gj77m/3r0768963/8g84p1475/NW_LS421.TXT
2023-04-12,AUSTRALIA AND NEW ZEALAND,Beef Trim,80,0-15 Days,East Coast,222.00,225.00,USD/cwt,FOB/TIS,https://esmis.nal.usda.gov/sites/default/release-files/c821gj77m/3r0768963/8g84p1475/NW_LS421.TXT
2023-04-12,AUSTRALIA AND NEW ZEALAND,Beef Trim,75,0-15 Days,East Coast,,,USD/cwt,FOB/TIS,https://esmis.nal.usda.gov/sites/default/release-files/c821gj77m/3r0768963/8g84p1475/NW_LS421.TXT
2023-04-12,AUSTRALIA AND NEW ZEALAND,Beef Trim,70,0-15 Days,East Coast,,,USD/cwt,FOB/TIS,https://esmis.nal.usda.gov/sites/default/release-files/c821gj77m/3r0768963/8g84p1475/NW_LS421.TXT
2023-04-12,AUSTRALIA AND NEW ZEALAND,Beef Trim,65,0-15 Days,East Coast,,,USD/cwt,FOB/TIS,https://esmis.nal.usda.gov/sites/default/release-files/c821gj77m/3r0768963/8g84p1475/NW_LS421.TXT
2023-04-12,URUGUAY,Beef Trim,85,0-15 Days,,,,USD/cwt,FOB/TIS,https://esmis.nal.usda.gov/sites/default/release-files/c821gj77m/3r0768963/8g84p1475/NW_LS421.TXT
2023-04-12,URUGUAY,Beef Trim,80,0-15 Days,,,,USD/cwt,FOB/TIS,https://esmis.nal.usda.gov/sites/default/release-files/c821gj77m/3r0768963/8g84p1475/NW_LS421.TXT
2023-04-12,URUGUAY,Beef Trim,75,0-15 Days,,,,USD/cwt,FOB/TIS,https://esmis.nal.usda.gov/sites/default/release-files/c821gj77m/3r0768963/8g84p1475/NW_LS421.TXT
2023-04-14,AUSTRALIA AND NEW ZEALAND,Beef Trim,85,0-15 Days,East Coast,255.00,256.00,USD/cwt,FOB/TIS,https://esmis.nal.usda.gov/sites/default/release-files/c821gj77m/5x21vt71m/zk51ww66r/NW_LS421.TXT
2023-04-14,AUSTRALIA AND NEW ZEALAND,Beef Trim,80,0-15 Days,East Coast,222.00,225.00,USD/cwt,FOB/TIS,https://esmis.nal.usda.gov/sites/default/release-files/c821gj77m/5x21vt71m/zk51ww66r/NW_LS421.TXT
2023-04-14,AUSTRALIA AND NEW ZEALAND,Beef Trim,75,0-15 Days,East Coast,,,USD/cwt,FOB/TIS,https://esmis.nal.usda.gov/sites/default/release-files/c821gj77m/5x21vt71m/zk51ww66r/NW_LS421.TXT
2023-04-14,AUSTRALIA AND NEW ZEALAND,Beef Trim,70,0-15 Days,East Coast,,,USD/cwt,FOB/TIS,https://esmis.nal.usda.gov/sites/default/release-files/c821gj77m/5x21vt71m/zk51ww66r/NW_LS421.TXT
2023-04-14,AUSTRALIA AND NEW ZEALAND,Beef Trim,65,0-15 Days,East Coast,,,USD/cwt,FOB/TIS,https://esmis.nal.usda.gov/sites/default/release-files/c821gj77m/5x21vt71m/zk51ww66r/NW_LS421.TXT
2023-04-14,URUGUAY,Beef Trim,85,0-15 Days,,,,USD/cwt,FOB/TIS,https://esmis.nal.usda.gov/sites/default/release-files/c821gj77m/5x21vt71m/zk51ww66r/NW_LS421.TXT
2023-04-14,URUGUAY,Beef Trim,80,0-15 Days,,,,USD/cwt,FOB/TIS,https://esmis.nal.usda.gov/sites/default/release-files/c821gj77m/5x21vt71m/zk51ww66r/NW_LS421.TXT
2023-04-14,URUGUAY,Beef Trim,75,0-15 Days,,,,USD/cwt,FOB/TIS,https://esmis.nal.usda.gov/sites/default/release-files/c821gj77m/5x21vt71m/zk51ww66r/NW_LS421.TXT
2023-04-19,AUSTRALIA AND NEW ZEALAND,Beef Trim,85,0-15 Days,East Coast,254.00,255.00,USD/cwt,FOB/TIS,https://esmis.nal.usda.gov/sites/default/release-files/c821gj77m/6q184072s/c534h213n/NW_LS421.TXT
2023-04-19,AUSTRALIA AND NEW ZEALAND,Beef Trim,80,0-15 Days,East Coast,,,USD/cwt,FOB/TIS,https://esmis.nal.usda.gov/sites/default/release-files/c821gj77m/6q184072s/c534h213n/NW_LS421.TXT
2023-04-19,AUSTRALIA AND NEW ZEALAND,Beef Trim,75,0-15 Days,East Coast,,,USD/cwt,FOB/TIS,https://esmis.nal.usda.gov/sites/default/release-files/c821gj77m/6q184072s/c534h213n/NW_LS421.TXT
2023-04-19,AUSTRALIA AND NEW ZEALAND,Beef Trim,70,0-15 Days,East Coast,,,USD/cwt,FOB/TIS,https://esmis.nal.usda.gov/sites/default/release-files/c821gj77m/6q184072s/c534h213n/NW_LS421.TXT
2023-04-19,AUSTRALIA AND NEW ZEALAND,Beef Trim,65,0-15 Days,East Coast,,,USD/cwt,FOB/TIS,https://esmis.nal.usda.gov/sites/default/release-files/c821gj77m/6q184072s/c534h213n/NW_LS421.TXT
2023-04-19,URUGUAY,Beef Trim,85,0-15 Days,,,,USD/cwt,FOB/TIS,https://esmis.nal.usda.gov/sites/default/release-files/c821gj77m/6q184072s/c534h213n/NW_LS421.TXT
2023-04-19,URUGUAY,Beef Trim,80,0-15 Days,,,,USD/cwt,FOB/TIS,https://esmis.nal.usda.gov/sites/default/release-files/c821gj77m/6q184072s/c534h213n/NW_LS421.TXT
2023-04-19,URUGUAY,Beef Trim,75,0-15 Days,,,,USD/cwt,FOB/TIS,https://esmis.nal.usda.gov/sites/default/release-files/c821gj77m/6q184072s/c534h213n/NW_LS421.TXT
2023-04-21,AUSTRALIA AND NEW ZEALAND,Beef Trim,85,0-15 Days,East Coast,254.00,255.00,USD/cwt,FOB/TIS,https://esmis.nal.usda.gov/sites/default/release-files/c821gj77m/mw22wm05g/w0893r47x/NW_LS421.TXT
2023-04-21,AUSTRALIA AND NEW ZEALAND,Beef Trim,80,0-15 Days,East Coast,,,USD/cwt,FOB/TIS,https://esmis.nal.usda.gov/sites/default/release-files/c821gj77m/mw22wm05g/w0893r47x/NW_LS421.TXT
2023-04-21,AUSTRALIA AND NEW ZEALAND,Beef Trim,75,0-15 Days,East Coast,,,USD/cwt,FOB/TIS,https://esmis.nal.usda.gov/sites/default/release-files/c821gj77m/mw22wm05g/w0893r47x/NW_LS421.TXT
2023-04-21,AUSTRALIA AND NEW ZEALAND,Beef Trim,70,0-15 Days,East Coast,,,USD/cwt,FOB/TIS,https://esmis.nal.usda.gov/sites/default/release-files/c821gj77m/mw22wm05g/w0893r47x/NW_LS421.TXT
2023-04-21,AUSTRALIA AND NEW ZEALAND,Beef Trim,65,0-15 Days,East Coast,,,USD/cwt,FOB/TIS,https://esmis.nal.usda.gov/sites/default/release-files/c821gj77m/mw22wm05g/w0893r47x/NW_LS421.TXT
2023-04-21,URUGUAY,Beef Trim,85,0-15 Days,,,,USD/cwt,FOB/TIS,https://esmis.nal.usda.gov/sites/default/release-files/c821gj77m/mw22wm05g/w0893r47x/NW_LS421.TXT
2023-04-21,URUGUAY,Beef Trim,80,0-15 Days,,,,USD/cwt,FOB/TIS,https://esmis.nal.usda.gov/sites/default/release-files/c821gj77m/mw22wm05g/w0893r47x/NW_LS421.TXT
2023-04-21,URUGUAY,Beef Trim,75,0-15 Days,,,,USD/cwt,FOB/TIS,https://esmis.nal.usda.gov/sites/default/release-files/c821gj77m/mw22wm05g/w0893r47x/NW_LS421.TXT
